station_id,lon,lat
SMAP-1,91.68568464730585,31.886774533745662
SMAP-2,91.69605809128926,31.886774533745662
SMAP-3,91.70643153527266,31.886774533745662
SMAP-4,91.71680497925605,31.886774533745662
SMAP-5,91.72717842323947,31.886774533745662
SMAP-6,91.73755186722286,31.886774533745662
SMAP-7,91.74792531120627,31.886774533745662
SMAP-8,91.75829875518967,31.886774533745662
SMAP-9,91.76867219917305,31.886774533745662
SMAP-10,91.77904564315645,31.886774533745662
SMAP-11,91.78941908713986,31.886774533745662
SMAP-12,91.79979253112327,31.886774533745662
SMAP-13,91.81016597510667,31.886774533745662
SMAP-14,91.82053941909008,31.886774533745662
SMAP-15,91.83091286307348,31.886774533745662
SMAP-16,91.84128630705689,31.886774533745662
SMAP-17,91.8516597510403,31.886774533745662
SMAP-18,91.8620331950237,31.886774533745662
SMAP-19,91.87240663900711,31.886774533745662
SMAP-20,91.8827800829905,31.886774533745662
SMAP-21,91.8931535269739,31.886774533745662
SMAP-22,91.90352697095732,31.886774533745662
SMAP-23,91.91390041494071,31.886774533745662
SMAP-24,91.92427385892411,31.886774533745662
SMAP-25,91.9346473029075,31.886774533745662
SMAP-26,91.9450207468909,31.886774533745662
SMAP-27,91.95539419087432,31.886774533745662
SMAP-28,91.9657676348577,31.886774533745662
SMAP-29,91.97614107884111,31.886774533745662
SMAP-30,91.9865145228245,31.886774533745662
SMAP-31,91.99688796680792,31.886774533745662
SMAP-32,92.00726141079133,31.886774533745662
SMAP-33,92.01763485477473,31.886774533745662
SMAP-34,92.02800829875814,31.886774533745662
SMAP-35,92.03838174274154,31.886774533745662
SMAP-36,92.04875518672495,31.886774533745662
SMAP-37,92.05912863070836,31.886774533745662
SMAP-38,92.06950207469175,31.886774533745662
SMAP-39,92.07987551867517,31.886774533745662
SMAP-40,92.09024896265855,31.886774533745662
SMAP-41,92.10062240664196,31.886774533745662
SMAP-42,92.11099585062534,31.886774533745662
SMAP-43,92.12136929460875,31.886774533745662
SMAP-44,92.13174273859217,31.886774533745662
SMAP-45,92.14211618257556,31.886774533745662
SMAP-46,92.15248962655897,31.886774533745662
SMAP-47,92.16286307054237,31.886774533745662
SMAP-48,92.17323651452577,31.886774533745662
SMAP-49,92.18360995850917,31.886774533745662
SMAP-50,92.19398340249256,31.886774533745662
SMAP-51,92.20435684647597,31.886774533745662
SMAP-52,92.21473029045937,31.886774533745662
SMAP-53,92.22510373444278,31.886774533745662
SMAP-54,92.2354771784262,31.886774533745662
SMAP-55,92.24585062240959,31.886774533745662
SMAP-56,92.256224066393,31.886774533745662
SMAP-57,92.26659751037641,31.886774533745662
SMAP-58,92.27697095435981,31.886774533745662
SMAP-59,92.28734439834318,31.886774533745662
SMAP-60,92.29771784232659,31.886774533745662
SMAP-61,92.30809128631,31.886774533745662
SMAP-62,92.3184647302934,31.886774533745662
SMAP-63,92.32883817427681,31.886774533745662
SMAP-64,92.33921161826022,31.886774533745662
SMAP-65,92.34958506224362,31.886774533745662
SMAP-66,92.35995850622703,31.886774533745662
SMAP-67,92.37033195021043,31.886774533745662
SMAP-68,92.38070539419382,31.886774533745662
SMAP-69,92.39107883817722,31.886774533745662
SMAP-70,92.40145228216062,31.886774533745662
SMAP-71,92.41182572614403,31.886774533745662
SMAP-72,92.42219917012743,31.886774533745662
SMAP-73,92.43257261411084,31.886774533745662
SMAP-74,92.44294605809425,31.886774533745662
SMAP-75,91.68568464730585,31.87756944740214
SMAP-76,91.69605809128926,31.87756944740214
SMAP-77,91.70643153527266,31.87756944740214
SMAP-78,91.71680497925605,31.87756944740214
SMAP-79,91.72717842323947,31.87756944740214
SMAP-80,91.73755186722286,31.87756944740214
SMAP-81,91.74792531120627,31.87756944740214
SMAP-82,91.75829875518967,31.87756944740214
SMAP-83,91.76867219917305,31.87756944740214
SMAP-84,91.77904564315645,31.87756944740214
SMAP-85,91.78941908713986,31.87756944740214
SMAP-86,91.79979253112327,31.87756944740214
SMAP-87,91.81016597510667,31.87756944740214
SMAP-88,91.82053941909008,31.87756944740214
SMAP-89,91.83091286307348,31.87756944740214
SMAP-90,91.84128630705689,31.87756944740214
SMAP-91,91.8516597510403,31.87756944740214
SMAP-92,91.8620331950237,31.87756944740214
SMAP-93,91.87240663900711,31.87756944740214
SMAP-94,91.8827800829905,31.87756944740214
SMAP-95,91.8931535269739,31.87756944740214
SMAP-96,91.90352697095732,31.87756944740214
SMAP-97,91.91390041494071,31.87756944740214
SMAP-98,91.92427385892411,31.87756944740214
SMAP-99,91.9346473029075,31.87756944740214
SMAP-100,91.9450207468909,31.87756944740214
SMAP-101,91.95539419087432,31.87756944740214
SMAP-102,91.9657676348577,31.87756944740214
SMAP-103,91.97614107884111,31.87756944740214
SMAP-104,91.9865145228245,31.87756944740214
SMAP-105,91.99688796680792,31.87756944740214
SMAP-106,92.00726141079133,31.87756944740214
SMAP-107,92.01763485477473,31.87756944740214
SMAP-108,92.02800829875814,31.87756944740214
SMAP-109,92.03838174274154,31.87756944740214
SMAP-110,92.04875518672495,31.87756944740214
SMAP-111,92.05912863070836,31.87756944740214
SMAP-112,92.06950207469175,31.87756944740214
SMAP-113,92.07987551867517,31.87756944740214
SMAP-114,92.09024896265855,31.87756944740214
SMAP-115,92.10062240664196,31.87756944740214
SMAP-116,92.11099585062534,31.87756944740214
SMAP-117,92.12136929460875,31.87756944740214
SMAP-118,92.13174273859217,31.87756944740214
SMAP-119,92.14211618257556,31.87756944740214
SMAP-120,92.15248962655897,31.87756944740214
SMAP-121,92.16286307054237,31.87756944740214
SMAP-122,92.17323651452577,31.87756944740214
SMAP-123,92.18360995850917,31.87756944740214
SMAP-124,92.19398340249256,31.87756944740214
SMAP-125,92.20435684647597,31.87756944740214
SMAP-126,92.21473029045937,31.87756944740214
SMAP-127,92.22510373444278,31.87756944740214
SMAP-128,92.2354771784262,31.87756944740214
SMAP-129,92.24585062240959,31.87756944740214
SMAP-130,92.256224066393,31.87756944740214
SMAP-131,92.26659751037641,31.87756944740214
SMAP-132,92.27697095435981,31.87756944740214
SMAP-133,92.28734439834318,31.87756944740214
SMAP-134,92.29771784232659,31.87756944740214
SMAP-135,92.30809128631,31.87756944740214
SMAP-136,92.3184647302934,31.87756944740214
SMAP-137,92.32883817427681,31.87756944740214
SMAP-138,92.33921161826022,31.87756944740214
SMAP-139,92.34958506224362,31.87756944740214
SMAP-140,92.35995850622703,31.87756944740214
SMAP-141,92.37033195021043,31.87756944740214
SMAP-142,92.38070539419382,31.87756944740214
SMAP-143,92.39107883817722,31.87756944740214
SMAP-144,92.40145228216062,31.87756944740214
SMAP-145,92.41182572614403,31.87756944740214
SMAP-146,92.42219917012743,31.87756944740214
SMAP-147,92.43257261411084,31.87756944740214
SMAP-148,92.44294605809425,31.87756944740214
SMAP-149,91.68568464730585,31.86836526289686
SMAP-150,91.69605809128926,31.86836526289686
SMAP-151,91.70643153527266,31.86836526289686
SMAP-152,91.71680497925605,31.86836526289686
SMAP-153,91.72717842323947,31.86836526289686
SMAP-154,91.73755186722286,31.86836526289686
SMAP-155,91.74792531120627,31.86836526289686
SMAP-156,91.75829875518967,31.86836526289686
SMAP-157,91.76867219917305,31.86836526289686
SMAP-158,91.77904564315645,31.86836526289686
SMAP-159,91.78941908713986,31.86836526289686
SMAP-160,91.79979253112327,31.86836526289686
SMAP-161,91.81016597510667,31.86836526289686
SMAP-162,91.82053941909008,31.86836526289686
SMAP-163,91.83091286307348,31.86836526289686
SMAP-164,91.84128630705689,31.86836526289686
SMAP-165,91.8516597510403,31.86836526289686
SMAP-166,91.8620331950237,31.86836526289686
SMAP-167,91.87240663900711,31.86836526289686
SMAP-168,91.8827800829905,31.86836526289686
SMAP-169,91.8931535269739,31.86836526289686
SMAP-170,91.90352697095732,31.86836526289686
SMAP-171,91.91390041494071,31.86836526289686
SMAP-172,91.92427385892411,31.86836526289686
SMAP-173,91.9346473029075,31.86836526289686
SMAP-174,91.9450207468909,31.86836526289686
SMAP-175,91.95539419087432,31.86836526289686
SMAP-176,91.9657676348577,31.86836526289686
SMAP-177,91.97614107884111,31.86836526289686
SMAP-178,91.9865145228245,31.86836526289686
SMAP-179,91.99688796680792,31.86836526289686
SMAP-180,92.00726141079133,31.86836526289686
SMAP-181,92.01763485477473,31.86836526289686
SMAP-182,92.02800829875814,31.86836526289686
SMAP-183,92.03838174274154,31.86836526289686
SMAP-184,92.04875518672495,31.86836526289686
SMAP-185,92.05912863070836,31.86836526289686
SMAP-186,92.06950207469175,31.86836526289686
SMAP-187,92.07987551867517,31.86836526289686
SMAP-188,92.09024896265855,31.86836526289686
SMAP-189,92.10062240664196,31.86836526289686
SMAP-190,92.11099585062534,31.86836526289686
SMAP-191,92.12136929460875,31.86836526289686
SMAP-192,92.13174273859217,31.86836526289686
SMAP-193,92.14211618257556,31.86836526289686
SMAP-194,92.15248962655897,31.86836526289686
SMAP-195,92.16286307054237,31.86836526289686
SMAP-196,92.17323651452577,31.86836526289686
SMAP-197,92.18360995850917,31.86836526289686
SMAP-198,92.19398340249256,31.86836526289686
SMAP-199,92.20435684647597,31.86836526289686
SMAP-200,92.21473029045937,31.86836526289686
SMAP-201,92.22510373444278,31.86836526289686
SMAP-202,92.2354771784262,31.86836526289686
SMAP-203,92.24585062240959,31.86836526289686
SMAP-204,92.256224066393,31.86836526289686
SMAP-205,92.26659751037641,31.86836526289686
SMAP-206,92.27697095435981,31.86836526289686
SMAP-207,92.28734439834318,31.86836526289686
SMAP-208,92.29771784232659,31.86836526289686
SMAP-209,92.30809128631,31.86836526289686
SMAP-210,92.3184647302934,31.86836526289686
SMAP-211,92.32883817427681,31.86836526289686
SMAP-212,92.33921161826022,31.86836526289686
SMAP-213,92.34958506224362,31.86836526289686
SMAP-214,92.35995850622703,31.86836526289686
SMAP-215,92.37033195021043,31.86836526289686
SMAP-216,92.38070539419382,31.86836526289686
SMAP-217,92.39107883817722,31.86836526289686
SMAP-218,92.40145228216062,31.86836526289686
SMAP-219,92.41182572614403,31.86836526289686
SMAP-220,92.42219917012743,31.86836526289686
SMAP-221,92.43257261411084,31.86836526289686
SMAP-222,92.44294605809425,31.86836526289686
SMAP-223,91.68568464730585,31.859161979726647
SMAP-224,91.69605809128926,31.859161979726647
SMAP-225,91.70643153527266,31.859161979726647
SMAP-226,91.71680497925605,31.859161979726647
SMAP-227,91.72717842323947,31.859161979726647
SMAP-228,91.73755186722286,31.859161979726647
SMAP-229,91.74792531120627,31.859161979726647
SMAP-230,91.75829875518967,31.859161979726647
SMAP-231,91.76867219917305,31.859161979726647
SMAP-232,91.77904564315645,31.859161979726647
SMAP-233,91.78941908713986,31.859161979726647
SMAP-234,91.79979253112327,31.859161979726647
SMAP-235,91.81016597510667,31.859161979726647
SMAP-236,91.82053941909008,31.859161979726647
SMAP-237,91.83091286307348,31.859161979726647
SMAP-238,91.84128630705689,31.859161979726647
SMAP-239,91.8516597510403,31.859161979726647
SMAP-240,91.8620331950237,31.859161979726647
SMAP-241,91.87240663900711,31.859161979726647
SMAP-242,91.8827800829905,31.859161979726647
SMAP-243,91.8931535269739,31.859161979726647
SMAP-244,91.90352697095732,31.859161979726647
SMAP-245,91.91390041494071,31.859161979726647
SMAP-246,91.92427385892411,31.859161979726647
SMAP-247,91.9346473029075,31.859161979726647
SMAP-248,91.9450207468909,31.859161979726647
SMAP-249,91.95539419087432,31.859161979726647
SMAP-250,91.9657676348577,31.859161979726647
SMAP-251,91.97614107884111,31.859161979726647
SMAP-252,91.9865145228245,31.859161979726647
SMAP-253,91.99688796680792,31.859161979726647
SMAP-254,92.00726141079133,31.859161979726647
SMAP-255,92.01763485477473,31.859161979726647
SMAP-256,92.02800829875814,31.859161979726647
SMAP-257,92.03838174274154,31.859161979726647
SMAP-258,92.04875518672495,31.859161979726647
SMAP-259,92.05912863070836,31.859161979726647
SMAP-260,92.06950207469175,31.859161979726647
SMAP-261,92.07987551867517,31.859161979726647
SMAP-262,92.09024896265855,31.859161979726647
SMAP-263,92.10062240664196,31.859161979726647
SMAP-264,92.11099585062534,31.859161979726647
SMAP-265,92.12136929460875,31.859161979726647
SMAP-266,92.13174273859217,31.859161979726647
SMAP-267,92.14211618257556,31.859161979726647
SMAP-268,92.15248962655897,31.859161979726647
SMAP-269,92.16286307054237,31.859161979726647
SMAP-270,92.17323651452577,31.859161979726647
SMAP-271,92.18360995850917,31.859161979726647
SMAP-272,92.19398340249256,31.859161979726647
SMAP-273,92.20435684647597,31.859161979726647
SMAP-274,92.21473029045937,31.859161979726647
SMAP-275,92.22510373444278,31.859161979726647
SMAP-276,92.2354771784262,31.859161979726647
SMAP-277,92.24585062240959,31.859161979726647
SMAP-278,92.256224066393,31.859161979726647
SMAP-279,92.26659751037641,31.859161979726647
SMAP-280,92.27697095435981,31.859161979726647
SMAP-281,92.28734439834318,31.859161979726647
SMAP-282,92.29771784232659,31.859161979726647
SMAP-283,92.30809128631,31.859161979726647
SMAP-284,92.3184647302934,31.859161979726647
SMAP-285,92.32883817427681,31.859161979726647
SMAP-286,92.33921161826022,31.859161979726647
SMAP-287,92.34958506224362,31.859161979726647
SMAP-288,92.35995850622703,31.859161979726647
SMAP-289,92.37033195021043,31.859161979726647
SMAP-290,92.38070539419382,31.859161979726647
SMAP-291,92.39107883817722,31.859161979726647
SMAP-292,92.40145228216062,31.859161979726647
SMAP-293,92.41182572614403,31.859161979726647
SMAP-294,92.42219917012743,31.859161979726647
SMAP-295,92.43257261411084,31.859161979726647
SMAP-296,92.44294605809425,31.859161979726647
SMAP-297,91.68568464730585,31.8499595973887
SMAP-298,91.69605809128926,31.8499595973887
SMAP-299,91.70643153527266,31.8499595973887
SMAP-300,91.71680497925605,31.8499595973887
SMAP-301,91.72717842323947,31.8499595973887
SMAP-302,91.73755186722286,31.8499595973887
SMAP-303,91.74792531120627,31.8499595973887
SMAP-304,91.75829875518967,31.8499595973887
SMAP-305,91.76867219917305,31.8499595973887
SMAP-306,91.77904564315645,31.8499595973887
SMAP-307,91.78941908713986,31.8499595973887
SMAP-308,91.79979253112327,31.8499595973887
SMAP-309,91.81016597510667,31.8499595973887
SMAP-310,91.82053941909008,31.8499595973887
SMAP-311,91.83091286307348,31.8499595973887
SMAP-312,91.84128630705689,31.8499595973887
SMAP-313,91.8516597510403,31.8499595973887
SMAP-314,91.8620331950237,31.8499595973887
SMAP-315,91.87240663900711,31.8499595973887
SMAP-316,91.8827800829905,31.8499595973887
SMAP-317,91.8931535269739,31.8499595973887
SMAP-318,91.90352697095732,31.8499595973887
SMAP-319,91.91390041494071,31.8499595973887
SMAP-320,91.92427385892411,31.8499595973887
SMAP-321,91.9346473029075,31.8499595973887
SMAP-322,91.9450207468909,31.8499595973887
SMAP-323,91.95539419087432,31.8499595973887
SMAP-324,91.9657676348577,31.8499595973887
SMAP-325,91.97614107884111,31.8499595973887
SMAP-326,91.9865145228245,31.8499595973887
SMAP-327,91.99688796680792,31.8499595973887
SMAP-328,92.00726141079133,31.8499595973887
SMAP-329,92.01763485477473,31.8499595973887
SMAP-330,92.02800829875814,31.8499595973887
SMAP-331,92.03838174274154,31.8499595973887
SMAP-332,92.04875518672495,31.8499595973887
SMAP-333,92.05912863070836,31.8499595973887
SMAP-334,92.06950207469175,31.8499595973887
SMAP-335,92.07987551867517,31.8499595973887
SMAP-336,92.09024896265855,31.8499595973887
SMAP-337,92.10062240664196,31.8499595973887
SMAP-338,92.11099585062534,31.8499595973887
SMAP-339,92.12136929460875,31.8499595973887
SMAP-340,92.13174273859217,31.8499595973887
SMAP-341,92.14211618257556,31.8499595973887
SMAP-342,92.15248962655897,31.8499595973887
SMAP-343,92.16286307054237,31.8499595973887
SMAP-344,92.17323651452577,31.8499595973887
SMAP-345,92.18360995850917,31.8499595973887
SMAP-346,92.19398340249256,31.8499595973887
SMAP-347,92.20435684647597,31.8499595973887
SMAP-348,92.21473029045937,31.8499595973887
SMAP-349,92.22510373444278,31.8499595973887
SMAP-350,92.2354771784262,31.8499595973887
SMAP-351,92.24585062240959,31.8499595973887
SMAP-352,92.256224066393,31.8499595973887
SMAP-353,92.26659751037641,31.8499595973887
SMAP-354,92.27697095435981,31.8499595973887
SMAP-355,92.28734439834318,31.8499595973887
SMAP-356,92.29771784232659,31.8499595973887
SMAP-357,92.30809128631,31.8499595973887
SMAP-358,92.3184647302934,31.8499595973887
SMAP-359,92.32883817427681,31.8499595973887
SMAP-360,92.33921161826022,31.8499595973887
SMAP-361,92.34958506224362,31.8499595973887
SMAP-362,92.35995850622703,31.8499595973887
SMAP-363,92.37033195021043,31.8499595973887
SMAP-364,92.38070539419382,31.8499595973887
SMAP-365,92.39107883817722,31.8499595973887
SMAP-366,92.40145228216062,31.8499595973887
SMAP-367,92.41182572614403,31.8499595973887
SMAP-368,92.42219917012743,31.8499595973887
SMAP-369,92.43257261411084,31.8499595973887
SMAP-370,92.44294605809425,31.8499595973887
SMAP-371,91.68568464730585,31.84075811538056
SMAP-372,91.69605809128926,31.84075811538056
SMAP-373,91.70643153527266,31.84075811538056
SMAP-374,91.71680497925605,31.84075811538056
SMAP-375,91.72717842323947,31.84075811538056
SMAP-376,91.73755186722286,31.84075811538056
SMAP-377,91.74792531120627,31.84075811538056
SMAP-378,91.75829875518967,31.84075811538056
SMAP-379,91.76867219917305,31.84075811538056
SMAP-380,91.77904564315645,31.84075811538056
SMAP-381,91.78941908713986,31.84075811538056
SMAP-382,91.79979253112327,31.84075811538056
SMAP-383,91.81016597510667,31.84075811538056
SMAP-384,91.82053941909008,31.84075811538056
SMAP-385,91.83091286307348,31.84075811538056
SMAP-386,91.84128630705689,31.84075811538056
SMAP-387,91.8516597510403,31.84075811538056
SMAP-388,91.8620331950237,31.84075811538056
SMAP-389,91.87240663900711,31.84075811538056
SMAP-390,91.8827800829905,31.84075811538056
SMAP-391,91.8931535269739,31.84075811538056
SMAP-392,91.90352697095732,31.84075811538056
SMAP-393,91.91390041494071,31.84075811538056
SMAP-394,91.92427385892411,31.84075811538056
SMAP-395,91.9346473029075,31.84075811538056
SMAP-396,91.9450207468909,31.84075811538056
SMAP-397,91.95539419087432,31.84075811538056
SMAP-398,91.9657676348577,31.84075811538056
SMAP-399,91.97614107884111,31.84075811538056
SMAP-400,91.9865145228245,31.84075811538056
SMAP-401,91.99688796680792,31.84075811538056
SMAP-402,92.00726141079133,31.84075811538056
SMAP-403,92.01763485477473,31.84075811538056
SMAP-404,92.02800829875814,31.84075811538056
SMAP-405,92.03838174274154,31.84075811538056
SMAP-406,92.04875518672495,31.84075811538056
SMAP-407,92.05912863070836,31.84075811538056
SMAP-408,92.06950207469175,31.84075811538056
SMAP-409,92.07987551867517,31.84075811538056
SMAP-410,92.09024896265855,31.84075811538056
SMAP-411,92.10062240664196,31.84075811538056
SMAP-412,92.11099585062534,31.84075811538056
SMAP-413,92.12136929460875,31.84075811538056
SMAP-414,92.13174273859217,31.84075811538056
SMAP-415,92.14211618257556,31.84075811538056
SMAP-416,92.15248962655897,31.84075811538056
SMAP-417,92.16286307054237,31.84075811538056
SMAP-418,92.17323651452577,31.84075811538056
SMAP-419,92.18360995850917,31.84075811538056
SMAP-420,92.19398340249256,31.84075811538056
SMAP-421,92.20435684647597,31.84075811538056
SMAP-422,92.21473029045937,31.84075811538056
SMAP-423,92.22510373444278,31.84075811538056
SMAP-424,92.2354771784262,31.84075811538056
SMAP-425,92.24585062240959,31.84075811538056
SMAP-426,92.256224066393,31.84075811538056
SMAP-427,92.26659751037641,31.84075811538056
SMAP-428,92.27697095435981,31.84075811538056
SMAP-429,92.28734439834318,31.84075811538056
SMAP-430,92.29771784232659,31.84075811538056
SMAP-431,92.30809128631,31.84075811538056
SMAP-432,92.3184647302934,31.84075811538056
SMAP-433,92.32883817427681,31.84075811538056
SMAP-434,92.33921161826022,31.84075811538056
SMAP-435,92.34958506224362,31.84075811538056
SMAP-436,92.35995850622703,31.84075811538056
SMAP-437,92.37033195021043,31.84075811538056
SMAP-438,92.38070539419382,31.84075811538056
SMAP-439,92.39107883817722,31.84075811538056
SMAP-440,92.40145228216062,31.84075811538056
SMAP-441,92.41182572614403,31.84075811538056
SMAP-442,92.42219917012743,31.84075811538056
SMAP-443,92.43257261411084,31.84075811538056
SMAP-444,92.44294605809425,31.84075811538056
SMAP-445,91.68568464730585,31.83155753320011
SMAP-446,91.69605809128926,31.83155753320011
SMAP-447,91.70643153527266,31.83155753320011
SMAP-448,91.71680497925605,31.83155753320011
SMAP-449,91.72717842323947,31.83155753320011
SMAP-450,91.73755186722286,31.83155753320011
SMAP-451,91.74792531120627,31.83155753320011
SMAP-452,91.75829875518967,31.83155753320011
SMAP-453,91.76867219917305,31.83155753320011
SMAP-454,91.77904564315645,31.83155753320011
SMAP-455,91.78941908713986,31.83155753320011
SMAP-456,91.79979253112327,31.83155753320011
SMAP-457,91.81016597510667,31.83155753320011
SMAP-458,91.82053941909008,31.83155753320011
SMAP-459,91.83091286307348,31.83155753320011
SMAP-460,91.84128630705689,31.83155753320011
SMAP-461,91.8516597510403,31.83155753320011
SMAP-462,91.8620331950237,31.83155753320011
SMAP-463,91.87240663900711,31.83155753320011
SMAP-464,91.8827800829905,31.83155753320011
SMAP-465,91.8931535269739,31.83155753320011
SMAP-466,91.90352697095732,31.83155753320011
SMAP-467,91.91390041494071,31.83155753320011
SMAP-468,91.92427385892411,31.83155753320011
SMAP-469,91.9346473029075,31.83155753320011
SMAP-470,91.9450207468909,31.83155753320011
SMAP-471,91.95539419087432,31.83155753320011
SMAP-472,91.9657676348577,31.83155753320011
SMAP-473,91.97614107884111,31.83155753320011
SMAP-474,91.9865145228245,31.83155753320011
SMAP-475,91.99688796680792,31.83155753320011
SMAP-476,92.00726141079133,31.83155753320011
SMAP-477,92.01763485477473,31.83155753320011
SMAP-478,92.02800829875814,31.83155753320011
SMAP-479,92.03838174274154,31.83155753320011
SMAP-480,92.04875518672495,31.83155753320011
SMAP-481,92.05912863070836,31.83155753320011
SMAP-482,92.06950207469175,31.83155753320011
SMAP-483,92.07987551867517,31.83155753320011
SMAP-484,92.09024896265855,31.83155753320011
SMAP-485,92.10062240664196,31.83155753320011
SMAP-486,92.11099585062534,31.83155753320011
SMAP-487,92.12136929460875,31.83155753320011
SMAP-488,92.13174273859217,31.83155753320011
SMAP-489,92.14211618257556,31.83155753320011
SMAP-490,92.15248962655897,31.83155753320011
SMAP-491,92.16286307054237,31.83155753320011
SMAP-492,92.17323651452577,31.83155753320011
SMAP-493,92.18360995850917,31.83155753320011
SMAP-494,92.19398340249256,31.83155753320011
SMAP-495,92.20435684647597,31.83155753320011
SMAP-496,92.21473029045937,31.83155753320011
SMAP-497,92.22510373444278,31.83155753320011
SMAP-498,92.2354771784262,31.83155753320011
SMAP-499,92.24585062240959,31.83155753320011
SMAP-500,92.256224066393,31.83155753320011
SMAP-501,92.26659751037641,31.83155753320011
SMAP-502,92.27697095435981,31.83155753320011
SMAP-503,92.28734439834318,31.83155753320011
SMAP-504,92.29771784232659,31.83155753320011
SMAP-505,92.30809128631,31.83155753320011
SMAP-506,92.3184647302934,31.83155753320011
SMAP-507,92.32883817427681,31.83155753320011
SMAP-508,92.33921161826022,31.83155753320011
SMAP-509,92.34958506224362,31.83155753320011
SMAP-510,92.35995850622703,31.83155753320011
SMAP-511,92.37033195021043,31.83155753320011
SMAP-512,92.38070539419382,31.83155753320011
SMAP-513,92.39107883817722,31.83155753320011
SMAP-514,92.40145228216062,31.83155753320011
SMAP-515,92.41182572614403,31.83155753320011
SMAP-516,92.42219917012743,31.83155753320011
SMAP-517,92.43257261411084,31.83155753320011
SMAP-518,92.44294605809425,31.83155753320011
SMAP-519,91.68568464730585,31.82235785034557
SMAP-520,91.69605809128926,31.82235785034557
SMAP-521,91.70643153527266,31.82235785034557
SMAP-522,91.71680497925605,31.82235785034557
SMAP-523,91.72717842323947,31.82235785034557
SMAP-524,91.73755186722286,31.82235785034557
SMAP-525,91.74792531120627,31.82235785034557
SMAP-526,91.75829875518967,31.82235785034557
SMAP-527,91.76867219917305,31.82235785034557
SMAP-528,91.77904564315645,31.82235785034557
SMAP-529,91.78941908713986,31.82235785034557
SMAP-530,91.79979253112327,31.82235785034557
SMAP-531,91.81016597510667,31.82235785034557
SMAP-532,91.82053941909008,31.82235785034557
SMAP-533,91.83091286307348,31.82235785034557
SMAP-534,91.84128630705689,31.82235785034557
SMAP-535,91.8516597510403,31.82235785034557
SMAP-536,91.8620331950237,31.82235785034557
SMAP-537,91.87240663900711,31.82235785034557
SMAP-538,91.8827800829905,31.82235785034557
SMAP-539,91.8931535269739,31.82235785034557
SMAP-540,91.90352697095732,31.82235785034557
SMAP-541,91.91390041494071,31.82235785034557
SMAP-542,91.92427385892411,31.82235785034557
SMAP-543,91.9346473029075,31.82235785034557
SMAP-544,91.9450207468909,31.82235785034557
SMAP-545,91.95539419087432,31.82235785034557
SMAP-546,91.9657676348577,31.82235785034557
SMAP-547,91.97614107884111,31.82235785034557
SMAP-548,91.9865145228245,31.82235785034557
SMAP-549,91.99688796680792,31.82235785034557
SMAP-550,92.00726141079133,31.82235785034557
SMAP-551,92.01763485477473,31.82235785034557
SMAP-552,92.02800829875814,31.82235785034557
SMAP-553,92.03838174274154,31.82235785034557
SMAP-554,92.04875518672495,31.82235785034557
SMAP-555,92.05912863070836,31.82235785034557
SMAP-556,92.06950207469175,31.82235785034557
SMAP-557,92.07987551867517,31.82235785034557
SMAP-558,92.09024896265855,31.82235785034557
SMAP-559,92.10062240664196,31.82235785034557
SMAP-560,92.11099585062534,31.82235785034557
SMAP-561,92.12136929460875,31.82235785034557
SMAP-562,92.13174273859217,31.82235785034557
SMAP-563,92.14211618257556,31.82235785034557
SMAP-564,92.15248962655897,31.82235785034557
SMAP-565,92.16286307054237,31.82235785034557
SMAP-566,92.17323651452577,31.82235785034557
SMAP-567,92.18360995850917,31.82235785034557
SMAP-568,92.19398340249256,31.82235785034557
SMAP-569,92.20435684647597,31.82235785034557
SMAP-570,92.21473029045937,31.82235785034557
SMAP-571,92.22510373444278,31.82235785034557
SMAP-572,92.2354771784262,31.82235785034557
SMAP-573,92.24585062240959,31.82235785034557
SMAP-574,92.256224066393,31.82235785034557
SMAP-575,92.26659751037641,31.82235785034557
SMAP-576,92.27697095435981,31.82235785034557
SMAP-577,92.28734439834318,31.82235785034557
SMAP-578,92.29771784232659,31.82235785034557
SMAP-579,92.30809128631,31.82235785034557
SMAP-580,92.3184647302934,31.82235785034557
SMAP-581,92.32883817427681,31.82235785034557
SMAP-582,92.33921161826022,31.82235785034557
SMAP-583,92.34958506224362,31.82235785034557
SMAP-584,92.35995850622703,31.82235785034557
SMAP-585,92.37033195021043,31.82235785034557
SMAP-586,92.38070539419382,31.82235785034557
SMAP-587,92.39107883817722,31.82235785034557
SMAP-588,92.40145228216062,31.82235785034557
SMAP-589,92.41182572614403,31.82235785034557
SMAP-590,92.42219917012743,31.82235785034557
SMAP-591,92.43257261411084,31.82235785034557
SMAP-592,92.44294605809425,31.82235785034557
SMAP-593,91.68568464730585,31.813159066315478
SMAP-594,91.69605809128926,31.813159066315478
SMAP-595,91.70643153527266,31.813159066315478
SMAP-596,91.71680497925605,31.813159066315478
SMAP-597,91.72717842323947,31.813159066315478
SMAP-598,91.73755186722286,31.813159066315478
SMAP-599,91.74792531120627,31.813159066315478
SMAP-600,91.75829875518967,31.813159066315478
SMAP-601,91.76867219917305,31.813159066315478
SMAP-602,91.77904564315645,31.813159066315478
SMAP-603,91.78941908713986,31.813159066315478
SMAP-604,91.79979253112327,31.813159066315478
SMAP-605,91.81016597510667,31.813159066315478
SMAP-606,91.82053941909008,31.813159066315478
SMAP-607,91.83091286307348,31.813159066315478
SMAP-608,91.84128630705689,31.813159066315478
SMAP-609,91.8516597510403,31.813159066315478
SMAP-610,91.8620331950237,31.813159066315478
SMAP-611,91.87240663900711,31.813159066315478
SMAP-612,91.8827800829905,31.813159066315478
SMAP-613,91.8931535269739,31.813159066315478
SMAP-614,91.90352697095732,31.813159066315478
SMAP-615,91.91390041494071,31.813159066315478
SMAP-616,91.92427385892411,31.813159066315478
SMAP-617,91.9346473029075,31.813159066315478
SMAP-618,91.9450207468909,31.813159066315478
SMAP-619,91.95539419087432,31.813159066315478
SMAP-620,91.9657676348577,31.813159066315478
SMAP-621,91.97614107884111,31.813159066315478
SMAP-622,91.9865145228245,31.813159066315478
SMAP-623,91.99688796680792,31.813159066315478
SMAP-624,92.00726141079133,31.813159066315478
SMAP-625,92.01763485477473,31.813159066315478
SMAP-626,92.02800829875814,31.813159066315478
SMAP-627,92.03838174274154,31.813159066315478
SMAP-628,92.04875518672495,31.813159066315478
SMAP-629,92.05912863070836,31.813159066315478
SMAP-630,92.06950207469175,31.813159066315478
SMAP-631,92.07987551867517,31.813159066315478
SMAP-632,92.09024896265855,31.813159066315478
SMAP-633,92.10062240664196,31.813159066315478
SMAP-634,92.11099585062534,31.813159066315478
SMAP-635,92.12136929460875,31.813159066315478
SMAP-636,92.13174273859217,31.813159066315478
SMAP-637,92.14211618257556,31.813159066315478
SMAP-638,92.15248962655897,31.813159066315478
SMAP-639,92.16286307054237,31.813159066315478
SMAP-640,92.17323651452577,31.813159066315478
SMAP-641,92.18360995850917,31.813159066315478
SMAP-642,92.19398340249256,31.813159066315478
SMAP-643,92.20435684647597,31.813159066315478
SMAP-644,92.21473029045937,31.813159066315478
SMAP-645,92.22510373444278,31.813159066315478
SMAP-646,92.2354771784262,31.813159066315478
SMAP-647,92.24585062240959,31.813159066315478
SMAP-648,92.256224066393,31.813159066315478
SMAP-649,92.26659751037641,31.813159066315478
SMAP-650,92.27697095435981,31.813159066315478
SMAP-651,92.28734439834318,31.813159066315478
SMAP-652,92.29771784232659,31.813159066315478
SMAP-653,92.30809128631,31.813159066315478
SMAP-654,92.3184647302934,31.813159066315478
SMAP-655,92.32883817427681,31.813159066315478
SMAP-656,92.33921161826022,31.813159066315478
SMAP-657,92.34958506224362,31.813159066315478
SMAP-658,92.35995850622703,31.813159066315478
SMAP-659,92.37033195021043,31.813159066315478
SMAP-660,92.38070539419382,31.813159066315478
SMAP-661,92.39107883817722,31.813159066315478
SMAP-662,92.40145228216062,31.813159066315478
SMAP-663,92.41182572614403,31.813159066315478
SMAP-664,92.42219917012743,31.813159066315478
SMAP-665,92.43257261411084,31.813159066315478
SMAP-666,92.44294605809425,31.813159066315478
SMAP-667,91.68568464730585,31.803961180608745
SMAP-668,91.69605809128926,31.803961180608745
SMAP-669,91.70643153527266,31.803961180608745
SMAP-670,91.71680497925605,31.803961180608745
SMAP-671,91.72717842323947,31.803961180608745
SMAP-672,91.73755186722286,31.803961180608745
SMAP-673,91.74792531120627,31.803961180608745
SMAP-674,91.75829875518967,31.803961180608745
SMAP-675,91.76867219917305,31.803961180608745
SMAP-676,91.77904564315645,31.803961180608745
SMAP-677,91.78941908713986,31.803961180608745
SMAP-678,91.79979253112327,31.803961180608745
SMAP-679,91.81016597510667,31.803961180608745
SMAP-680,91.82053941909008,31.803961180608745
SMAP-681,91.83091286307348,31.803961180608745
SMAP-682,91.84128630705689,31.803961180608745
SMAP-683,91.8516597510403,31.803961180608745
SMAP-684,91.8620331950237,31.803961180608745
SMAP-685,91.87240663900711,31.803961180608745
SMAP-686,91.8827800829905,31.803961180608745
SMAP-687,91.8931535269739,31.803961180608745
SMAP-688,91.90352697095732,31.803961180608745
SMAP-689,91.91390041494071,31.803961180608745
SMAP-690,91.92427385892411,31.803961180608745
SMAP-691,91.9346473029075,31.803961180608745
SMAP-692,91.9450207468909,31.803961180608745
SMAP-693,91.95539419087432,31.803961180608745
SMAP-694,91.9657676348577,31.803961180608745
SMAP-695,91.97614107884111,31.803961180608745
SMAP-696,91.9865145228245,31.803961180608745
SMAP-697,91.99688796680792,31.803961180608745
SMAP-698,92.00726141079133,31.803961180608745
SMAP-699,92.01763485477473,31.803961180608745
SMAP-700,92.02800829875814,31.803961180608745
SMAP-701,92.03838174274154,31.803961180608745
SMAP-702,92.04875518672495,31.803961180608745
SMAP-703,92.05912863070836,31.803961180608745
SMAP-704,92.06950207469175,31.803961180608745
SMAP-705,92.07987551867517,31.803961180608745
SMAP-706,92.09024896265855,31.803961180608745
SMAP-707,92.10062240664196,31.803961180608745
SMAP-708,92.11099585062534,31.803961180608745
SMAP-709,92.12136929460875,31.803961180608745
SMAP-710,92.13174273859217,31.803961180608745
SMAP-711,92.14211618257556,31.803961180608745
SMAP-712,92.15248962655897,31.803961180608745
SMAP-713,92.16286307054237,31.803961180608745
SMAP-714,92.17323651452577,31.803961180608745
SMAP-715,92.18360995850917,31.803961180608745
SMAP-716,92.19398340249256,31.803961180608745
SMAP-717,92.20435684647597,31.803961180608745
SMAP-718,92.21473029045937,31.803961180608745
SMAP-719,92.22510373444278,31.803961180608745
SMAP-720,92.2354771784262,31.803961180608745
SMAP-721,92.24585062240959,31.803961180608745
SMAP-722,92.256224066393,31.803961180608745
SMAP-723,92.26659751037641,31.803961180608745
SMAP-724,92.27697095435981,31.803961180608745
SMAP-725,92.28734439834318,31.803961180608745
SMAP-726,92.29771784232659,31.803961180608745
SMAP-727,92.30809128631,31.803961180608745
SMAP-728,92.3184647302934,31.803961180608745
SMAP-729,92.32883817427681,31.803961180608745
SMAP-730,92.33921161826022,31.803961180608745
SMAP-731,92.34958506224362,31.803961180608745
SMAP-732,92.35995850622703,31.803961180608745
SMAP-733,92.37033195021043,31.803961180608745
SMAP-734,92.38070539419382,31.803961180608745
SMAP-735,92.39107883817722,31.803961180608745
SMAP-736,92.40145228216062,31.803961180608745
SMAP-737,92.41182572614403,31.803961180608745
SMAP-738,92.42219917012743,31.803961180608745
SMAP-739,92.43257261411084,31.803961180608745
SMAP-740,92.44294605809425,31.803961180608745
SMAP-741,91.68568464730585,31.794764192724646
SMAP-742,91.69605809128926,31.794764192724646
SMAP-743,91.70643153527266,31.794764192724646
SMAP-744,91.71680497925605,31.794764192724646
SMAP-745,91.72717842323947,31.794764192724646
SMAP-746,91.73755186722286,31.794764192724646
SMAP-747,91.74792531120627,31.794764192724646
SMAP-748,91.75829875518967,31.794764192724646
SMAP-749,91.76867219917305,31.794764192724646
SMAP-750,91.77904564315645,31.794764192724646
SMAP-751,91.78941908713986,31.794764192724646
SMAP-752,91.79979253112327,31.794764192724646
SMAP-753,91.81016597510667,31.794764192724646
SMAP-754,91.82053941909008,31.794764192724646
SMAP-755,91.83091286307348,31.794764192724646
SMAP-756,91.84128630705689,31.794764192724646
SMAP-757,91.8516597510403,31.794764192724646
SMAP-758,91.8620331950237,31.794764192724646
SMAP-759,91.87240663900711,31.794764192724646
SMAP-760,91.8827800829905,31.794764192724646
SMAP-761,91.8931535269739,31.794764192724646
SMAP-762,91.90352697095732,31.794764192724646
SMAP-763,91.91390041494071,31.794764192724646
SMAP-764,91.92427385892411,31.794764192724646
SMAP-765,91.9346473029075,31.794764192724646
SMAP-766,91.9450207468909,31.794764192724646
SMAP-767,91.95539419087432,31.794764192724646
SMAP-768,91.9657676348577,31.794764192724646
SMAP-769,91.97614107884111,31.794764192724646
SMAP-770,91.9865145228245,31.794764192724646
SMAP-771,91.99688796680792,31.794764192724646
SMAP-772,92.00726141079133,31.794764192724646
SMAP-773,92.01763485477473,31.794764192724646
SMAP-774,92.02800829875814,31.794764192724646
SMAP-775,92.03838174274154,31.794764192724646
SMAP-776,92.04875518672495,31.794764192724646
SMAP-777,92.05912863070836,31.794764192724646
SMAP-778,92.06950207469175,31.794764192724646
SMAP-779,92.07987551867517,31.794764192724646
SMAP-780,92.09024896265855,31.794764192724646
SMAP-781,92.10062240664196,31.794764192724646
SMAP-782,92.11099585062534,31.794764192724646
SMAP-783,92.12136929460875,31.794764192724646
SMAP-784,92.13174273859217,31.794764192724646
SMAP-785,92.14211618257556,31.794764192724646
SMAP-786,92.15248962655897,31.794764192724646
SMAP-787,92.16286307054237,31.794764192724646
SMAP-788,92.17323651452577,31.794764192724646
SMAP-789,92.18360995850917,31.794764192724646
SMAP-790,92.19398340249256,31.794764192724646
SMAP-791,92.20435684647597,31.794764192724646
SMAP-792,92.21473029045937,31.794764192724646
SMAP-793,92.22510373444278,31.794764192724646
SMAP-794,92.2354771784262,31.794764192724646
SMAP-795,92.24585062240959,31.794764192724646
SMAP-796,92.256224066393,31.794764192724646
SMAP-797,92.26659751037641,31.794764192724646
SMAP-798,92.27697095435981,31.794764192724646
SMAP-799,92.28734439834318,31.794764192724646
SMAP-800,92.29771784232659,31.794764192724646
SMAP-801,92.30809128631,31.794764192724646
SMAP-802,92.3184647302934,31.794764192724646
SMAP-803,92.32883817427681,31.794764192724646
SMAP-804,92.33921161826022,31.794764192724646
SMAP-805,92.34958506224362,31.794764192724646
SMAP-806,92.35995850622703,31.794764192724646
SMAP-807,92.37033195021043,31.794764192724646
SMAP-808,92.38070539419382,31.794764192724646
SMAP-809,92.39107883817722,31.794764192724646
SMAP-810,92.40145228216062,31.794764192724646
SMAP-811,92.41182572614403,31.794764192724646
SMAP-812,92.42219917012743,31.794764192724646
SMAP-813,92.43257261411084,31.794764192724646
SMAP-814,92.44294605809425,31.794764192724646
SMAP-815,91.68568464730585,31.78556810216273
SMAP-816,91.69605809128926,31.78556810216273
SMAP-817,91.70643153527266,31.78556810216273
SMAP-818,91.71680497925605,31.78556810216273
SMAP-819,91.72717842323947,31.78556810216273
SMAP-820,91.73755186722286,31.78556810216273
SMAP-821,91.74792531120627,31.78556810216273
SMAP-822,91.75829875518967,31.78556810216273
SMAP-823,91.76867219917305,31.78556810216273
SMAP-824,91.77904564315645,31.78556810216273
SMAP-825,91.78941908713986,31.78556810216273
SMAP-826,91.79979253112327,31.78556810216273
SMAP-827,91.81016597510667,31.78556810216273
SMAP-828,91.82053941909008,31.78556810216273
SMAP-829,91.83091286307348,31.78556810216273
SMAP-830,91.84128630705689,31.78556810216273
SMAP-831,91.8516597510403,31.78556810216273
SMAP-832,91.8620331950237,31.78556810216273
SMAP-833,91.87240663900711,31.78556810216273
SMAP-834,91.8827800829905,31.78556810216273
SMAP-835,91.8931535269739,31.78556810216273
SMAP-836,91.90352697095732,31.78556810216273
SMAP-837,91.91390041494071,31.78556810216273
SMAP-838,91.92427385892411,31.78556810216273
SMAP-839,91.9346473029075,31.78556810216273
SMAP-840,91.9450207468909,31.78556810216273
SMAP-841,91.95539419087432,31.78556810216273
SMAP-842,91.9657676348577,31.78556810216273
SMAP-843,91.97614107884111,31.78556810216273
SMAP-844,91.9865145228245,31.78556810216273
SMAP-845,91.99688796680792,31.78556810216273
SMAP-846,92.00726141079133,31.78556810216273
SMAP-847,92.01763485477473,31.78556810216273
SMAP-848,92.02800829875814,31.78556810216273
SMAP-849,92.03838174274154,31.78556810216273
SMAP-850,92.04875518672495,31.78556810216273
SMAP-851,92.05912863070836,31.78556810216273
SMAP-852,92.06950207469175,31.78556810216273
SMAP-853,92.07987551867517,31.78556810216273
SMAP-854,92.09024896265855,31.78556810216273
SMAP-855,92.10062240664196,31.78556810216273
SMAP-856,92.11099585062534,31.78556810216273
SMAP-857,92.12136929460875,31.78556810216273
SMAP-858,92.13174273859217,31.78556810216273
SMAP-859,92.14211618257556,31.78556810216273
SMAP-860,92.15248962655897,31.78556810216273
SMAP-861,92.16286307054237,31.78556810216273
SMAP-862,92.17323651452577,31.78556810216273
SMAP-863,92.18360995850917,31.78556810216273
SMAP-864,92.19398340249256,31.78556810216273
SMAP-865,92.20435684647597,31.78556810216273
SMAP-866,92.21473029045937,31.78556810216273
SMAP-867,92.22510373444278,31.78556810216273
SMAP-868,92.2354771784262,31.78556810216273
SMAP-869,92.24585062240959,31.78556810216273
SMAP-870,92.256224066393,31.78556810216273
SMAP-871,92.26659751037641,31.78556810216273
SMAP-872,92.27697095435981,31.78556810216273
SMAP-873,92.28734439834318,31.78556810216273
SMAP-874,92.29771784232659,31.78556810216273
SMAP-875,92.30809128631,31.78556810216273
SMAP-876,92.3184647302934,31.78556810216273
SMAP-877,92.32883817427681,31.78556810216273
SMAP-878,92.33921161826022,31.78556810216273
SMAP-879,92.34958506224362,31.78556810216273
SMAP-880,92.35995850622703,31.78556810216273
SMAP-881,92.37033195021043,31.78556810216273
SMAP-882,92.38070539419382,31.78556810216273
SMAP-883,92.39107883817722,31.78556810216273
SMAP-884,92.40145228216062,31.78556810216273
SMAP-885,92.41182572614403,31.78556810216273
SMAP-886,92.42219917012743,31.78556810216273
SMAP-887,92.43257261411084,31.78556810216273
SMAP-888,92.44294605809425,31.78556810216273
SMAP-889,91.68568464730585,31.776372908422925
SMAP-890,91.69605809128926,31.776372908422925
SMAP-891,91.70643153527266,31.776372908422925
SMAP-892,91.71680497925605,31.776372908422925
SMAP-893,91.72717842323947,31.776372908422925
SMAP-894,91.73755186722286,31.776372908422925
SMAP-895,91.74792531120627,31.776372908422925
SMAP-896,91.75829875518967,31.776372908422925
SMAP-897,91.76867219917305,31.776372908422925
SMAP-898,91.77904564315645,31.776372908422925
SMAP-899,91.78941908713986,31.776372908422925
SMAP-900,91.79979253112327,31.776372908422925
SMAP-901,91.81016597510667,31.776372908422925
SMAP-902,91.82053941909008,31.776372908422925
SMAP-903,91.83091286307348,31.776372908422925
SMAP-904,91.84128630705689,31.776372908422925
SMAP-905,91.8516597510403,31.776372908422925
SMAP-906,91.8620331950237,31.776372908422925
SMAP-907,91.87240663900711,31.776372908422925
SMAP-908,91.8827800829905,31.776372908422925
SMAP-909,91.8931535269739,31.776372908422925
SMAP-910,91.90352697095732,31.776372908422925
SMAP-911,91.91390041494071,31.776372908422925
SMAP-912,91.92427385892411,31.776372908422925
SMAP-913,91.9346473029075,31.776372908422925
SMAP-914,91.9450207468909,31.776372908422925
SMAP-915,91.95539419087432,31.776372908422925
SMAP-916,91.9657676348577,31.776372908422925
SMAP-917,91.97614107884111,31.776372908422925
SMAP-918,91.9865145228245,31.776372908422925
SMAP-919,91.99688796680792,31.776372908422925
SMAP-920,92.00726141079133,31.776372908422925
SMAP-921,92.01763485477473,31.776372908422925
SMAP-922,92.02800829875814,31.776372908422925
SMAP-923,92.03838174274154,31.776372908422925
SMAP-924,92.04875518672495,31.776372908422925
SMAP-925,92.05912863070836,31.776372908422925
SMAP-926,92.06950207469175,31.776372908422925
SMAP-927,92.07987551867517,31.776372908422925
SMAP-928,92.09024896265855,31.776372908422925
SMAP-929,92.10062240664196,31.776372908422925
SMAP-930,92.11099585062534,31.776372908422925
SMAP-931,92.12136929460875,31.776372908422925
SMAP-932,92.13174273859217,31.776372908422925
SMAP-933,92.14211618257556,31.776372908422925
SMAP-934,92.15248962655897,31.776372908422925
SMAP-935,92.16286307054237,31.776372908422925
SMAP-936,92.17323651452577,31.776372908422925
SMAP-937,92.18360995850917,31.776372908422925
SMAP-938,92.19398340249256,31.776372908422925
SMAP-939,92.20435684647597,31.776372908422925
SMAP-940,92.21473029045937,31.776372908422925
SMAP-941,92.22510373444278,31.776372908422925
SMAP-942,92.2354771784262,31.776372908422925
SMAP-943,92.24585062240959,31.776372908422925
SMAP-944,92.256224066393,31.776372908422925
SMAP-945,92.26659751037641,31.776372908422925
SMAP-946,92.27697095435981,31.776372908422925
SMAP-947,92.28734439834318,31.776372908422925
SMAP-948,92.29771784232659,31.776372908422925
SMAP-949,92.30809128631,31.776372908422925
SMAP-950,92.3184647302934,31.776372908422925
SMAP-951,92.32883817427681,31.776372908422925
SMAP-952,92.33921161826022,31.776372908422925
SMAP-953,92.34958506224362,31.776372908422925
SMAP-954,92.35995850622703,31.776372908422925
SMAP-955,92.37033195021043,31.776372908422925
SMAP-956,92.38070539419382,31.776372908422925
SMAP-957,92.39107883817722,31.776372908422925
SMAP-958,92.40145228216062,31.776372908422925
SMAP-959,92.41182572614403,31.776372908422925
SMAP-960,92.42219917012743,31.776372908422925
SMAP-961,92.43257261411084,31.776372908422925
SMAP-962,92.44294605809425,31.776372908422925
SMAP-963,91.68568464730585,31.767178611005527
SMAP-964,91.69605809128926,31.767178611005527
SMAP-965,91.70643153527266,31.767178611005527
SMAP-966,91.71680497925605,31.767178611005527
SMAP-967,91.72717842323947,31.767178611005527
SMAP-968,91.73755186722286,31.767178611005527
SMAP-969,91.74792531120627,31.767178611005527
SMAP-970,91.75829875518967,31.767178611005527
SMAP-971,91.76867219917305,31.767178611005527
SMAP-972,91.77904564315645,31.767178611005527
SMAP-973,91.78941908713986,31.767178611005527
SMAP-974,91.79979253112327,31.767178611005527
SMAP-975,91.81016597510667,31.767178611005527
SMAP-976,91.82053941909008,31.767178611005527
SMAP-977,91.83091286307348,31.767178611005527
SMAP-978,91.84128630705689,31.767178611005527
SMAP-979,91.8516597510403,31.767178611005527
SMAP-980,91.8620331950237,31.767178611005527
SMAP-981,91.87240663900711,31.767178611005527
SMAP-982,91.8827800829905,31.767178611005527
SMAP-983,91.8931535269739,31.767178611005527
SMAP-984,91.90352697095732,31.767178611005527
SMAP-985,91.91390041494071,31.767178611005527
SMAP-986,91.92427385892411,31.767178611005527
SMAP-987,91.9346473029075,31.767178611005527
SMAP-988,91.9450207468909,31.767178611005527
SMAP-989,91.95539419087432,31.767178611005527
SMAP-990,91.9657676348577,31.767178611005527
SMAP-991,91.97614107884111,31.767178611005527
SMAP-992,91.9865145228245,31.767178611005527
SMAP-993,91.99688796680792,31.767178611005527
SMAP-994,92.00726141079133,31.767178611005527
SMAP-995,92.01763485477473,31.767178611005527
SMAP-996,92.02800829875814,31.767178611005527
SMAP-997,92.03838174274154,31.767178611005527
SMAP-998,92.04875518672495,31.767178611005527
SMAP-999,92.05912863070836,31.767178611005527
SMAP-1000,92.06950207469175,31.767178611005527
SMAP-1001,92.07987551867517,31.767178611005527
SMAP-1002,92.09024896265855,31.767178611005527
SMAP-1003,92.10062240664196,31.767178611005527
SMAP-1004,92.11099585062534,31.767178611005527
SMAP-1005,92.12136929460875,31.767178611005527
SMAP-1006,92.13174273859217,31.767178611005527
SMAP-1007,92.14211618257556,31.767178611005527
SMAP-1008,92.15248962655897,31.767178611005527
SMAP-1009,92.16286307054237,31.767178611005527
SMAP-1010,92.17323651452577,31.767178611005527
SMAP-1011,92.18360995850917,31.767178611005527
SMAP-1012,92.19398340249256,31.767178611005527
SMAP-1013,92.20435684647597,31.767178611005527
SMAP-1014,92.21473029045937,31.767178611005527
SMAP-1015,92.22510373444278,31.767178611005527
SMAP-1016,92.2354771784262,31.767178611005527
SMAP-1017,92.24585062240959,31.767178611005527
SMAP-1018,92.256224066393,31.767178611005527
SMAP-1019,92.26659751037641,31.767178611005527
SMAP-1020,92.27697095435981,31.767178611005527
SMAP-1021,92.28734439834318,31.767178611005527
SMAP-1022,92.29771784232659,31.767178611005527
SMAP-1023,92.30809128631,31.767178611005527
SMAP-1024,92.3184647302934,31.767178611005527
SMAP-1025,92.32883817427681,31.767178611005527
SMAP-1026,92.33921161826022,31.767178611005527
SMAP-1027,92.34958506224362,31.767178611005527
SMAP-1028,92.35995850622703,31.767178611005527
SMAP-1029,92.37033195021043,31.767178611005527
SMAP-1030,92.38070539419382,31.767178611005527
SMAP-1031,92.39107883817722,31.767178611005527
SMAP-1032,92.40145228216062,31.767178611005527
SMAP-1033,92.41182572614403,31.767178611005527
SMAP-1034,92.42219917012743,31.767178611005527
SMAP-1035,92.43257261411084,31.767178611005527
SMAP-1036,92.44294605809425,31.767178611005527
SMAP-1037,91.68568464730585,31.757985209411117
SMAP-1038,91.69605809128926,31.757985209411117
SMAP-1039,91.70643153527266,31.757985209411117
SMAP-1040,91.71680497925605,31.757985209411117
SMAP-1041,91.72717842323947,31.757985209411117
SMAP-1042,91.73755186722286,31.757985209411117
SMAP-1043,91.74792531120627,31.757985209411117
SMAP-1044,91.75829875518967,31.757985209411117
SMAP-1045,91.76867219917305,31.757985209411117
SMAP-1046,91.77904564315645,31.757985209411117
SMAP-1047,91.78941908713986,31.757985209411117
SMAP-1048,91.79979253112327,31.757985209411117
SMAP-1049,91.81016597510667,31.757985209411117
SMAP-1050,91.82053941909008,31.757985209411117
SMAP-1051,91.83091286307348,31.757985209411117
SMAP-1052,91.84128630705689,31.757985209411117
SMAP-1053,91.8516597510403,31.757985209411117
SMAP-1054,91.8620331950237,31.757985209411117
SMAP-1055,91.87240663900711,31.757985209411117
SMAP-1056,91.8827800829905,31.757985209411117
SMAP-1057,91.8931535269739,31.757985209411117
SMAP-1058,91.90352697095732,31.757985209411117
SMAP-1059,91.91390041494071,31.757985209411117
SMAP-1060,91.92427385892411,31.757985209411117
SMAP-1061,91.9346473029075,31.757985209411117
SMAP-1062,91.9450207468909,31.757985209411117
SMAP-1063,91.95539419087432,31.757985209411117
SMAP-1064,91.9657676348577,31.757985209411117
SMAP-1065,91.97614107884111,31.757985209411117
SMAP-1066,91.9865145228245,31.757985209411117
SMAP-1067,91.99688796680792,31.757985209411117
SMAP-1068,92.00726141079133,31.757985209411117
SMAP-1069,92.01763485477473,31.757985209411117
SMAP-1070,92.02800829875814,31.757985209411117
SMAP-1071,92.03838174274154,31.757985209411117
SMAP-1072,92.04875518672495,31.757985209411117
SMAP-1073,92.05912863070836,31.757985209411117
SMAP-1074,92.06950207469175,31.757985209411117
SMAP-1075,92.07987551867517,31.757985209411117
SMAP-1076,92.09024896265855,31.757985209411117
SMAP-1077,92.10062240664196,31.757985209411117
SMAP-1078,92.11099585062534,31.757985209411117
SMAP-1079,92.12136929460875,31.757985209411117
SMAP-1080,92.13174273859217,31.757985209411117
SMAP-1081,92.14211618257556,31.757985209411117
SMAP-1082,92.15248962655897,31.757985209411117
SMAP-1083,92.16286307054237,31.757985209411117
SMAP-1084,92.17323651452577,31.757985209411117
SMAP-1085,92.18360995850917,31.757985209411117
SMAP-1086,92.19398340249256,31.757985209411117
SMAP-1087,92.20435684647597,31.757985209411117
SMAP-1088,92.21473029045937,31.757985209411117
SMAP-1089,92.22510373444278,31.757985209411117
SMAP-1090,92.2354771784262,31.757985209411117
SMAP-1091,92.24585062240959,31.757985209411117
SMAP-1092,92.256224066393,31.757985209411117
SMAP-1093,92.26659751037641,31.757985209411117
SMAP-1094,92.27697095435981,31.757985209411117
SMAP-1095,92.28734439834318,31.757985209411117
SMAP-1096,92.29771784232659,31.757985209411117
SMAP-1097,92.30809128631,31.757985209411117
SMAP-1098,92.3184647302934,31.757985209411117
SMAP-1099,92.32883817427681,31.757985209411117
SMAP-1100,92.33921161826022,31.757985209411117
SMAP-1101,92.34958506224362,31.757985209411117
SMAP-1102,92.35995850622703,31.757985209411117
SMAP-1103,92.37033195021043,31.757985209411117
SMAP-1104,92.38070539419382,31.757985209411117
SMAP-1105,92.39107883817722,31.757985209411117
SMAP-1106,92.40145228216062,31.757985209411117
SMAP-1107,92.41182572614403,31.757985209411117
SMAP-1108,92.42219917012743,31.757985209411117
SMAP-1109,92.43257261411084,31.757985209411117
SMAP-1110,92.44294605809425,31.757985209411117
SMAP-1111,91.68568464730585,31.748792703140648
SMAP-1112,91.69605809128926,31.748792703140648
SMAP-1113,91.70643153527266,31.748792703140648
SMAP-1114,91.71680497925605,31.748792703140648
SMAP-1115,91.72717842323947,31.748792703140648
SMAP-1116,91.73755186722286,31.748792703140648
SMAP-1117,91.74792531120627,31.748792703140648
SMAP-1118,91.75829875518967,31.748792703140648
SMAP-1119,91.76867219917305,31.748792703140648
SMAP-1120,91.77904564315645,31.748792703140648
SMAP-1121,91.78941908713986,31.748792703140648
SMAP-1122,91.79979253112327,31.748792703140648
SMAP-1123,91.81016597510667,31.748792703140648
SMAP-1124,91.82053941909008,31.748792703140648
SMAP-1125,91.83091286307348,31.748792703140648
SMAP-1126,91.84128630705689,31.748792703140648
SMAP-1127,91.8516597510403,31.748792703140648
SMAP-1128,91.8620331950237,31.748792703140648
SMAP-1129,91.87240663900711,31.748792703140648
SMAP-1130,91.8827800829905,31.748792703140648
SMAP-1131,91.8931535269739,31.748792703140648
SMAP-1132,91.90352697095732,31.748792703140648
SMAP-1133,91.91390041494071,31.748792703140648
SMAP-1134,91.92427385892411,31.748792703140648
SMAP-1135,91.9346473029075,31.748792703140648
SMAP-1136,91.9450207468909,31.748792703140648
SMAP-1137,91.95539419087432,31.748792703140648
SMAP-1138,91.9657676348577,31.748792703140648
SMAP-1139,91.97614107884111,31.748792703140648
SMAP-1140,91.9865145228245,31.748792703140648
SMAP-1141,91.99688796680792,31.748792703140648
SMAP-1142,92.00726141079133,31.748792703140648
SMAP-1143,92.01763485477473,31.748792703140648
SMAP-1144,92.02800829875814,31.748792703140648
SMAP-1145,92.03838174274154,31.748792703140648
SMAP-1146,92.04875518672495,31.748792703140648
SMAP-1147,92.05912863070836,31.748792703140648
SMAP-1148,92.06950207469175,31.748792703140648
SMAP-1149,92.07987551867517,31.748792703140648
SMAP-1150,92.09024896265855,31.748792703140648
SMAP-1151,92.10062240664196,31.748792703140648
SMAP-1152,92.11099585062534,31.748792703140648
SMAP-1153,92.12136929460875,31.748792703140648
SMAP-1154,92.13174273859217,31.748792703140648
SMAP-1155,92.14211618257556,31.748792703140648
SMAP-1156,92.15248962655897,31.748792703140648
SMAP-1157,92.16286307054237,31.748792703140648
SMAP-1158,92.17323651452577,31.748792703140648
SMAP-1159,92.18360995850917,31.748792703140648
SMAP-1160,92.19398340249256,31.748792703140648
SMAP-1161,92.20435684647597,31.748792703140648
SMAP-1162,92.21473029045937,31.748792703140648
SMAP-1163,92.22510373444278,31.748792703140648
SMAP-1164,92.2354771784262,31.748792703140648
SMAP-1165,92.24585062240959,31.748792703140648
SMAP-1166,92.256224066393,31.748792703140648
SMAP-1167,92.26659751037641,31.748792703140648
SMAP-1168,92.27697095435981,31.748792703140648
SMAP-1169,92.28734439834318,31.748792703140648
SMAP-1170,92.29771784232659,31.748792703140648
SMAP-1171,92.30809128631,31.748792703140648
SMAP-1172,92.3184647302934,31.748792703140648
SMAP-1173,92.32883817427681,31.748792703140648
SMAP-1174,92.33921161826022,31.748792703140648
SMAP-1175,92.34958506224362,31.748792703140648
SMAP-1176,92.35995850622703,31.748792703140648
SMAP-1177,92.37033195021043,31.748792703140648
SMAP-1178,92.38070539419382,31.748792703140648
SMAP-1179,92.39107883817722,31.748792703140648
SMAP-1180,92.40145228216062,31.748792703140648
SMAP-1181,92.41182572614403,31.748792703140648
SMAP-1182,92.42219917012743,31.748792703140648
SMAP-1183,92.43257261411084,31.748792703140648
SMAP-1184,92.44294605809425,31.748792703140648
SMAP-1185,91.68568464730585,31.739601091695388
SMAP-1186,91.69605809128926,31.739601091695388
SMAP-1187,91.70643153527266,31.739601091695388
SMAP-1188,91.71680497925605,31.739601091695388
SMAP-1189,91.72717842323947,31.739601091695388
SMAP-1190,91.73755186722286,31.739601091695388
SMAP-1191,91.74792531120627,31.739601091695388
SMAP-1192,91.75829875518967,31.739601091695388
SMAP-1193,91.76867219917305,31.739601091695388
SMAP-1194,91.77904564315645,31.739601091695388
SMAP-1195,91.78941908713986,31.739601091695388
SMAP-1196,91.79979253112327,31.739601091695388
SMAP-1197,91.81016597510667,31.739601091695388
SMAP-1198,91.82053941909008,31.739601091695388
SMAP-1199,91.83091286307348,31.739601091695388
SMAP-1200,91.84128630705689,31.739601091695388
SMAP-1201,91.8516597510403,31.739601091695388
SMAP-1202,91.8620331950237,31.739601091695388
SMAP-1203,91.87240663900711,31.739601091695388
SMAP-1204,91.8827800829905,31.739601091695388
SMAP-1205,91.8931535269739,31.739601091695388
SMAP-1206,91.90352697095732,31.739601091695388
SMAP-1207,91.91390041494071,31.739601091695388
SMAP-1208,91.92427385892411,31.739601091695388
SMAP-1209,91.9346473029075,31.739601091695388
SMAP-1210,91.9450207468909,31.739601091695388
SMAP-1211,91.95539419087432,31.739601091695388
SMAP-1212,91.9657676348577,31.739601091695388
SMAP-1213,91.97614107884111,31.739601091695388
SMAP-1214,91.9865145228245,31.739601091695388
SMAP-1215,91.99688796680792,31.739601091695388
SMAP-1216,92.00726141079133,31.739601091695388
SMAP-1217,92.01763485477473,31.739601091695388
SMAP-1218,92.02800829875814,31.739601091695388
SMAP-1219,92.03838174274154,31.739601091695388
SMAP-1220,92.04875518672495,31.739601091695388
SMAP-1221,92.05912863070836,31.739601091695388
SMAP-1222,92.06950207469175,31.739601091695388
SMAP-1223,92.07987551867517,31.739601091695388
SMAP-1224,92.09024896265855,31.739601091695388
SMAP-1225,92.10062240664196,31.739601091695388
SMAP-1226,92.11099585062534,31.739601091695388
SMAP-1227,92.12136929460875,31.739601091695388
SMAP-1228,92.13174273859217,31.739601091695388
SMAP-1229,92.14211618257556,31.739601091695388
SMAP-1230,92.15248962655897,31.739601091695388
SMAP-1231,92.16286307054237,31.739601091695388
SMAP-1232,92.17323651452577,31.739601091695388
SMAP-1233,92.18360995850917,31.739601091695388
SMAP-1234,92.19398340249256,31.739601091695388
SMAP-1235,92.20435684647597,31.739601091695388
SMAP-1236,92.21473029045937,31.739601091695388
SMAP-1237,92.22510373444278,31.739601091695388
SMAP-1238,92.2354771784262,31.739601091695388
SMAP-1239,92.24585062240959,31.739601091695388
SMAP-1240,92.256224066393,31.739601091695388
SMAP-1241,92.26659751037641,31.739601091695388
SMAP-1242,92.27697095435981,31.739601091695388
SMAP-1243,92.28734439834318,31.739601091695388
SMAP-1244,92.29771784232659,31.739601091695388
SMAP-1245,92.30809128631,31.739601091695388
SMAP-1246,92.3184647302934,31.739601091695388
SMAP-1247,92.32883817427681,31.739601091695388
SMAP-1248,92.33921161826022,31.739601091695388
SMAP-1249,92.34958506224362,31.739601091695388
SMAP-1250,92.35995850622703,31.739601091695388
SMAP-1251,92.37033195021043,31.739601091695388
SMAP-1252,92.38070539419382,31.739601091695388
SMAP-1253,92.39107883817722,31.739601091695388
SMAP-1254,92.40145228216062,31.739601091695388
SMAP-1255,92.41182572614403,31.739601091695388
SMAP-1256,92.42219917012743,31.739601091695388
SMAP-1257,92.43257261411084,31.739601091695388
SMAP-1258,92.44294605809425,31.739601091695388
SMAP-1259,91.68568464730585,31.730410374576987
SMAP-1260,91.69605809128926,31.730410374576987
SMAP-1261,91.70643153527266,31.730410374576987
SMAP-1262,91.71680497925605,31.730410374576987
SMAP-1263,91.72717842323947,31.730410374576987
SMAP-1264,91.73755186722286,31.730410374576987
SMAP-1265,91.74792531120627,31.730410374576987
SMAP-1266,91.75829875518967,31.730410374576987
SMAP-1267,91.76867219917305,31.730410374576987
SMAP-1268,91.77904564315645,31.730410374576987
SMAP-1269,91.78941908713986,31.730410374576987
SMAP-1270,91.79979253112327,31.730410374576987
SMAP-1271,91.81016597510667,31.730410374576987
SMAP-1272,91.82053941909008,31.730410374576987
SMAP-1273,91.83091286307348,31.730410374576987
SMAP-1274,91.84128630705689,31.730410374576987
SMAP-1275,91.8516597510403,31.730410374576987
SMAP-1276,91.8620331950237,31.730410374576987
SMAP-1277,91.87240663900711,31.730410374576987
SMAP-1278,91.8827800829905,31.730410374576987
SMAP-1279,91.8931535269739,31.730410374576987
SMAP-1280,91.90352697095732,31.730410374576987
SMAP-1281,91.91390041494071,31.730410374576987
SMAP-1282,91.92427385892411,31.730410374576987
SMAP-1283,91.9346473029075,31.730410374576987
SMAP-1284,91.9450207468909,31.730410374576987
SMAP-1285,91.95539419087432,31.730410374576987
SMAP-1286,91.9657676348577,31.730410374576987
SMAP-1287,91.97614107884111,31.730410374576987
SMAP-1288,91.9865145228245,31.730410374576987
SMAP-1289,91.99688796680792,31.730410374576987
SMAP-1290,92.00726141079133,31.730410374576987
SMAP-1291,92.01763485477473,31.730410374576987
SMAP-1292,92.02800829875814,31.730410374576987
SMAP-1293,92.03838174274154,31.730410374576987
SMAP-1294,92.04875518672495,31.730410374576987
SMAP-1295,92.05912863070836,31.730410374576987
SMAP-1296,92.06950207469175,31.730410374576987
SMAP-1297,92.07987551867517,31.730410374576987
SMAP-1298,92.09024896265855,31.730410374576987
SMAP-1299,92.10062240664196,31.730410374576987
SMAP-1300,92.11099585062534,31.730410374576987
SMAP-1301,92.12136929460875,31.730410374576987
SMAP-1302,92.13174273859217,31.730410374576987
SMAP-1303,92.14211618257556,31.730410374576987
SMAP-1304,92.15248962655897,31.730410374576987
SMAP-1305,92.16286307054237,31.730410374576987
SMAP-1306,92.17323651452577,31.730410374576987
SMAP-1307,92.18360995850917,31.730410374576987
SMAP-1308,92.19398340249256,31.730410374576987
SMAP-1309,92.20435684647597,31.730410374576987
SMAP-1310,92.21473029045937,31.730410374576987
SMAP-1311,92.22510373444278,31.730410374576987
SMAP-1312,92.2354771784262,31.730410374576987
SMAP-1313,92.24585062240959,31.730410374576987
SMAP-1314,92.256224066393,31.730410374576987
SMAP-1315,92.26659751037641,31.730410374576987
SMAP-1316,92.27697095435981,31.730410374576987
SMAP-1317,92.28734439834318,31.730410374576987
SMAP-1318,92.29771784232659,31.730410374576987
SMAP-1319,92.30809128631,31.730410374576987
SMAP-1320,92.3184647302934,31.730410374576987
SMAP-1321,92.32883817427681,31.730410374576987
SMAP-1322,92.33921161826022,31.730410374576987
SMAP-1323,92.34958506224362,31.730410374576987
SMAP-1324,92.35995850622703,31.730410374576987
SMAP-1325,92.37033195021043,31.730410374576987
SMAP-1326,92.38070539419382,31.730410374576987
SMAP-1327,92.39107883817722,31.730410374576987
SMAP-1328,92.40145228216062,31.730410374576987
SMAP-1329,92.41182572614403,31.730410374576987
SMAP-1330,92.42219917012743,31.730410374576987
SMAP-1331,92.43257261411084,31.730410374576987
SMAP-1332,92.44294605809425,31.730410374576987
SMAP-1333,91.68568464730585,31.72122055128738
SMAP-1334,91.69605809128926,31.72122055128738
SMAP-1335,91.70643153527266,31.72122055128738
SMAP-1336,91.71680497925605,31.72122055128738
SMAP-1337,91.72717842323947,31.72122055128738
SMAP-1338,91.73755186722286,31.72122055128738
SMAP-1339,91.74792531120627,31.72122055128738
SMAP-1340,91.75829875518967,31.72122055128738
SMAP-1341,91.76867219917305,31.72122055128738
SMAP-1342,91.77904564315645,31.72122055128738
SMAP-1343,91.78941908713986,31.72122055128738
SMAP-1344,91.79979253112327,31.72122055128738
SMAP-1345,91.81016597510667,31.72122055128738
SMAP-1346,91.82053941909008,31.72122055128738
SMAP-1347,91.83091286307348,31.72122055128738
SMAP-1348,91.84128630705689,31.72122055128738
SMAP-1349,91.8516597510403,31.72122055128738
SMAP-1350,91.8620331950237,31.72122055128738
SMAP-1351,91.87240663900711,31.72122055128738
SMAP-1352,91.8827800829905,31.72122055128738
SMAP-1353,91.8931535269739,31.72122055128738
SMAP-1354,91.90352697095732,31.72122055128738
SMAP-1355,91.91390041494071,31.72122055128738
SMAP-1356,91.92427385892411,31.72122055128738
SMAP-1357,91.9346473029075,31.72122055128738
SMAP-1358,91.9450207468909,31.72122055128738
SMAP-1359,91.95539419087432,31.72122055128738
SMAP-1360,91.9657676348577,31.72122055128738
SMAP-1361,91.97614107884111,31.72122055128738
SMAP-1362,91.9865145228245,31.72122055128738
SMAP-1363,91.99688796680792,31.72122055128738
SMAP-1364,92.00726141079133,31.72122055128738
SMAP-1365,92.01763485477473,31.72122055128738
SMAP-1366,92.02800829875814,31.72122055128738
SMAP-1367,92.03838174274154,31.72122055128738
SMAP-1368,92.04875518672495,31.72122055128738
SMAP-1369,92.05912863070836,31.72122055128738
SMAP-1370,92.06950207469175,31.72122055128738
SMAP-1371,92.07987551867517,31.72122055128738
SMAP-1372,92.09024896265855,31.72122055128738
SMAP-1373,92.10062240664196,31.72122055128738
SMAP-1374,92.11099585062534,31.72122055128738
SMAP-1375,92.12136929460875,31.72122055128738
SMAP-1376,92.13174273859217,31.72122055128738
SMAP-1377,92.14211618257556,31.72122055128738
SMAP-1378,92.15248962655897,31.72122055128738
SMAP-1379,92.16286307054237,31.72122055128738
SMAP-1380,92.17323651452577,31.72122055128738
SMAP-1381,92.18360995850917,31.72122055128738
SMAP-1382,92.19398340249256,31.72122055128738
SMAP-1383,92.20435684647597,31.72122055128738
SMAP-1384,92.21473029045937,31.72122055128738
SMAP-1385,92.22510373444278,31.72122055128738
SMAP-1386,92.2354771784262,31.72122055128738
SMAP-1387,92.24585062240959,31.72122055128738
SMAP-1388,92.256224066393,31.72122055128738
SMAP-1389,92.26659751037641,31.72122055128738
SMAP-1390,92.27697095435981,31.72122055128738
SMAP-1391,92.28734439834318,31.72122055128738
SMAP-1392,92.29771784232659,31.72122055128738
SMAP-1393,92.30809128631,31.72122055128738
SMAP-1394,92.3184647302934,31.72122055128738
SMAP-1395,92.32883817427681,31.72122055128738
SMAP-1396,92.33921161826022,31.72122055128738
SMAP-1397,92.34958506224362,31.72122055128738
SMAP-1398,92.35995850622703,31.72122055128738
SMAP-1399,92.37033195021043,31.72122055128738
SMAP-1400,92.38070539419382,31.72122055128738
SMAP-1401,92.39107883817722,31.72122055128738
SMAP-1402,92.40145228216062,31.72122055128738
SMAP-1403,92.41182572614403,31.72122055128738
SMAP-1404,92.42219917012743,31.72122055128738
SMAP-1405,92.43257261411084,31.72122055128738
SMAP-1406,92.44294605809425,31.72122055128738
SMAP-1407,91.68568464730585,31.712031621328883
SMAP-1408,91.69605809128926,31.712031621328883
SMAP-1409,91.70643153527266,31.712031621328883
SMAP-1410,91.71680497925605,31.712031621328883
SMAP-1411,91.72717842323947,31.712031621328883
SMAP-1412,91.73755186722286,31.712031621328883
SMAP-1413,91.74792531120627,31.712031621328883
SMAP-1414,91.75829875518967,31.712031621328883
SMAP-1415,91.76867219917305,31.712031621328883
SMAP-1416,91.77904564315645,31.712031621328883
SMAP-1417,91.78941908713986,31.712031621328883
SMAP-1418,91.79979253112327,31.712031621328883
SMAP-1419,91.81016597510667,31.712031621328883
SMAP-1420,91.82053941909008,31.712031621328883
SMAP-1421,91.83091286307348,31.712031621328883
SMAP-1422,91.84128630705689,31.712031621328883
SMAP-1423,91.8516597510403,31.712031621328883
SMAP-1424,91.8620331950237,31.712031621328883
SMAP-1425,91.87240663900711,31.712031621328883
SMAP-1426,91.8827800829905,31.712031621328883
SMAP-1427,91.8931535269739,31.712031621328883
SMAP-1428,91.90352697095732,31.712031621328883
SMAP-1429,91.91390041494071,31.712031621328883
SMAP-1430,91.92427385892411,31.712031621328883
SMAP-1431,91.9346473029075,31.712031621328883
SMAP-1432,91.9450207468909,31.712031621328883
SMAP-1433,91.95539419087432,31.712031621328883
SMAP-1434,91.9657676348577,31.712031621328883
SMAP-1435,91.97614107884111,31.712031621328883
SMAP-1436,91.9865145228245,31.712031621328883
SMAP-1437,91.99688796680792,31.712031621328883
SMAP-1438,92.00726141079133,31.712031621328883
SMAP-1439,92.01763485477473,31.712031621328883
SMAP-1440,92.02800829875814,31.712031621328883
SMAP-1441,92.03838174274154,31.712031621328883
SMAP-1442,92.04875518672495,31.712031621328883
SMAP-1443,92.05912863070836,31.712031621328883
SMAP-1444,92.06950207469175,31.712031621328883
SMAP-1445,92.07987551867517,31.712031621328883
SMAP-1446,92.09024896265855,31.712031621328883
SMAP-1447,92.10062240664196,31.712031621328883
SMAP-1448,92.11099585062534,31.712031621328883
SMAP-1449,92.12136929460875,31.712031621328883
SMAP-1450,92.13174273859217,31.712031621328883
SMAP-1451,92.14211618257556,31.712031621328883
SMAP-1452,92.15248962655897,31.712031621328883
SMAP-1453,92.16286307054237,31.712031621328883
SMAP-1454,92.17323651452577,31.712031621328883
SMAP-1455,92.18360995850917,31.712031621328883
SMAP-1456,92.19398340249256,31.712031621328883
SMAP-1457,92.20435684647597,31.712031621328883
SMAP-1458,92.21473029045937,31.712031621328883
SMAP-1459,92.22510373444278,31.712031621328883
SMAP-1460,92.2354771784262,31.712031621328883
SMAP-1461,92.24585062240959,31.712031621328883
SMAP-1462,92.256224066393,31.712031621328883
SMAP-1463,92.26659751037641,31.712031621328883
SMAP-1464,92.27697095435981,31.712031621328883
SMAP-1465,92.28734439834318,31.712031621328883
SMAP-1466,92.29771784232659,31.712031621328883
SMAP-1467,92.30809128631,31.712031621328883
SMAP-1468,92.3184647302934,31.712031621328883
SMAP-1469,92.32883817427681,31.712031621328883
SMAP-1470,92.33921161826022,31.712031621328883
SMAP-1471,92.34958506224362,31.712031621328883
SMAP-1472,92.35995850622703,31.712031621328883
SMAP-1473,92.37033195021043,31.712031621328883
SMAP-1474,92.38070539419382,31.712031621328883
SMAP-1475,92.39107883817722,31.712031621328883
SMAP-1476,92.40145228216062,31.712031621328883
SMAP-1477,92.41182572614403,31.712031621328883
SMAP-1478,92.42219917012743,31.712031621328883
SMAP-1479,92.43257261411084,31.712031621328883
SMAP-1480,92.44294605809425,31.712031621328883
SMAP-1481,91.68568464730585,31.702843584204114
SMAP-1482,91.69605809128926,31.702843584204114
SMAP-1483,91.70643153527266,31.702843584204114
SMAP-1484,91.71680497925605,31.702843584204114
SMAP-1485,91.72717842323947,31.702843584204114
SMAP-1486,91.73755186722286,31.702843584204114
SMAP-1487,91.74792531120627,31.702843584204114
SMAP-1488,91.75829875518967,31.702843584204114
SMAP-1489,91.76867219917305,31.702843584204114
SMAP-1490,91.77904564315645,31.702843584204114
SMAP-1491,91.78941908713986,31.702843584204114
SMAP-1492,91.79979253112327,31.702843584204114
SMAP-1493,91.81016597510667,31.702843584204114
SMAP-1494,91.82053941909008,31.702843584204114
SMAP-1495,91.83091286307348,31.702843584204114
SMAP-1496,91.84128630705689,31.702843584204114
SMAP-1497,91.8516597510403,31.702843584204114
SMAP-1498,91.8620331950237,31.702843584204114
SMAP-1499,91.87240663900711,31.702843584204114
SMAP-1500,91.8827800829905,31.702843584204114
SMAP-1501,91.8931535269739,31.702843584204114
SMAP-1502,91.90352697095732,31.702843584204114
SMAP-1503,91.91390041494071,31.702843584204114
SMAP-1504,91.92427385892411,31.702843584204114
SMAP-1505,91.9346473029075,31.702843584204114
SMAP-1506,91.9450207468909,31.702843584204114
SMAP-1507,91.95539419087432,31.702843584204114
SMAP-1508,91.9657676348577,31.702843584204114
SMAP-1509,91.97614107884111,31.702843584204114
SMAP-1510,91.9865145228245,31.702843584204114
SMAP-1511,91.99688796680792,31.702843584204114
SMAP-1512,92.00726141079133,31.702843584204114
SMAP-1513,92.01763485477473,31.702843584204114
SMAP-1514,92.02800829875814,31.702843584204114
SMAP-1515,92.03838174274154,31.702843584204114
SMAP-1516,92.04875518672495,31.702843584204114
SMAP-1517,92.05912863070836,31.702843584204114
SMAP-1518,92.06950207469175,31.702843584204114
SMAP-1519,92.07987551867517,31.702843584204114
SMAP-1520,92.09024896265855,31.702843584204114
SMAP-1521,92.10062240664196,31.702843584204114
SMAP-1522,92.11099585062534,31.702843584204114
SMAP-1523,92.12136929460875,31.702843584204114
SMAP-1524,92.13174273859217,31.702843584204114
SMAP-1525,92.14211618257556,31.702843584204114
SMAP-1526,92.15248962655897,31.702843584204114
SMAP-1527,92.16286307054237,31.702843584204114
SMAP-1528,92.17323651452577,31.702843584204114
SMAP-1529,92.18360995850917,31.702843584204114
SMAP-1530,92.19398340249256,31.702843584204114
SMAP-1531,92.20435684647597,31.702843584204114
SMAP-1532,92.21473029045937,31.702843584204114
SMAP-1533,92.22510373444278,31.702843584204114
SMAP-1534,92.2354771784262,31.702843584204114
SMAP-1535,92.24585062240959,31.702843584204114
SMAP-1536,92.256224066393,31.702843584204114
SMAP-1537,92.26659751037641,31.702843584204114
SMAP-1538,92.27697095435981,31.702843584204114
SMAP-1539,92.28734439834318,31.702843584204114
SMAP-1540,92.29771784232659,31.702843584204114
SMAP-1541,92.30809128631,31.702843584204114
SMAP-1542,92.3184647302934,31.702843584204114
SMAP-1543,92.32883817427681,31.702843584204114
SMAP-1544,92.33921161826022,31.702843584204114
SMAP-1545,92.34958506224362,31.702843584204114
SMAP-1546,92.35995850622703,31.702843584204114
SMAP-1547,92.37033195021043,31.702843584204114
SMAP-1548,92.38070539419382,31.702843584204114
SMAP-1549,92.39107883817722,31.702843584204114
SMAP-1550,92.40145228216062,31.702843584204114
SMAP-1551,92.41182572614403,31.702843584204114
SMAP-1552,92.42219917012743,31.702843584204114
SMAP-1553,92.43257261411084,31.702843584204114
SMAP-1554,92.44294605809425,31.702843584204114
SMAP-1555,91.68568464730585,31.69365643941607
SMAP-1556,91.69605809128926,31.69365643941607
SMAP-1557,91.70643153527266,31.69365643941607
SMAP-1558,91.71680497925605,31.69365643941607
SMAP-1559,91.72717842323947,31.69365643941607
SMAP-1560,91.73755186722286,31.69365643941607
SMAP-1561,91.74792531120627,31.69365643941607
SMAP-1562,91.75829875518967,31.69365643941607
SMAP-1563,91.76867219917305,31.69365643941607
SMAP-1564,91.77904564315645,31.69365643941607
SMAP-1565,91.78941908713986,31.69365643941607
SMAP-1566,91.79979253112327,31.69365643941607
SMAP-1567,91.81016597510667,31.69365643941607
SMAP-1568,91.82053941909008,31.69365643941607
SMAP-1569,91.83091286307348,31.69365643941607
SMAP-1570,91.84128630705689,31.69365643941607
SMAP-1571,91.8516597510403,31.69365643941607
SMAP-1572,91.8620331950237,31.69365643941607
SMAP-1573,91.87240663900711,31.69365643941607
SMAP-1574,91.8827800829905,31.69365643941607
SMAP-1575,91.8931535269739,31.69365643941607
SMAP-1576,91.90352697095732,31.69365643941607
SMAP-1577,91.91390041494071,31.69365643941607
SMAP-1578,91.92427385892411,31.69365643941607
SMAP-1579,91.9346473029075,31.69365643941607
SMAP-1580,91.9450207468909,31.69365643941607
SMAP-1581,91.95539419087432,31.69365643941607
SMAP-1582,91.9657676348577,31.69365643941607
SMAP-1583,91.97614107884111,31.69365643941607
SMAP-1584,91.9865145228245,31.69365643941607
SMAP-1585,91.99688796680792,31.69365643941607
SMAP-1586,92.00726141079133,31.69365643941607
SMAP-1587,92.01763485477473,31.69365643941607
SMAP-1588,92.02800829875814,31.69365643941607
SMAP-1589,92.03838174274154,31.69365643941607
SMAP-1590,92.04875518672495,31.69365643941607
SMAP-1591,92.05912863070836,31.69365643941607
SMAP-1592,92.06950207469175,31.69365643941607
SMAP-1593,92.07987551867517,31.69365643941607
SMAP-1594,92.09024896265855,31.69365643941607
SMAP-1595,92.10062240664196,31.69365643941607
SMAP-1596,92.11099585062534,31.69365643941607
SMAP-1597,92.12136929460875,31.69365643941607
SMAP-1598,92.13174273859217,31.69365643941607
SMAP-1599,92.14211618257556,31.69365643941607
SMAP-1600,92.15248962655897,31.69365643941607
SMAP-1601,92.16286307054237,31.69365643941607
SMAP-1602,92.17323651452577,31.69365643941607
SMAP-1603,92.18360995850917,31.69365643941607
SMAP-1604,92.19398340249256,31.69365643941607
SMAP-1605,92.20435684647597,31.69365643941607
SMAP-1606,92.21473029045937,31.69365643941607
SMAP-1607,92.22510373444278,31.69365643941607
SMAP-1608,92.2354771784262,31.69365643941607
SMAP-1609,92.24585062240959,31.69365643941607
SMAP-1610,92.256224066393,31.69365643941607
SMAP-1611,92.26659751037641,31.69365643941607
SMAP-1612,92.27697095435981,31.69365643941607
SMAP-1613,92.28734439834318,31.69365643941607
SMAP-1614,92.29771784232659,31.69365643941607
SMAP-1615,92.30809128631,31.69365643941607
SMAP-1616,92.3184647302934,31.69365643941607
SMAP-1617,92.32883817427681,31.69365643941607
SMAP-1618,92.33921161826022,31.69365643941607
SMAP-1619,92.34958506224362,31.69365643941607
SMAP-1620,92.35995850622703,31.69365643941607
SMAP-1621,92.37033195021043,31.69365643941607
SMAP-1622,92.38070539419382,31.69365643941607
SMAP-1623,92.39107883817722,31.69365643941607
SMAP-1624,92.40145228216062,31.69365643941607
SMAP-1625,92.41182572614403,31.69365643941607
SMAP-1626,92.42219917012743,31.69365643941607
SMAP-1627,92.43257261411084,31.69365643941607
SMAP-1628,92.44294605809425,31.69365643941607
SMAP-1629,91.68568464730585,31.684470186468044
SMAP-1630,91.69605809128926,31.684470186468044
SMAP-1631,91.70643153527266,31.684470186468044
SMAP-1632,91.71680497925605,31.684470186468044
SMAP-1633,91.72717842323947,31.684470186468044
SMAP-1634,91.73755186722286,31.684470186468044
SMAP-1635,91.74792531120627,31.684470186468044
SMAP-1636,91.75829875518967,31.684470186468044
SMAP-1637,91.76867219917305,31.684470186468044
SMAP-1638,91.77904564315645,31.684470186468044
SMAP-1639,91.78941908713986,31.684470186468044
SMAP-1640,91.79979253112327,31.684470186468044
SMAP-1641,91.81016597510667,31.684470186468044
SMAP-1642,91.82053941909008,31.684470186468044
SMAP-1643,91.83091286307348,31.684470186468044
SMAP-1644,91.84128630705689,31.684470186468044
SMAP-1645,91.8516597510403,31.684470186468044
SMAP-1646,91.8620331950237,31.684470186468044
SMAP-1647,91.87240663900711,31.684470186468044
SMAP-1648,91.8827800829905,31.684470186468044
SMAP-1649,91.8931535269739,31.684470186468044
SMAP-1650,91.90352697095732,31.684470186468044
SMAP-1651,91.91390041494071,31.684470186468044
SMAP-1652,91.92427385892411,31.684470186468044
SMAP-1653,91.9346473029075,31.684470186468044
SMAP-1654,91.9450207468909,31.684470186468044
SMAP-1655,91.95539419087432,31.684470186468044
SMAP-1656,91.9657676348577,31.684470186468044
SMAP-1657,91.97614107884111,31.684470186468044
SMAP-1658,91.9865145228245,31.684470186468044
SMAP-1659,91.99688796680792,31.684470186468044
SMAP-1660,92.00726141079133,31.684470186468044
SMAP-1661,92.01763485477473,31.684470186468044
SMAP-1662,92.02800829875814,31.684470186468044
SMAP-1663,92.03838174274154,31.684470186468044
SMAP-1664,92.04875518672495,31.684470186468044
SMAP-1665,92.05912863070836,31.684470186468044
SMAP-1666,92.06950207469175,31.684470186468044
SMAP-1667,92.07987551867517,31.684470186468044
SMAP-1668,92.09024896265855,31.684470186468044
SMAP-1669,92.10062240664196,31.684470186468044
SMAP-1670,92.11099585062534,31.684470186468044
SMAP-1671,92.12136929460875,31.684470186468044
SMAP-1672,92.13174273859217,31.684470186468044
SMAP-1673,92.14211618257556,31.684470186468044
SMAP-1674,92.15248962655897,31.684470186468044
SMAP-1675,92.16286307054237,31.684470186468044
SMAP-1676,92.17323651452577,31.684470186468044
SMAP-1677,92.18360995850917,31.684470186468044
SMAP-1678,92.19398340249256,31.684470186468044
SMAP-1679,92.20435684647597,31.684470186468044
SMAP-1680,92.21473029045937,31.684470186468044
SMAP-1681,92.22510373444278,31.684470186468044
SMAP-1682,92.2354771784262,31.684470186468044
SMAP-1683,92.24585062240959,31.684470186468044
SMAP-1684,92.256224066393,31.684470186468044
SMAP-1685,92.26659751037641,31.684470186468044
SMAP-1686,92.27697095435981,31.684470186468044
SMAP-1687,92.28734439834318,31.684470186468044
SMAP-1688,92.29771784232659,31.684470186468044
SMAP-1689,92.30809128631,31.684470186468044
SMAP-1690,92.3184647302934,31.684470186468044
SMAP-1691,92.32883817427681,31.684470186468044
SMAP-1692,92.33921161826022,31.684470186468044
SMAP-1693,92.34958506224362,31.684470186468044
SMAP-1694,92.35995850622703,31.684470186468044
SMAP-1695,92.37033195021043,31.684470186468044
SMAP-1696,92.38070539419382,31.684470186468044
SMAP-1697,92.39107883817722,31.684470186468044
SMAP-1698,92.40145228216062,31.684470186468044
SMAP-1699,92.41182572614403,31.684470186468044
SMAP-1700,92.42219917012743,31.684470186468044
SMAP-1701,92.43257261411084,31.684470186468044
SMAP-1702,92.44294605809425,31.684470186468044
SMAP-1703,91.68568464730585,31.675284824863688
SMAP-1704,91.69605809128926,31.675284824863688
SMAP-1705,91.70643153527266,31.675284824863688
SMAP-1706,91.71680497925605,31.675284824863688
SMAP-1707,91.72717842323947,31.675284824863688
SMAP-1708,91.73755186722286,31.675284824863688
SMAP-1709,91.74792531120627,31.675284824863688
SMAP-1710,91.75829875518967,31.675284824863688
SMAP-1711,91.76867219917305,31.675284824863688
SMAP-1712,91.77904564315645,31.675284824863688
SMAP-1713,91.78941908713986,31.675284824863688
SMAP-1714,91.79979253112327,31.675284824863688
SMAP-1715,91.81016597510667,31.675284824863688
SMAP-1716,91.82053941909008,31.675284824863688
SMAP-1717,91.83091286307348,31.675284824863688
SMAP-1718,91.84128630705689,31.675284824863688
SMAP-1719,91.8516597510403,31.675284824863688
SMAP-1720,91.8620331950237,31.675284824863688
SMAP-1721,91.87240663900711,31.675284824863688
SMAP-1722,91.8827800829905,31.675284824863688
SMAP-1723,91.8931535269739,31.675284824863688
SMAP-1724,91.90352697095732,31.675284824863688
SMAP-1725,91.91390041494071,31.675284824863688
SMAP-1726,91.92427385892411,31.675284824863688
SMAP-1727,91.9346473029075,31.675284824863688
SMAP-1728,91.9450207468909,31.675284824863688
SMAP-1729,91.95539419087432,31.675284824863688
SMAP-1730,91.9657676348577,31.675284824863688
SMAP-1731,91.97614107884111,31.675284824863688
SMAP-1732,91.9865145228245,31.675284824863688
SMAP-1733,91.99688796680792,31.675284824863688
SMAP-1734,92.00726141079133,31.675284824863688
SMAP-1735,92.01763485477473,31.675284824863688
SMAP-1736,92.02800829875814,31.675284824863688
SMAP-1737,92.03838174274154,31.675284824863688
SMAP-1738,92.04875518672495,31.675284824863688
SMAP-1739,92.05912863070836,31.675284824863688
SMAP-1740,92.06950207469175,31.675284824863688
SMAP-1741,92.07987551867517,31.675284824863688
SMAP-1742,92.09024896265855,31.675284824863688
SMAP-1743,92.10062240664196,31.675284824863688
SMAP-1744,92.11099585062534,31.675284824863688
SMAP-1745,92.12136929460875,31.675284824863688
SMAP-1746,92.13174273859217,31.675284824863688
SMAP-1747,92.14211618257556,31.675284824863688
SMAP-1748,92.15248962655897,31.675284824863688
SMAP-1749,92.16286307054237,31.675284824863688
SMAP-1750,92.17323651452577,31.675284824863688
SMAP-1751,92.18360995850917,31.675284824863688
SMAP-1752,92.19398340249256,31.675284824863688
SMAP-1753,92.20435684647597,31.675284824863688
SMAP-1754,92.21473029045937,31.675284824863688
SMAP-1755,92.22510373444278,31.675284824863688
SMAP-1756,92.2354771784262,31.675284824863688
SMAP-1757,92.24585062240959,31.675284824863688
SMAP-1758,92.256224066393,31.675284824863688
SMAP-1759,92.26659751037641,31.675284824863688
SMAP-1760,92.27697095435981,31.675284824863688
SMAP-1761,92.28734439834318,31.675284824863688
SMAP-1762,92.29771784232659,31.675284824863688
SMAP-1763,92.30809128631,31.675284824863688
SMAP-1764,92.3184647302934,31.675284824863688
SMAP-1765,92.32883817427681,31.675284824863688
SMAP-1766,92.33921161826022,31.675284824863688
SMAP-1767,92.34958506224362,31.675284824863688
SMAP-1768,92.35995850622703,31.675284824863688
SMAP-1769,92.37033195021043,31.675284824863688
SMAP-1770,92.38070539419382,31.675284824863688
SMAP-1771,92.39107883817722,31.675284824863688
SMAP-1772,92.40145228216062,31.675284824863688
SMAP-1773,92.41182572614403,31.675284824863688
SMAP-1774,92.42219917012743,31.675284824863688
SMAP-1775,92.43257261411084,31.675284824863688
SMAP-1776,92.44294605809425,31.675284824863688
SMAP-1777,91.68568464730585,31.666100354106966
SMAP-1778,91.69605809128926,31.666100354106966
SMAP-1779,91.70643153527266,31.666100354106966
SMAP-1780,91.71680497925605,31.666100354106966
SMAP-1781,91.72717842323947,31.666100354106966
SMAP-1782,91.73755186722286,31.666100354106966
SMAP-1783,91.74792531120627,31.666100354106966
SMAP-1784,91.75829875518967,31.666100354106966
SMAP-1785,91.76867219917305,31.666100354106966
SMAP-1786,91.77904564315645,31.666100354106966
SMAP-1787,91.78941908713986,31.666100354106966
SMAP-1788,91.79979253112327,31.666100354106966
SMAP-1789,91.81016597510667,31.666100354106966
SMAP-1790,91.82053941909008,31.666100354106966
SMAP-1791,91.83091286307348,31.666100354106966
SMAP-1792,91.84128630705689,31.666100354106966
SMAP-1793,91.8516597510403,31.666100354106966
SMAP-1794,91.8620331950237,31.666100354106966
SMAP-1795,91.87240663900711,31.666100354106966
SMAP-1796,91.8827800829905,31.666100354106966
SMAP-1797,91.8931535269739,31.666100354106966
SMAP-1798,91.90352697095732,31.666100354106966
SMAP-1799,91.91390041494071,31.666100354106966
SMAP-1800,91.92427385892411,31.666100354106966
SMAP-1801,91.9346473029075,31.666100354106966
SMAP-1802,91.9450207468909,31.666100354106966
SMAP-1803,91.95539419087432,31.666100354106966
SMAP-1804,91.9657676348577,31.666100354106966
SMAP-1805,91.97614107884111,31.666100354106966
SMAP-1806,91.9865145228245,31.666100354106966
SMAP-1807,91.99688796680792,31.666100354106966
SMAP-1808,92.00726141079133,31.666100354106966
SMAP-1809,92.01763485477473,31.666100354106966
SMAP-1810,92.02800829875814,31.666100354106966
SMAP-1811,92.03838174274154,31.666100354106966
SMAP-1812,92.04875518672495,31.666100354106966
SMAP-1813,92.05912863070836,31.666100354106966
SMAP-1814,92.06950207469175,31.666100354106966
SMAP-1815,92.07987551867517,31.666100354106966
SMAP-1816,92.09024896265855,31.666100354106966
SMAP-1817,92.10062240664196,31.666100354106966
SMAP-1818,92.11099585062534,31.666100354106966
SMAP-1819,92.12136929460875,31.666100354106966
SMAP-1820,92.13174273859217,31.666100354106966
SMAP-1821,92.14211618257556,31.666100354106966
SMAP-1822,92.15248962655897,31.666100354106966
SMAP-1823,92.16286307054237,31.666100354106966
SMAP-1824,92.17323651452577,31.666100354106966
SMAP-1825,92.18360995850917,31.666100354106966
SMAP-1826,92.19398340249256,31.666100354106966
SMAP-1827,92.20435684647597,31.666100354106966
SMAP-1828,92.21473029045937,31.666100354106966
SMAP-1829,92.22510373444278,31.666100354106966
SMAP-1830,92.2354771784262,31.666100354106966
SMAP-1831,92.24585062240959,31.666100354106966
SMAP-1832,92.256224066393,31.666100354106966
SMAP-1833,92.26659751037641,31.666100354106966
SMAP-1834,92.27697095435981,31.666100354106966
SMAP-1835,92.28734439834318,31.666100354106966
SMAP-1836,92.29771784232659,31.666100354106966
SMAP-1837,92.30809128631,31.666100354106966
SMAP-1838,92.3184647302934,31.666100354106966
SMAP-1839,92.32883817427681,31.666100354106966
SMAP-1840,92.33921161826022,31.666100354106966
SMAP-1841,92.34958506224362,31.666100354106966
SMAP-1842,92.35995850622703,31.666100354106966
SMAP-1843,92.37033195021043,31.666100354106966
SMAP-1844,92.38070539419382,31.666100354106966
SMAP-1845,92.39107883817722,31.666100354106966
SMAP-1846,92.40145228216062,31.666100354106966
SMAP-1847,92.41182572614403,31.666100354106966
SMAP-1848,92.42219917012743,31.666100354106966
SMAP-1849,92.43257261411084,31.666100354106966
SMAP-1850,92.44294605809425,31.666100354106966
SMAP-1851,91.68568464730585,31.65691677370225
SMAP-1852,91.69605809128926,31.65691677370225
SMAP-1853,91.70643153527266,31.65691677370225
SMAP-1854,91.71680497925605,31.65691677370225
SMAP-1855,91.72717842323947,31.65691677370225
SMAP-1856,91.73755186722286,31.65691677370225
SMAP-1857,91.74792531120627,31.65691677370225
SMAP-1858,91.75829875518967,31.65691677370225
SMAP-1859,91.76867219917305,31.65691677370225
SMAP-1860,91.77904564315645,31.65691677370225
SMAP-1861,91.78941908713986,31.65691677370225
SMAP-1862,91.79979253112327,31.65691677370225
SMAP-1863,91.81016597510667,31.65691677370225
SMAP-1864,91.82053941909008,31.65691677370225
SMAP-1865,91.83091286307348,31.65691677370225
SMAP-1866,91.84128630705689,31.65691677370225
SMAP-1867,91.8516597510403,31.65691677370225
SMAP-1868,91.8620331950237,31.65691677370225
SMAP-1869,91.87240663900711,31.65691677370225
SMAP-1870,91.8827800829905,31.65691677370225
SMAP-1871,91.8931535269739,31.65691677370225
SMAP-1872,91.90352697095732,31.65691677370225
SMAP-1873,91.91390041494071,31.65691677370225
SMAP-1874,91.92427385892411,31.65691677370225
SMAP-1875,91.9346473029075,31.65691677370225
SMAP-1876,91.9450207468909,31.65691677370225
SMAP-1877,91.95539419087432,31.65691677370225
SMAP-1878,91.9657676348577,31.65691677370225
SMAP-1879,91.97614107884111,31.65691677370225
SMAP-1880,91.9865145228245,31.65691677370225
SMAP-1881,91.99688796680792,31.65691677370225
SMAP-1882,92.00726141079133,31.65691677370225
SMAP-1883,92.01763485477473,31.65691677370225
SMAP-1884,92.02800829875814,31.65691677370225
SMAP-1885,92.03838174274154,31.65691677370225
SMAP-1886,92.04875518672495,31.65691677370225
SMAP-1887,92.05912863070836,31.65691677370225
SMAP-1888,92.06950207469175,31.65691677370225
SMAP-1889,92.07987551867517,31.65691677370225
SMAP-1890,92.09024896265855,31.65691677370225
SMAP-1891,92.10062240664196,31.65691677370225
SMAP-1892,92.11099585062534,31.65691677370225
SMAP-1893,92.12136929460875,31.65691677370225
SMAP-1894,92.13174273859217,31.65691677370225
SMAP-1895,92.14211618257556,31.65691677370225
SMAP-1896,92.15248962655897,31.65691677370225
SMAP-1897,92.16286307054237,31.65691677370225
SMAP-1898,92.17323651452577,31.65691677370225
SMAP-1899,92.18360995850917,31.65691677370225
SMAP-1900,92.19398340249256,31.65691677370225
SMAP-1901,92.20435684647597,31.65691677370225
SMAP-1902,92.21473029045937,31.65691677370225
SMAP-1903,92.22510373444278,31.65691677370225
SMAP-1904,92.2354771784262,31.65691677370225
SMAP-1905,92.24585062240959,31.65691677370225
SMAP-1906,92.256224066393,31.65691677370225
SMAP-1907,92.26659751037641,31.65691677370225
SMAP-1908,92.27697095435981,31.65691677370225
SMAP-1909,92.28734439834318,31.65691677370225
SMAP-1910,92.29771784232659,31.65691677370225
SMAP-1911,92.30809128631,31.65691677370225
SMAP-1912,92.3184647302934,31.65691677370225
SMAP-1913,92.32883817427681,31.65691677370225
SMAP-1914,92.33921161826022,31.65691677370225
SMAP-1915,92.34958506224362,31.65691677370225
SMAP-1916,92.35995850622703,31.65691677370225
SMAP-1917,92.37033195021043,31.65691677370225
SMAP-1918,92.38070539419382,31.65691677370225
SMAP-1919,92.39107883817722,31.65691677370225
SMAP-1920,92.40145228216062,31.65691677370225
SMAP-1921,92.41182572614403,31.65691677370225
SMAP-1922,92.42219917012743,31.65691677370225
SMAP-1923,92.43257261411084,31.65691677370225
SMAP-1924,92.44294605809425,31.65691677370225
SMAP-1925,91.68568464730585,31.647734083154145
SMAP-1926,91.69605809128926,31.647734083154145
SMAP-1927,91.70643153527266,31.647734083154145
SMAP-1928,91.71680497925605,31.647734083154145
SMAP-1929,91.72717842323947,31.647734083154145
SMAP-1930,91.73755186722286,31.647734083154145
SMAP-1931,91.74792531120627,31.647734083154145
SMAP-1932,91.75829875518967,31.647734083154145
SMAP-1933,91.76867219917305,31.647734083154145
SMAP-1934,91.77904564315645,31.647734083154145
SMAP-1935,91.78941908713986,31.647734083154145
SMAP-1936,91.79979253112327,31.647734083154145
SMAP-1937,91.81016597510667,31.647734083154145
SMAP-1938,91.82053941909008,31.647734083154145
SMAP-1939,91.83091286307348,31.647734083154145
SMAP-1940,91.84128630705689,31.647734083154145
SMAP-1941,91.8516597510403,31.647734083154145
SMAP-1942,91.8620331950237,31.647734083154145
SMAP-1943,91.87240663900711,31.647734083154145
SMAP-1944,91.8827800829905,31.647734083154145
SMAP-1945,91.8931535269739,31.647734083154145
SMAP-1946,91.90352697095732,31.647734083154145
SMAP-1947,91.91390041494071,31.647734083154145
SMAP-1948,91.92427385892411,31.647734083154145
SMAP-1949,91.9346473029075,31.647734083154145
SMAP-1950,91.9450207468909,31.647734083154145
SMAP-1951,91.95539419087432,31.647734083154145
SMAP-1952,91.9657676348577,31.647734083154145
SMAP-1953,91.97614107884111,31.647734083154145
SMAP-1954,91.9865145228245,31.647734083154145
SMAP-1955,91.99688796680792,31.647734083154145
SMAP-1956,92.00726141079133,31.647734083154145
SMAP-1957,92.01763485477473,31.647734083154145
SMAP-1958,92.02800829875814,31.647734083154145
SMAP-1959,92.03838174274154,31.647734083154145
SMAP-1960,92.04875518672495,31.647734083154145
SMAP-1961,92.05912863070836,31.647734083154145
SMAP-1962,92.06950207469175,31.647734083154145
SMAP-1963,92.07987551867517,31.647734083154145
SMAP-1964,92.09024896265855,31.647734083154145
SMAP-1965,92.10062240664196,31.647734083154145
SMAP-1966,92.11099585062534,31.647734083154145
SMAP-1967,92.12136929460875,31.647734083154145
SMAP-1968,92.13174273859217,31.647734083154145
SMAP-1969,92.14211618257556,31.647734083154145
SMAP-1970,92.15248962655897,31.647734083154145
SMAP-1971,92.16286307054237,31.647734083154145
SMAP-1972,92.17323651452577,31.647734083154145
SMAP-1973,92.18360995850917,31.647734083154145
SMAP-1974,92.19398340249256,31.647734083154145
SMAP-1975,92.20435684647597,31.647734083154145
SMAP-1976,92.21473029045937,31.647734083154145
SMAP-1977,92.22510373444278,31.647734083154145
SMAP-1978,92.2354771784262,31.647734083154145
SMAP-1979,92.24585062240959,31.647734083154145
SMAP-1980,92.256224066393,31.647734083154145
SMAP-1981,92.26659751037641,31.647734083154145
SMAP-1982,92.27697095435981,31.647734083154145
SMAP-1983,92.28734439834318,31.647734083154145
SMAP-1984,92.29771784232659,31.647734083154145
SMAP-1985,92.30809128631,31.647734083154145
SMAP-1986,92.3184647302934,31.647734083154145
SMAP-1987,92.32883817427681,31.647734083154145
SMAP-1988,92.33921161826022,31.647734083154145
SMAP-1989,92.34958506224362,31.647734083154145
SMAP-1990,92.35995850622703,31.647734083154145
SMAP-1991,92.37033195021043,31.647734083154145
SMAP-1992,92.38070539419382,31.647734083154145
SMAP-1993,92.39107883817722,31.647734083154145
SMAP-1994,92.40145228216062,31.647734083154145
SMAP-1995,92.41182572614403,31.647734083154145
SMAP-1996,92.42219917012743,31.647734083154145
SMAP-1997,92.43257261411084,31.647734083154145
SMAP-1998,92.44294605809425,31.647734083154145
SMAP-1999,91.68568464730585,31.63855228196766
SMAP-2000,91.69605809128926,31.63855228196766
SMAP-2001,91.70643153527266,31.63855228196766
SMAP-2002,91.71680497925605,31.63855228196766
SMAP-2003,91.72717842323947,31.63855228196766
SMAP-2004,91.73755186722286,31.63855228196766
SMAP-2005,91.74792531120627,31.63855228196766
SMAP-2006,91.75829875518967,31.63855228196766
SMAP-2007,91.76867219917305,31.63855228196766
SMAP-2008,91.77904564315645,31.63855228196766
SMAP-2009,91.78941908713986,31.63855228196766
SMAP-2010,91.79979253112327,31.63855228196766
SMAP-2011,91.81016597510667,31.63855228196766
SMAP-2012,91.82053941909008,31.63855228196766
SMAP-2013,91.83091286307348,31.63855228196766
SMAP-2014,91.84128630705689,31.63855228196766
SMAP-2015,91.8516597510403,31.63855228196766
SMAP-2016,91.8620331950237,31.63855228196766
SMAP-2017,91.87240663900711,31.63855228196766
SMAP-2018,91.8827800829905,31.63855228196766
SMAP-2019,91.8931535269739,31.63855228196766
SMAP-2020,91.90352697095732,31.63855228196766
SMAP-2021,91.91390041494071,31.63855228196766
SMAP-2022,91.92427385892411,31.63855228196766
SMAP-2023,91.9346473029075,31.63855228196766
SMAP-2024,91.9450207468909,31.63855228196766
SMAP-2025,91.95539419087432,31.63855228196766
SMAP-2026,91.9657676348577,31.63855228196766
SMAP-2027,91.97614107884111,31.63855228196766
SMAP-2028,91.9865145228245,31.63855228196766
SMAP-2029,91.99688796680792,31.63855228196766
SMAP-2030,92.00726141079133,31.63855228196766
SMAP-2031,92.01763485477473,31.63855228196766
SMAP-2032,92.02800829875814,31.63855228196766
SMAP-2033,92.03838174274154,31.63855228196766
SMAP-2034,92.04875518672495,31.63855228196766
SMAP-2035,92.05912863070836,31.63855228196766
SMAP-2036,92.06950207469175,31.63855228196766
SMAP-2037,92.07987551867517,31.63855228196766
SMAP-2038,92.09024896265855,31.63855228196766
SMAP-2039,92.10062240664196,31.63855228196766
SMAP-2040,92.11099585062534,31.63855228196766
SMAP-2041,92.12136929460875,31.63855228196766
SMAP-2042,92.13174273859217,31.63855228196766
SMAP-2043,92.14211618257556,31.63855228196766
SMAP-2044,92.15248962655897,31.63855228196766
SMAP-2045,92.16286307054237,31.63855228196766
SMAP-2046,92.17323651452577,31.63855228196766
SMAP-2047,92.18360995850917,31.63855228196766
SMAP-2048,92.19398340249256,31.63855228196766
SMAP-2049,92.20435684647597,31.63855228196766
SMAP-2050,92.21473029045937,31.63855228196766
SMAP-2051,92.22510373444278,31.63855228196766
SMAP-2052,92.2354771784262,31.63855228196766
SMAP-2053,92.24585062240959,31.63855228196766
SMAP-2054,92.256224066393,31.63855228196766
SMAP-2055,92.26659751037641,31.63855228196766
SMAP-2056,92.27697095435981,31.63855228196766
SMAP-2057,92.28734439834318,31.63855228196766
SMAP-2058,92.29771784232659,31.63855228196766
SMAP-2059,92.30809128631,31.63855228196766
SMAP-2060,92.3184647302934,31.63855228196766
SMAP-2061,92.32883817427681,31.63855228196766
SMAP-2062,92.33921161826022,31.63855228196766
SMAP-2063,92.34958506224362,31.63855228196766
SMAP-2064,92.35995850622703,31.63855228196766
SMAP-2065,92.37033195021043,31.63855228196766
SMAP-2066,92.38070539419382,31.63855228196766
SMAP-2067,92.39107883817722,31.63855228196766
SMAP-2068,92.40145228216062,31.63855228196766
SMAP-2069,92.41182572614403,31.63855228196766
SMAP-2070,92.42219917012743,31.63855228196766
SMAP-2071,92.43257261411084,31.63855228196766
SMAP-2072,92.44294605809425,31.63855228196766
SMAP-2073,91.68568464730585,31.629371369648116
SMAP-2074,91.69605809128926,31.629371369648116
SMAP-2075,91.70643153527266,31.629371369648116
SMAP-2076,91.71680497925605,31.629371369648116
SMAP-2077,91.72717842323947,31.629371369648116
SMAP-2078,91.73755186722286,31.629371369648116
SMAP-2079,91.74792531120627,31.629371369648116
SMAP-2080,91.75829875518967,31.629371369648116
SMAP-2081,91.76867219917305,31.629371369648116
SMAP-2082,91.77904564315645,31.629371369648116
SMAP-2083,91.78941908713986,31.629371369648116
SMAP-2084,91.79979253112327,31.629371369648116
SMAP-2085,91.81016597510667,31.629371369648116
SMAP-2086,91.82053941909008,31.629371369648116
SMAP-2087,91.83091286307348,31.629371369648116
SMAP-2088,91.84128630705689,31.629371369648116
SMAP-2089,91.8516597510403,31.629371369648116
SMAP-2090,91.8620331950237,31.629371369648116
SMAP-2091,91.87240663900711,31.629371369648116
SMAP-2092,91.8827800829905,31.629371369648116
SMAP-2093,91.8931535269739,31.629371369648116
SMAP-2094,91.90352697095732,31.629371369648116
SMAP-2095,91.91390041494071,31.629371369648116
SMAP-2096,91.92427385892411,31.629371369648116
SMAP-2097,91.9346473029075,31.629371369648116
SMAP-2098,91.9450207468909,31.629371369648116
SMAP-2099,91.95539419087432,31.629371369648116
SMAP-2100,91.9657676348577,31.629371369648116
SMAP-2101,91.97614107884111,31.629371369648116
SMAP-2102,91.9865145228245,31.629371369648116
SMAP-2103,91.99688796680792,31.629371369648116
SMAP-2104,92.00726141079133,31.629371369648116
SMAP-2105,92.01763485477473,31.629371369648116
SMAP-2106,92.02800829875814,31.629371369648116
SMAP-2107,92.03838174274154,31.629371369648116
SMAP-2108,92.04875518672495,31.629371369648116
SMAP-2109,92.05912863070836,31.629371369648116
SMAP-2110,92.06950207469175,31.629371369648116
SMAP-2111,92.07987551867517,31.629371369648116
SMAP-2112,92.09024896265855,31.629371369648116
SMAP-2113,92.10062240664196,31.629371369648116
SMAP-2114,92.11099585062534,31.629371369648116
SMAP-2115,92.12136929460875,31.629371369648116
SMAP-2116,92.13174273859217,31.629371369648116
SMAP-2117,92.14211618257556,31.629371369648116
SMAP-2118,92.15248962655897,31.629371369648116
SMAP-2119,92.16286307054237,31.629371369648116
SMAP-2120,92.17323651452577,31.629371369648116
SMAP-2121,92.18360995850917,31.629371369648116
SMAP-2122,92.19398340249256,31.629371369648116
SMAP-2123,92.20435684647597,31.629371369648116
SMAP-2124,92.21473029045937,31.629371369648116
SMAP-2125,92.22510373444278,31.629371369648116
SMAP-2126,92.2354771784262,31.629371369648116
SMAP-2127,92.24585062240959,31.629371369648116
SMAP-2128,92.256224066393,31.629371369648116
SMAP-2129,92.26659751037641,31.629371369648116
SMAP-2130,92.27697095435981,31.629371369648116
SMAP-2131,92.28734439834318,31.629371369648116
SMAP-2132,92.29771784232659,31.629371369648116
SMAP-2133,92.30809128631,31.629371369648116
SMAP-2134,92.3184647302934,31.629371369648116
SMAP-2135,92.32883817427681,31.629371369648116
SMAP-2136,92.33921161826022,31.629371369648116
SMAP-2137,92.34958506224362,31.629371369648116
SMAP-2138,92.35995850622703,31.629371369648116
SMAP-2139,92.37033195021043,31.629371369648116
SMAP-2140,92.38070539419382,31.629371369648116
SMAP-2141,92.39107883817722,31.629371369648116
SMAP-2142,92.40145228216062,31.629371369648116
SMAP-2143,92.41182572614403,31.629371369648116
SMAP-2144,92.42219917012743,31.629371369648116
SMAP-2145,92.43257261411084,31.629371369648116
SMAP-2146,92.44294605809425,31.629371369648116
SMAP-2147,91.68568464730585,31.620191345701166
SMAP-2148,91.69605809128926,31.620191345701166
SMAP-2149,91.70643153527266,31.620191345701166
SMAP-2150,91.71680497925605,31.620191345701166
SMAP-2151,91.72717842323947,31.620191345701166
SMAP-2152,91.73755186722286,31.620191345701166
SMAP-2153,91.74792531120627,31.620191345701166
SMAP-2154,91.75829875518967,31.620191345701166
SMAP-2155,91.76867219917305,31.620191345701166
SMAP-2156,91.77904564315645,31.620191345701166
SMAP-2157,91.78941908713986,31.620191345701166
SMAP-2158,91.79979253112327,31.620191345701166
SMAP-2159,91.81016597510667,31.620191345701166
SMAP-2160,91.82053941909008,31.620191345701166
SMAP-2161,91.83091286307348,31.620191345701166
SMAP-2162,91.84128630705689,31.620191345701166
SMAP-2163,91.8516597510403,31.620191345701166
SMAP-2164,91.8620331950237,31.620191345701166
SMAP-2165,91.87240663900711,31.620191345701166
SMAP-2166,91.8827800829905,31.620191345701166
SMAP-2167,91.8931535269739,31.620191345701166
SMAP-2168,91.90352697095732,31.620191345701166
SMAP-2169,91.91390041494071,31.620191345701166
SMAP-2170,91.92427385892411,31.620191345701166
SMAP-2171,91.9346473029075,31.620191345701166
SMAP-2172,91.9450207468909,31.620191345701166
SMAP-2173,91.95539419087432,31.620191345701166
SMAP-2174,91.9657676348577,31.620191345701166
SMAP-2175,91.97614107884111,31.620191345701166
SMAP-2176,91.9865145228245,31.620191345701166
SMAP-2177,91.99688796680792,31.620191345701166
SMAP-2178,92.00726141079133,31.620191345701166
SMAP-2179,92.01763485477473,31.620191345701166
SMAP-2180,92.02800829875814,31.620191345701166
SMAP-2181,92.03838174274154,31.620191345701166
SMAP-2182,92.04875518672495,31.620191345701166
SMAP-2183,92.05912863070836,31.620191345701166
SMAP-2184,92.06950207469175,31.620191345701166
SMAP-2185,92.07987551867517,31.620191345701166
SMAP-2186,92.09024896265855,31.620191345701166
SMAP-2187,92.10062240664196,31.620191345701166
SMAP-2188,92.11099585062534,31.620191345701166
SMAP-2189,92.12136929460875,31.620191345701166
SMAP-2190,92.13174273859217,31.620191345701166
SMAP-2191,92.14211618257556,31.620191345701166
SMAP-2192,92.15248962655897,31.620191345701166
SMAP-2193,92.16286307054237,31.620191345701166
SMAP-2194,92.17323651452577,31.620191345701166
SMAP-2195,92.18360995850917,31.620191345701166
SMAP-2196,92.19398340249256,31.620191345701166
SMAP-2197,92.20435684647597,31.620191345701166
SMAP-2198,92.21473029045937,31.620191345701166
SMAP-2199,92.22510373444278,31.620191345701166
SMAP-2200,92.2354771784262,31.620191345701166
SMAP-2201,92.24585062240959,31.620191345701166
SMAP-2202,92.256224066393,31.620191345701166
SMAP-2203,92.26659751037641,31.620191345701166
SMAP-2204,92.27697095435981,31.620191345701166
SMAP-2205,92.28734439834318,31.620191345701166
SMAP-2206,92.29771784232659,31.620191345701166
SMAP-2207,92.30809128631,31.620191345701166
SMAP-2208,92.3184647302934,31.620191345701166
SMAP-2209,92.32883817427681,31.620191345701166
SMAP-2210,92.33921161826022,31.620191345701166
SMAP-2211,92.34958506224362,31.620191345701166
SMAP-2212,92.35995850622703,31.620191345701166
SMAP-2213,92.37033195021043,31.620191345701166
SMAP-2214,92.38070539419382,31.620191345701166
SMAP-2215,92.39107883817722,31.620191345701166
SMAP-2216,92.40145228216062,31.620191345701166
SMAP-2217,92.41182572614403,31.620191345701166
SMAP-2218,92.42219917012743,31.620191345701166
SMAP-2219,92.43257261411084,31.620191345701166
SMAP-2220,92.44294605809425,31.620191345701166
SMAP-2221,91.68568464730585,31.611012209632808
SMAP-2222,91.69605809128926,31.611012209632808
SMAP-2223,91.70643153527266,31.611012209632808
SMAP-2224,91.71680497925605,31.611012209632808
SMAP-2225,91.72717842323947,31.611012209632808
SMAP-2226,91.73755186722286,31.611012209632808
SMAP-2227,91.74792531120627,31.611012209632808
SMAP-2228,91.75829875518967,31.611012209632808
SMAP-2229,91.76867219917305,31.611012209632808
SMAP-2230,91.77904564315645,31.611012209632808
SMAP-2231,91.78941908713986,31.611012209632808
SMAP-2232,91.79979253112327,31.611012209632808
SMAP-2233,91.81016597510667,31.611012209632808
SMAP-2234,91.82053941909008,31.611012209632808
SMAP-2235,91.83091286307348,31.611012209632808
SMAP-2236,91.84128630705689,31.611012209632808
SMAP-2237,91.8516597510403,31.611012209632808
SMAP-2238,91.8620331950237,31.611012209632808
SMAP-2239,91.87240663900711,31.611012209632808
SMAP-2240,91.8827800829905,31.611012209632808
SMAP-2241,91.8931535269739,31.611012209632808
SMAP-2242,91.90352697095732,31.611012209632808
SMAP-2243,91.91390041494071,31.611012209632808
SMAP-2244,91.92427385892411,31.611012209632808
SMAP-2245,91.9346473029075,31.611012209632808
SMAP-2246,91.9450207468909,31.611012209632808
SMAP-2247,91.95539419087432,31.611012209632808
SMAP-2248,91.9657676348577,31.611012209632808
SMAP-2249,91.97614107884111,31.611012209632808
SMAP-2250,91.9865145228245,31.611012209632808
SMAP-2251,91.99688796680792,31.611012209632808
SMAP-2252,92.00726141079133,31.611012209632808
SMAP-2253,92.01763485477473,31.611012209632808
SMAP-2254,92.02800829875814,31.611012209632808
SMAP-2255,92.03838174274154,31.611012209632808
SMAP-2256,92.04875518672495,31.611012209632808
SMAP-2257,92.05912863070836,31.611012209632808
SMAP-2258,92.06950207469175,31.611012209632808
SMAP-2259,92.07987551867517,31.611012209632808
SMAP-2260,92.09024896265855,31.611012209632808
SMAP-2261,92.10062240664196,31.611012209632808
SMAP-2262,92.11099585062534,31.611012209632808
SMAP-2263,92.12136929460875,31.611012209632808
SMAP-2264,92.13174273859217,31.611012209632808
SMAP-2265,92.14211618257556,31.611012209632808
SMAP-2266,92.15248962655897,31.611012209632808
SMAP-2267,92.16286307054237,31.611012209632808
SMAP-2268,92.17323651452577,31.611012209632808
SMAP-2269,92.18360995850917,31.611012209632808
SMAP-2270,92.19398340249256,31.611012209632808
SMAP-2271,92.20435684647597,31.611012209632808
SMAP-2272,92.21473029045937,31.611012209632808
SMAP-2273,92.22510373444278,31.611012209632808
SMAP-2274,92.2354771784262,31.611012209632808
SMAP-2275,92.24585062240959,31.611012209632808
SMAP-2276,92.256224066393,31.611012209632808
SMAP-2277,92.26659751037641,31.611012209632808
SMAP-2278,92.27697095435981,31.611012209632808
SMAP-2279,92.28734439834318,31.611012209632808
SMAP-2280,92.29771784232659,31.611012209632808
SMAP-2281,92.30809128631,31.611012209632808
SMAP-2282,92.3184647302934,31.611012209632808
SMAP-2283,92.32883817427681,31.611012209632808
SMAP-2284,92.33921161826022,31.611012209632808
SMAP-2285,92.34958506224362,31.611012209632808
SMAP-2286,92.35995850622703,31.611012209632808
SMAP-2287,92.37033195021043,31.611012209632808
SMAP-2288,92.38070539419382,31.611012209632808
SMAP-2289,92.39107883817722,31.611012209632808
SMAP-2290,92.40145228216062,31.611012209632808
SMAP-2291,92.41182572614403,31.611012209632808
SMAP-2292,92.42219917012743,31.611012209632808
SMAP-2293,92.43257261411084,31.611012209632808
SMAP-2294,92.44294605809425,31.611012209632808
SMAP-2295,91.68568464730585,31.601833960949385
SMAP-2296,91.69605809128926,31.601833960949385
SMAP-2297,91.70643153527266,31.601833960949385
SMAP-2298,91.71680497925605,31.601833960949385
SMAP-2299,91.72717842323947,31.601833960949385
SMAP-2300,91.73755186722286,31.601833960949385
SMAP-2301,91.74792531120627,31.601833960949385
SMAP-2302,91.75829875518967,31.601833960949385
SMAP-2303,91.76867219917305,31.601833960949385
SMAP-2304,91.77904564315645,31.601833960949385
SMAP-2305,91.78941908713986,31.601833960949385
SMAP-2306,91.79979253112327,31.601833960949385
SMAP-2307,91.81016597510667,31.601833960949385
SMAP-2308,91.82053941909008,31.601833960949385
SMAP-2309,91.83091286307348,31.601833960949385
SMAP-2310,91.84128630705689,31.601833960949385
SMAP-2311,91.8516597510403,31.601833960949385
SMAP-2312,91.8620331950237,31.601833960949385
SMAP-2313,91.87240663900711,31.601833960949385
SMAP-2314,91.8827800829905,31.601833960949385
SMAP-2315,91.8931535269739,31.601833960949385
SMAP-2316,91.90352697095732,31.601833960949385
SMAP-2317,91.91390041494071,31.601833960949385
SMAP-2318,91.92427385892411,31.601833960949385
SMAP-2319,91.9346473029075,31.601833960949385
SMAP-2320,91.9450207468909,31.601833960949385
SMAP-2321,91.95539419087432,31.601833960949385
SMAP-2322,91.9657676348577,31.601833960949385
SMAP-2323,91.97614107884111,31.601833960949385
SMAP-2324,91.9865145228245,31.601833960949385
SMAP-2325,91.99688796680792,31.601833960949385
SMAP-2326,92.00726141079133,31.601833960949385
SMAP-2327,92.01763485477473,31.601833960949385
SMAP-2328,92.02800829875814,31.601833960949385
SMAP-2329,92.03838174274154,31.601833960949385
SMAP-2330,92.04875518672495,31.601833960949385
SMAP-2331,92.05912863070836,31.601833960949385
SMAP-2332,92.06950207469175,31.601833960949385
SMAP-2333,92.07987551867517,31.601833960949385
SMAP-2334,92.09024896265855,31.601833960949385
SMAP-2335,92.10062240664196,31.601833960949385
SMAP-2336,92.11099585062534,31.601833960949385
SMAP-2337,92.12136929460875,31.601833960949385
SMAP-2338,92.13174273859217,31.601833960949385
SMAP-2339,92.14211618257556,31.601833960949385
SMAP-2340,92.15248962655897,31.601833960949385
SMAP-2341,92.16286307054237,31.601833960949385
SMAP-2342,92.17323651452577,31.601833960949385
SMAP-2343,92.18360995850917,31.601833960949385
SMAP-2344,92.19398340249256,31.601833960949385
SMAP-2345,92.20435684647597,31.601833960949385
SMAP-2346,92.21473029045937,31.601833960949385
SMAP-2347,92.22510373444278,31.601833960949385
SMAP-2348,92.2354771784262,31.601833960949385
SMAP-2349,92.24585062240959,31.601833960949385
SMAP-2350,92.256224066393,31.601833960949385
SMAP-2351,92.26659751037641,31.601833960949385
SMAP-2352,92.27697095435981,31.601833960949385
SMAP-2353,92.28734439834318,31.601833960949385
SMAP-2354,92.29771784232659,31.601833960949385
SMAP-2355,92.30809128631,31.601833960949385
SMAP-2356,92.3184647302934,31.601833960949385
SMAP-2357,92.32883817427681,31.601833960949385
SMAP-2358,92.33921161826022,31.601833960949385
SMAP-2359,92.34958506224362,31.601833960949385
SMAP-2360,92.35995850622703,31.601833960949385
SMAP-2361,92.37033195021043,31.601833960949385
SMAP-2362,92.38070539419382,31.601833960949385
SMAP-2363,92.39107883817722,31.601833960949385
SMAP-2364,92.40145228216062,31.601833960949385
SMAP-2365,92.41182572614403,31.601833960949385
SMAP-2366,92.42219917012743,31.601833960949385
SMAP-2367,92.43257261411084,31.601833960949385
SMAP-2368,92.44294605809425,31.601833960949385
SMAP-2369,91.68568464730585,31.59265659915754
SMAP-2370,91.69605809128926,31.59265659915754
SMAP-2371,91.70643153527266,31.59265659915754
SMAP-2372,91.71680497925605,31.59265659915754
SMAP-2373,91.72717842323947,31.59265659915754
SMAP-2374,91.73755186722286,31.59265659915754
SMAP-2375,91.74792531120627,31.59265659915754
SMAP-2376,91.75829875518967,31.59265659915754
SMAP-2377,91.76867219917305,31.59265659915754
SMAP-2378,91.77904564315645,31.59265659915754
SMAP-2379,91.78941908713986,31.59265659915754
SMAP-2380,91.79979253112327,31.59265659915754
SMAP-2381,91.81016597510667,31.59265659915754
SMAP-2382,91.82053941909008,31.59265659915754
SMAP-2383,91.83091286307348,31.59265659915754
SMAP-2384,91.84128630705689,31.59265659915754
SMAP-2385,91.8516597510403,31.59265659915754
SMAP-2386,91.8620331950237,31.59265659915754
SMAP-2387,91.87240663900711,31.59265659915754
SMAP-2388,91.8827800829905,31.59265659915754
SMAP-2389,91.8931535269739,31.59265659915754
SMAP-2390,91.90352697095732,31.59265659915754
SMAP-2391,91.91390041494071,31.59265659915754
SMAP-2392,91.92427385892411,31.59265659915754
SMAP-2393,91.9346473029075,31.59265659915754
SMAP-2394,91.9450207468909,31.59265659915754
SMAP-2395,91.95539419087432,31.59265659915754
SMAP-2396,91.9657676348577,31.59265659915754
SMAP-2397,91.97614107884111,31.59265659915754
SMAP-2398,91.9865145228245,31.59265659915754
SMAP-2399,91.99688796680792,31.59265659915754
SMAP-2400,92.00726141079133,31.59265659915754
SMAP-2401,92.01763485477473,31.59265659915754
SMAP-2402,92.02800829875814,31.59265659915754
SMAP-2403,92.03838174274154,31.59265659915754
SMAP-2404,92.04875518672495,31.59265659915754
SMAP-2405,92.05912863070836,31.59265659915754
SMAP-2406,92.06950207469175,31.59265659915754
SMAP-2407,92.07987551867517,31.59265659915754
SMAP-2408,92.09024896265855,31.59265659915754
SMAP-2409,92.10062240664196,31.59265659915754
SMAP-2410,92.11099585062534,31.59265659915754
SMAP-2411,92.12136929460875,31.59265659915754
SMAP-2412,92.13174273859217,31.59265659915754
SMAP-2413,92.14211618257556,31.59265659915754
SMAP-2414,92.15248962655897,31.59265659915754
SMAP-2415,92.16286307054237,31.59265659915754
SMAP-2416,92.17323651452577,31.59265659915754
SMAP-2417,92.18360995850917,31.59265659915754
SMAP-2418,92.19398340249256,31.59265659915754
SMAP-2419,92.20435684647597,31.59265659915754
SMAP-2420,92.21473029045937,31.59265659915754
SMAP-2421,92.22510373444278,31.59265659915754
SMAP-2422,92.2354771784262,31.59265659915754
SMAP-2423,92.24585062240959,31.59265659915754
SMAP-2424,92.256224066393,31.59265659915754
SMAP-2425,92.26659751037641,31.59265659915754
SMAP-2426,92.27697095435981,31.59265659915754
SMAP-2427,92.28734439834318,31.59265659915754
SMAP-2428,92.29771784232659,31.59265659915754
SMAP-2429,92.30809128631,31.59265659915754
SMAP-2430,92.3184647302934,31.59265659915754
SMAP-2431,92.32883817427681,31.59265659915754
SMAP-2432,92.33921161826022,31.59265659915754
SMAP-2433,92.34958506224362,31.59265659915754
SMAP-2434,92.35995850622703,31.59265659915754
SMAP-2435,92.37033195021043,31.59265659915754
SMAP-2436,92.38070539419382,31.59265659915754
SMAP-2437,92.39107883817722,31.59265659915754
SMAP-2438,92.40145228216062,31.59265659915754
SMAP-2439,92.41182572614403,31.59265659915754
SMAP-2440,92.42219917012743,31.59265659915754
SMAP-2441,92.43257261411084,31.59265659915754
SMAP-2442,92.44294605809425,31.59265659915754
SMAP-2443,91.68568464730585,31.583480123764254
SMAP-2444,91.69605809128926,31.583480123764254
SMAP-2445,91.70643153527266,31.583480123764254
SMAP-2446,91.71680497925605,31.583480123764254
SMAP-2447,91.72717842323947,31.583480123764254
SMAP-2448,91.73755186722286,31.583480123764254
SMAP-2449,91.74792531120627,31.583480123764254
SMAP-2450,91.75829875518967,31.583480123764254
SMAP-2451,91.76867219917305,31.583480123764254
SMAP-2452,91.77904564315645,31.583480123764254
SMAP-2453,91.78941908713986,31.583480123764254
SMAP-2454,91.79979253112327,31.583480123764254
SMAP-2455,91.81016597510667,31.583480123764254
SMAP-2456,91.82053941909008,31.583480123764254
SMAP-2457,91.83091286307348,31.583480123764254
SMAP-2458,91.84128630705689,31.583480123764254
SMAP-2459,91.8516597510403,31.583480123764254
SMAP-2460,91.8620331950237,31.583480123764254
SMAP-2461,91.87240663900711,31.583480123764254
SMAP-2462,91.8827800829905,31.583480123764254
SMAP-2463,91.8931535269739,31.583480123764254
SMAP-2464,91.90352697095732,31.583480123764254
SMAP-2465,91.91390041494071,31.583480123764254
SMAP-2466,91.92427385892411,31.583480123764254
SMAP-2467,91.9346473029075,31.583480123764254
SMAP-2468,91.9450207468909,31.583480123764254
SMAP-2469,91.95539419087432,31.583480123764254
SMAP-2470,91.9657676348577,31.583480123764254
SMAP-2471,91.97614107884111,31.583480123764254
SMAP-2472,91.9865145228245,31.583480123764254
SMAP-2473,91.99688796680792,31.583480123764254
SMAP-2474,92.00726141079133,31.583480123764254
SMAP-2475,92.01763485477473,31.583480123764254
SMAP-2476,92.02800829875814,31.583480123764254
SMAP-2477,92.03838174274154,31.583480123764254
SMAP-2478,92.04875518672495,31.583480123764254
SMAP-2479,92.05912863070836,31.583480123764254
SMAP-2480,92.06950207469175,31.583480123764254
SMAP-2481,92.07987551867517,31.583480123764254
SMAP-2482,92.09024896265855,31.583480123764254
SMAP-2483,92.10062240664196,31.583480123764254
SMAP-2484,92.11099585062534,31.583480123764254
SMAP-2485,92.12136929460875,31.583480123764254
SMAP-2486,92.13174273859217,31.583480123764254
SMAP-2487,92.14211618257556,31.583480123764254
SMAP-2488,92.15248962655897,31.583480123764254
SMAP-2489,92.16286307054237,31.583480123764254
SMAP-2490,92.17323651452577,31.583480123764254
SMAP-2491,92.18360995850917,31.583480123764254
SMAP-2492,92.19398340249256,31.583480123764254
SMAP-2493,92.20435684647597,31.583480123764254
SMAP-2494,92.21473029045937,31.583480123764254
SMAP-2495,92.22510373444278,31.583480123764254
SMAP-2496,92.2354771784262,31.583480123764254
SMAP-2497,92.24585062240959,31.583480123764254
SMAP-2498,92.256224066393,31.583480123764254
SMAP-2499,92.26659751037641,31.583480123764254
SMAP-2500,92.27697095435981,31.583480123764254
SMAP-2501,92.28734439834318,31.583480123764254
SMAP-2502,92.29771784232659,31.583480123764254
SMAP-2503,92.30809128631,31.583480123764254
SMAP-2504,92.3184647302934,31.583480123764254
SMAP-2505,92.32883817427681,31.583480123764254
SMAP-2506,92.33921161826022,31.583480123764254
SMAP-2507,92.34958506224362,31.583480123764254
SMAP-2508,92.35995850622703,31.583480123764254
SMAP-2509,92.37033195021043,31.583480123764254
SMAP-2510,92.38070539419382,31.583480123764254
SMAP-2511,92.39107883817722,31.583480123764254
SMAP-2512,92.40145228216062,31.583480123764254
SMAP-2513,92.41182572614403,31.583480123764254
SMAP-2514,92.42219917012743,31.583480123764254
SMAP-2515,92.43257261411084,31.583480123764254
SMAP-2516,92.44294605809425,31.583480123764254
SMAP-2517,91.68568464730585,31.574304534276887
SMAP-2518,91.69605809128926,31.574304534276887
SMAP-2519,91.70643153527266,31.574304534276887
SMAP-2520,91.71680497925605,31.574304534276887
SMAP-2521,91.72717842323947,31.574304534276887
SMAP-2522,91.73755186722286,31.574304534276887
SMAP-2523,91.74792531120627,31.574304534276887
SMAP-2524,91.75829875518967,31.574304534276887
SMAP-2525,91.76867219917305,31.574304534276887
SMAP-2526,91.77904564315645,31.574304534276887
SMAP-2527,91.78941908713986,31.574304534276887
SMAP-2528,91.79979253112327,31.574304534276887
SMAP-2529,91.81016597510667,31.574304534276887
SMAP-2530,91.82053941909008,31.574304534276887
SMAP-2531,91.83091286307348,31.574304534276887
SMAP-2532,91.84128630705689,31.574304534276887
SMAP-2533,91.8516597510403,31.574304534276887
SMAP-2534,91.8620331950237,31.574304534276887
SMAP-2535,91.87240663900711,31.574304534276887
SMAP-2536,91.8827800829905,31.574304534276887
SMAP-2537,91.8931535269739,31.574304534276887
SMAP-2538,91.90352697095732,31.574304534276887
SMAP-2539,91.91390041494071,31.574304534276887
SMAP-2540,91.92427385892411,31.574304534276887
SMAP-2541,91.9346473029075,31.574304534276887
SMAP-2542,91.9450207468909,31.574304534276887
SMAP-2543,91.95539419087432,31.574304534276887
SMAP-2544,91.9657676348577,31.574304534276887
SMAP-2545,91.97614107884111,31.574304534276887
SMAP-2546,91.9865145228245,31.574304534276887
SMAP-2547,91.99688796680792,31.574304534276887
SMAP-2548,92.00726141079133,31.574304534276887
SMAP-2549,92.01763485477473,31.574304534276887
SMAP-2550,92.02800829875814,31.574304534276887
SMAP-2551,92.03838174274154,31.574304534276887
SMAP-2552,92.04875518672495,31.574304534276887
SMAP-2553,92.05912863070836,31.574304534276887
SMAP-2554,92.06950207469175,31.574304534276887
SMAP-2555,92.07987551867517,31.574304534276887
SMAP-2556,92.09024896265855,31.574304534276887
SMAP-2557,92.10062240664196,31.574304534276887
SMAP-2558,92.11099585062534,31.574304534276887
SMAP-2559,92.12136929460875,31.574304534276887
SMAP-2560,92.13174273859217,31.574304534276887
SMAP-2561,92.14211618257556,31.574304534276887
SMAP-2562,92.15248962655897,31.574304534276887
SMAP-2563,92.16286307054237,31.574304534276887
SMAP-2564,92.17323651452577,31.574304534276887
SMAP-2565,92.18360995850917,31.574304534276887
SMAP-2566,92.19398340249256,31.574304534276887
SMAP-2567,92.20435684647597,31.574304534276887
SMAP-2568,92.21473029045937,31.574304534276887
SMAP-2569,92.22510373444278,31.574304534276887
SMAP-2570,92.2354771784262,31.574304534276887
SMAP-2571,92.24585062240959,31.574304534276887
SMAP-2572,92.256224066393,31.574304534276887
SMAP-2573,92.26659751037641,31.574304534276887
SMAP-2574,92.27697095435981,31.574304534276887
SMAP-2575,92.28734439834318,31.574304534276887
SMAP-2576,92.29771784232659,31.574304534276887
SMAP-2577,92.30809128631,31.574304534276887
SMAP-2578,92.3184647302934,31.574304534276887
SMAP-2579,92.32883817427681,31.574304534276887
SMAP-2580,92.33921161826022,31.574304534276887
SMAP-2581,92.34958506224362,31.574304534276887
SMAP-2582,92.35995850622703,31.574304534276887
SMAP-2583,92.37033195021043,31.574304534276887
SMAP-2584,92.38070539419382,31.574304534276887
SMAP-2585,92.39107883817722,31.574304534276887
SMAP-2586,92.40145228216062,31.574304534276887
SMAP-2587,92.41182572614403,31.574304534276887
SMAP-2588,92.42219917012743,31.574304534276887
SMAP-2589,92.43257261411084,31.574304534276887
SMAP-2590,92.44294605809425,31.574304534276887
SMAP-2591,91.68568464730585,31.565129830203073
SMAP-2592,91.69605809128926,31.565129830203073
SMAP-2593,91.70643153527266,31.565129830203073
SMAP-2594,91.71680497925605,31.565129830203073
SMAP-2595,91.72717842323947,31.565129830203073
SMAP-2596,91.73755186722286,31.565129830203073
SMAP-2597,91.74792531120627,31.565129830203073
SMAP-2598,91.75829875518967,31.565129830203073
SMAP-2599,91.76867219917305,31.565129830203073
SMAP-2600,91.77904564315645,31.565129830203073
SMAP-2601,91.78941908713986,31.565129830203073
SMAP-2602,91.79979253112327,31.565129830203073
SMAP-2603,91.81016597510667,31.565129830203073
SMAP-2604,91.82053941909008,31.565129830203073
SMAP-2605,91.83091286307348,31.565129830203073
SMAP-2606,91.84128630705689,31.565129830203073
SMAP-2607,91.8516597510403,31.565129830203073
SMAP-2608,91.8620331950237,31.565129830203073
SMAP-2609,91.87240663900711,31.565129830203073
SMAP-2610,91.8827800829905,31.565129830203073
SMAP-2611,91.8931535269739,31.565129830203073
SMAP-2612,91.90352697095732,31.565129830203073
SMAP-2613,91.91390041494071,31.565129830203073
SMAP-2614,91.92427385892411,31.565129830203073
SMAP-2615,91.9346473029075,31.565129830203073
SMAP-2616,91.9450207468909,31.565129830203073
SMAP-2617,91.95539419087432,31.565129830203073
SMAP-2618,91.9657676348577,31.565129830203073
SMAP-2619,91.97614107884111,31.565129830203073
SMAP-2620,91.9865145228245,31.565129830203073
SMAP-2621,91.99688796680792,31.565129830203073
SMAP-2622,92.00726141079133,31.565129830203073
SMAP-2623,92.01763485477473,31.565129830203073
SMAP-2624,92.02800829875814,31.565129830203073
SMAP-2625,92.03838174274154,31.565129830203073
SMAP-2626,92.04875518672495,31.565129830203073
SMAP-2627,92.05912863070836,31.565129830203073
SMAP-2628,92.06950207469175,31.565129830203073
SMAP-2629,92.07987551867517,31.565129830203073
SMAP-2630,92.09024896265855,31.565129830203073
SMAP-2631,92.10062240664196,31.565129830203073
SMAP-2632,92.11099585062534,31.565129830203073
SMAP-2633,92.12136929460875,31.565129830203073
SMAP-2634,92.13174273859217,31.565129830203073
SMAP-2635,92.14211618257556,31.565129830203073
SMAP-2636,92.15248962655897,31.565129830203073
SMAP-2637,92.16286307054237,31.565129830203073
SMAP-2638,92.17323651452577,31.565129830203073
SMAP-2639,92.18360995850917,31.565129830203073
SMAP-2640,92.19398340249256,31.565129830203073
SMAP-2641,92.20435684647597,31.565129830203073
SMAP-2642,92.21473029045937,31.565129830203073
SMAP-2643,92.22510373444278,31.565129830203073
SMAP-2644,92.2354771784262,31.565129830203073
SMAP-2645,92.24585062240959,31.565129830203073
SMAP-2646,92.256224066393,31.565129830203073
SMAP-2647,92.26659751037641,31.565129830203073
SMAP-2648,92.27697095435981,31.565129830203073
SMAP-2649,92.28734439834318,31.565129830203073
SMAP-2650,92.29771784232659,31.565129830203073
SMAP-2651,92.30809128631,31.565129830203073
SMAP-2652,92.3184647302934,31.565129830203073
SMAP-2653,92.32883817427681,31.565129830203073
SMAP-2654,92.33921161826022,31.565129830203073
SMAP-2655,92.34958506224362,31.565129830203073
SMAP-2656,92.35995850622703,31.565129830203073
SMAP-2657,92.37033195021043,31.565129830203073
SMAP-2658,92.38070539419382,31.565129830203073
SMAP-2659,92.39107883817722,31.565129830203073
SMAP-2660,92.40145228216062,31.565129830203073
SMAP-2661,92.41182572614403,31.565129830203073
SMAP-2662,92.42219917012743,31.565129830203073
SMAP-2663,92.43257261411084,31.565129830203073
SMAP-2664,92.44294605809425,31.565129830203073
SMAP-2665,91.68568464730585,31.555956011050817
SMAP-2666,91.69605809128926,31.555956011050817
SMAP-2667,91.70643153527266,31.555956011050817
SMAP-2668,91.71680497925605,31.555956011050817
SMAP-2669,91.72717842323947,31.555956011050817
SMAP-2670,91.73755186722286,31.555956011050817
SMAP-2671,91.74792531120627,31.555956011050817
SMAP-2672,91.75829875518967,31.555956011050817
SMAP-2673,91.76867219917305,31.555956011050817
SMAP-2674,91.77904564315645,31.555956011050817
SMAP-2675,91.78941908713986,31.555956011050817
SMAP-2676,91.79979253112327,31.555956011050817
SMAP-2677,91.81016597510667,31.555956011050817
SMAP-2678,91.82053941909008,31.555956011050817
SMAP-2679,91.83091286307348,31.555956011050817
SMAP-2680,91.84128630705689,31.555956011050817
SMAP-2681,91.8516597510403,31.555956011050817
SMAP-2682,91.8620331950237,31.555956011050817
SMAP-2683,91.87240663900711,31.555956011050817
SMAP-2684,91.8827800829905,31.555956011050817
SMAP-2685,91.8931535269739,31.555956011050817
SMAP-2686,91.90352697095732,31.555956011050817
SMAP-2687,91.91390041494071,31.555956011050817
SMAP-2688,91.92427385892411,31.555956011050817
SMAP-2689,91.9346473029075,31.555956011050817
SMAP-2690,91.9450207468909,31.555956011050817
SMAP-2691,91.95539419087432,31.555956011050817
SMAP-2692,91.9657676348577,31.555956011050817
SMAP-2693,91.97614107884111,31.555956011050817
SMAP-2694,91.9865145228245,31.555956011050817
SMAP-2695,91.99688796680792,31.555956011050817
SMAP-2696,92.00726141079133,31.555956011050817
SMAP-2697,92.01763485477473,31.555956011050817
SMAP-2698,92.02800829875814,31.555956011050817
SMAP-2699,92.03838174274154,31.555956011050817
SMAP-2700,92.04875518672495,31.555956011050817
SMAP-2701,92.05912863070836,31.555956011050817
SMAP-2702,92.06950207469175,31.555956011050817
SMAP-2703,92.07987551867517,31.555956011050817
SMAP-2704,92.09024896265855,31.555956011050817
SMAP-2705,92.10062240664196,31.555956011050817
SMAP-2706,92.11099585062534,31.555956011050817
SMAP-2707,92.12136929460875,31.555956011050817
SMAP-2708,92.13174273859217,31.555956011050817
SMAP-2709,92.14211618257556,31.555956011050817
SMAP-2710,92.15248962655897,31.555956011050817
SMAP-2711,92.16286307054237,31.555956011050817
SMAP-2712,92.17323651452577,31.555956011050817
SMAP-2713,92.18360995850917,31.555956011050817
SMAP-2714,92.19398340249256,31.555956011050817
SMAP-2715,92.20435684647597,31.555956011050817
SMAP-2716,92.21473029045937,31.555956011050817
SMAP-2717,92.22510373444278,31.555956011050817
SMAP-2718,92.2354771784262,31.555956011050817
SMAP-2719,92.24585062240959,31.555956011050817
SMAP-2720,92.256224066393,31.555956011050817
SMAP-2721,92.26659751037641,31.555956011050817
SMAP-2722,92.27697095435981,31.555956011050817
SMAP-2723,92.28734439834318,31.555956011050817
SMAP-2724,92.29771784232659,31.555956011050817
SMAP-2725,92.30809128631,31.555956011050817
SMAP-2726,92.3184647302934,31.555956011050817
SMAP-2727,92.32883817427681,31.555956011050817
SMAP-2728,92.33921161826022,31.555956011050817
SMAP-2729,92.34958506224362,31.555956011050817
SMAP-2730,92.35995850622703,31.555956011050817
SMAP-2731,92.37033195021043,31.555956011050817
SMAP-2732,92.38070539419382,31.555956011050817
SMAP-2733,92.39107883817722,31.555956011050817
SMAP-2734,92.40145228216062,31.555956011050817
SMAP-2735,92.41182572614403,31.555956011050817
SMAP-2736,92.42219917012743,31.555956011050817
SMAP-2737,92.43257261411084,31.555956011050817
SMAP-2738,92.44294605809425,31.555956011050817
SMAP-2739,91.68568464730585,31.54678307632843
SMAP-2740,91.69605809128926,31.54678307632843
SMAP-2741,91.70643153527266,31.54678307632843
SMAP-2742,91.71680497925605,31.54678307632843
SMAP-2743,91.72717842323947,31.54678307632843
SMAP-2744,91.73755186722286,31.54678307632843
SMAP-2745,91.74792531120627,31.54678307632843
SMAP-2746,91.75829875518967,31.54678307632843
SMAP-2747,91.76867219917305,31.54678307632843
SMAP-2748,91.77904564315645,31.54678307632843
SMAP-2749,91.78941908713986,31.54678307632843
SMAP-2750,91.79979253112327,31.54678307632843
SMAP-2751,91.81016597510667,31.54678307632843
SMAP-2752,91.82053941909008,31.54678307632843
SMAP-2753,91.83091286307348,31.54678307632843
SMAP-2754,91.84128630705689,31.54678307632843
SMAP-2755,91.8516597510403,31.54678307632843
SMAP-2756,91.8620331950237,31.54678307632843
SMAP-2757,91.87240663900711,31.54678307632843
SMAP-2758,91.8827800829905,31.54678307632843
SMAP-2759,91.8931535269739,31.54678307632843
SMAP-2760,91.90352697095732,31.54678307632843
SMAP-2761,91.91390041494071,31.54678307632843
SMAP-2762,91.92427385892411,31.54678307632843
SMAP-2763,91.9346473029075,31.54678307632843
SMAP-2764,91.9450207468909,31.54678307632843
SMAP-2765,91.95539419087432,31.54678307632843
SMAP-2766,91.9657676348577,31.54678307632843
SMAP-2767,91.97614107884111,31.54678307632843
SMAP-2768,91.9865145228245,31.54678307632843
SMAP-2769,91.99688796680792,31.54678307632843
SMAP-2770,92.00726141079133,31.54678307632843
SMAP-2771,92.01763485477473,31.54678307632843
SMAP-2772,92.02800829875814,31.54678307632843
SMAP-2773,92.03838174274154,31.54678307632843
SMAP-2774,92.04875518672495,31.54678307632843
SMAP-2775,92.05912863070836,31.54678307632843
SMAP-2776,92.06950207469175,31.54678307632843
SMAP-2777,92.07987551867517,31.54678307632843
SMAP-2778,92.09024896265855,31.54678307632843
SMAP-2779,92.10062240664196,31.54678307632843
SMAP-2780,92.11099585062534,31.54678307632843
SMAP-2781,92.12136929460875,31.54678307632843
SMAP-2782,92.13174273859217,31.54678307632843
SMAP-2783,92.14211618257556,31.54678307632843
SMAP-2784,92.15248962655897,31.54678307632843
SMAP-2785,92.16286307054237,31.54678307632843
SMAP-2786,92.17323651452577,31.54678307632843
SMAP-2787,92.18360995850917,31.54678307632843
SMAP-2788,92.19398340249256,31.54678307632843
SMAP-2789,92.20435684647597,31.54678307632843
SMAP-2790,92.21473029045937,31.54678307632843
SMAP-2791,92.22510373444278,31.54678307632843
SMAP-2792,92.2354771784262,31.54678307632843
SMAP-2793,92.24585062240959,31.54678307632843
SMAP-2794,92.256224066393,31.54678307632843
SMAP-2795,92.26659751037641,31.54678307632843
SMAP-2796,92.27697095435981,31.54678307632843
SMAP-2797,92.28734439834318,31.54678307632843
SMAP-2798,92.29771784232659,31.54678307632843
SMAP-2799,92.30809128631,31.54678307632843
SMAP-2800,92.3184647302934,31.54678307632843
SMAP-2801,92.32883817427681,31.54678307632843
SMAP-2802,92.33921161826022,31.54678307632843
SMAP-2803,92.34958506224362,31.54678307632843
SMAP-2804,92.35995850622703,31.54678307632843
SMAP-2805,92.37033195021043,31.54678307632843
SMAP-2806,92.38070539419382,31.54678307632843
SMAP-2807,92.39107883817722,31.54678307632843
SMAP-2808,92.40145228216062,31.54678307632843
SMAP-2809,92.41182572614403,31.54678307632843
SMAP-2810,92.42219917012743,31.54678307632843
SMAP-2811,92.43257261411084,31.54678307632843
SMAP-2812,92.44294605809425,31.54678307632843
SMAP-2813,91.68568464730585,31.537611025544564
SMAP-2814,91.69605809128926,31.537611025544564
SMAP-2815,91.70643153527266,31.537611025544564
SMAP-2816,91.71680497925605,31.537611025544564
SMAP-2817,91.72717842323947,31.537611025544564
SMAP-2818,91.73755186722286,31.537611025544564
SMAP-2819,91.74792531120627,31.537611025544564
SMAP-2820,91.75829875518967,31.537611025544564
SMAP-2821,91.76867219917305,31.537611025544564
SMAP-2822,91.77904564315645,31.537611025544564
SMAP-2823,91.78941908713986,31.537611025544564
SMAP-2824,91.79979253112327,31.537611025544564
SMAP-2825,91.81016597510667,31.537611025544564
SMAP-2826,91.82053941909008,31.537611025544564
SMAP-2827,91.83091286307348,31.537611025544564
SMAP-2828,91.84128630705689,31.537611025544564
SMAP-2829,91.8516597510403,31.537611025544564
SMAP-2830,91.8620331950237,31.537611025544564
SMAP-2831,91.87240663900711,31.537611025544564
SMAP-2832,91.8827800829905,31.537611025544564
SMAP-2833,91.8931535269739,31.537611025544564
SMAP-2834,91.90352697095732,31.537611025544564
SMAP-2835,91.91390041494071,31.537611025544564
SMAP-2836,91.92427385892411,31.537611025544564
SMAP-2837,91.9346473029075,31.537611025544564
SMAP-2838,91.9450207468909,31.537611025544564
SMAP-2839,91.95539419087432,31.537611025544564
SMAP-2840,91.9657676348577,31.537611025544564
SMAP-2841,91.97614107884111,31.537611025544564
SMAP-2842,91.9865145228245,31.537611025544564
SMAP-2843,91.99688796680792,31.537611025544564
SMAP-2844,92.00726141079133,31.537611025544564
SMAP-2845,92.01763485477473,31.537611025544564
SMAP-2846,92.02800829875814,31.537611025544564
SMAP-2847,92.03838174274154,31.537611025544564
SMAP-2848,92.04875518672495,31.537611025544564
SMAP-2849,92.05912863070836,31.537611025544564
SMAP-2850,92.06950207469175,31.537611025544564
SMAP-2851,92.07987551867517,31.537611025544564
SMAP-2852,92.09024896265855,31.537611025544564
SMAP-2853,92.10062240664196,31.537611025544564
SMAP-2854,92.11099585062534,31.537611025544564
SMAP-2855,92.12136929460875,31.537611025544564
SMAP-2856,92.13174273859217,31.537611025544564
SMAP-2857,92.14211618257556,31.537611025544564
SMAP-2858,92.15248962655897,31.537611025544564
SMAP-2859,92.16286307054237,31.537611025544564
SMAP-2860,92.17323651452577,31.537611025544564
SMAP-2861,92.18360995850917,31.537611025544564
SMAP-2862,92.19398340249256,31.537611025544564
SMAP-2863,92.20435684647597,31.537611025544564
SMAP-2864,92.21473029045937,31.537611025544564
SMAP-2865,92.22510373444278,31.537611025544564
SMAP-2866,92.2354771784262,31.537611025544564
SMAP-2867,92.24585062240959,31.537611025544564
SMAP-2868,92.256224066393,31.537611025544564
SMAP-2869,92.26659751037641,31.537611025544564
SMAP-2870,92.27697095435981,31.537611025544564
SMAP-2871,92.28734439834318,31.537611025544564
SMAP-2872,92.29771784232659,31.537611025544564
SMAP-2873,92.30809128631,31.537611025544564
SMAP-2874,92.3184647302934,31.537611025544564
SMAP-2875,92.32883817427681,31.537611025544564
SMAP-2876,92.33921161826022,31.537611025544564
SMAP-2877,92.34958506224362,31.537611025544564
SMAP-2878,92.35995850622703,31.537611025544564
SMAP-2879,92.37033195021043,31.537611025544564
SMAP-2880,92.38070539419382,31.537611025544564
SMAP-2881,92.39107883817722,31.537611025544564
SMAP-2882,92.40145228216062,31.537611025544564
SMAP-2883,92.41182572614403,31.537611025544564
SMAP-2884,92.42219917012743,31.537611025544564
SMAP-2885,92.43257261411084,31.537611025544564
SMAP-2886,92.44294605809425,31.537611025544564
SMAP-2887,91.68568464730585,31.528439858208245
SMAP-2888,91.69605809128926,31.528439858208245
SMAP-2889,91.70643153527266,31.528439858208245
SMAP-2890,91.71680497925605,31.528439858208245
SMAP-2891,91.72717842323947,31.528439858208245
SMAP-2892,91.73755186722286,31.528439858208245
SMAP-2893,91.74792531120627,31.528439858208245
SMAP-2894,91.75829875518967,31.528439858208245
SMAP-2895,91.76867219917305,31.528439858208245
SMAP-2896,91.77904564315645,31.528439858208245
SMAP-2897,91.78941908713986,31.528439858208245
SMAP-2898,91.79979253112327,31.528439858208245
SMAP-2899,91.81016597510667,31.528439858208245
SMAP-2900,91.82053941909008,31.528439858208245
SMAP-2901,91.83091286307348,31.528439858208245
SMAP-2902,91.84128630705689,31.528439858208245
SMAP-2903,91.8516597510403,31.528439858208245
SMAP-2904,91.8620331950237,31.528439858208245
SMAP-2905,91.87240663900711,31.528439858208245
SMAP-2906,91.8827800829905,31.528439858208245
SMAP-2907,91.8931535269739,31.528439858208245
SMAP-2908,91.90352697095732,31.528439858208245
SMAP-2909,91.91390041494071,31.528439858208245
SMAP-2910,91.92427385892411,31.528439858208245
SMAP-2911,91.9346473029075,31.528439858208245
SMAP-2912,91.9450207468909,31.528439858208245
SMAP-2913,91.95539419087432,31.528439858208245
SMAP-2914,91.9657676348577,31.528439858208245
SMAP-2915,91.97614107884111,31.528439858208245
SMAP-2916,91.9865145228245,31.528439858208245
SMAP-2917,91.99688796680792,31.528439858208245
SMAP-2918,92.00726141079133,31.528439858208245
SMAP-2919,92.01763485477473,31.528439858208245
SMAP-2920,92.02800829875814,31.528439858208245
SMAP-2921,92.03838174274154,31.528439858208245
SMAP-2922,92.04875518672495,31.528439858208245
SMAP-2923,92.05912863070836,31.528439858208245
SMAP-2924,92.06950207469175,31.528439858208245
SMAP-2925,92.07987551867517,31.528439858208245
SMAP-2926,92.09024896265855,31.528439858208245
SMAP-2927,92.10062240664196,31.528439858208245
SMAP-2928,92.11099585062534,31.528439858208245
SMAP-2929,92.12136929460875,31.528439858208245
SMAP-2930,92.13174273859217,31.528439858208245
SMAP-2931,92.14211618257556,31.528439858208245
SMAP-2932,92.15248962655897,31.528439858208245
SMAP-2933,92.16286307054237,31.528439858208245
SMAP-2934,92.17323651452577,31.528439858208245
SMAP-2935,92.18360995850917,31.528439858208245
SMAP-2936,92.19398340249256,31.528439858208245
SMAP-2937,92.20435684647597,31.528439858208245
SMAP-2938,92.21473029045937,31.528439858208245
SMAP-2939,92.22510373444278,31.528439858208245
SMAP-2940,92.2354771784262,31.528439858208245
SMAP-2941,92.24585062240959,31.528439858208245
SMAP-2942,92.256224066393,31.528439858208245
SMAP-2943,92.26659751037641,31.528439858208245
SMAP-2944,92.27697095435981,31.528439858208245
SMAP-2945,92.28734439834318,31.528439858208245
SMAP-2946,92.29771784232659,31.528439858208245
SMAP-2947,92.30809128631,31.528439858208245
SMAP-2948,92.3184647302934,31.528439858208245
SMAP-2949,92.32883817427681,31.528439858208245
SMAP-2950,92.33921161826022,31.528439858208245
SMAP-2951,92.34958506224362,31.528439858208245
SMAP-2952,92.35995850622703,31.528439858208245
SMAP-2953,92.37033195021043,31.528439858208245
SMAP-2954,92.38070539419382,31.528439858208245
SMAP-2955,92.39107883817722,31.528439858208245
SMAP-2956,92.40145228216062,31.528439858208245
SMAP-2957,92.41182572614403,31.528439858208245
SMAP-2958,92.42219917012743,31.528439858208245
SMAP-2959,92.43257261411084,31.528439858208245
SMAP-2960,92.44294605809425,31.528439858208245
SMAP-2961,91.68568464730585,31.519269573828726
SMAP-2962,91.69605809128926,31.519269573828726
SMAP-2963,91.70643153527266,31.519269573828726
SMAP-2964,91.71680497925605,31.519269573828726
SMAP-2965,91.72717842323947,31.519269573828726
SMAP-2966,91.73755186722286,31.519269573828726
SMAP-2967,91.74792531120627,31.519269573828726
SMAP-2968,91.75829875518967,31.519269573828726
SMAP-2969,91.76867219917305,31.519269573828726
SMAP-2970,91.77904564315645,31.519269573828726
SMAP-2971,91.78941908713986,31.519269573828726
SMAP-2972,91.79979253112327,31.519269573828726
SMAP-2973,91.81016597510667,31.519269573828726
SMAP-2974,91.82053941909008,31.519269573828726
SMAP-2975,91.83091286307348,31.519269573828726
SMAP-2976,91.84128630705689,31.519269573828726
SMAP-2977,91.8516597510403,31.519269573828726
SMAP-2978,91.8620331950237,31.519269573828726
SMAP-2979,91.87240663900711,31.519269573828726
SMAP-2980,91.8827800829905,31.519269573828726
SMAP-2981,91.8931535269739,31.519269573828726
SMAP-2982,91.90352697095732,31.519269573828726
SMAP-2983,91.91390041494071,31.519269573828726
SMAP-2984,91.92427385892411,31.519269573828726
SMAP-2985,91.9346473029075,31.519269573828726
SMAP-2986,91.9450207468909,31.519269573828726
SMAP-2987,91.95539419087432,31.519269573828726
SMAP-2988,91.9657676348577,31.519269573828726
SMAP-2989,91.97614107884111,31.519269573828726
SMAP-2990,91.9865145228245,31.519269573828726
SMAP-2991,91.99688796680792,31.519269573828726
SMAP-2992,92.00726141079133,31.519269573828726
SMAP-2993,92.01763485477473,31.519269573828726
SMAP-2994,92.02800829875814,31.519269573828726
SMAP-2995,92.03838174274154,31.519269573828726
SMAP-2996,92.04875518672495,31.519269573828726
SMAP-2997,92.05912863070836,31.519269573828726
SMAP-2998,92.06950207469175,31.519269573828726
SMAP-2999,92.07987551867517,31.519269573828726
SMAP-3000,92.09024896265855,31.519269573828726
SMAP-3001,92.10062240664196,31.519269573828726
SMAP-3002,92.11099585062534,31.519269573828726
SMAP-3003,92.12136929460875,31.519269573828726
SMAP-3004,92.13174273859217,31.519269573828726
SMAP-3005,92.14211618257556,31.519269573828726
SMAP-3006,92.15248962655897,31.519269573828726
SMAP-3007,92.16286307054237,31.519269573828726
SMAP-3008,92.17323651452577,31.519269573828726
SMAP-3009,92.18360995850917,31.519269573828726
SMAP-3010,92.19398340249256,31.519269573828726
SMAP-3011,92.20435684647597,31.519269573828726
SMAP-3012,92.21473029045937,31.519269573828726
SMAP-3013,92.22510373444278,31.519269573828726
SMAP-3014,92.2354771784262,31.519269573828726
SMAP-3015,92.24585062240959,31.519269573828726
SMAP-3016,92.256224066393,31.519269573828726
SMAP-3017,92.26659751037641,31.519269573828726
SMAP-3018,92.27697095435981,31.519269573828726
SMAP-3019,92.28734439834318,31.519269573828726
SMAP-3020,92.29771784232659,31.519269573828726
SMAP-3021,92.30809128631,31.519269573828726
SMAP-3022,92.3184647302934,31.519269573828726
SMAP-3023,92.32883817427681,31.519269573828726
SMAP-3024,92.33921161826022,31.519269573828726
SMAP-3025,92.34958506224362,31.519269573828726
SMAP-3026,92.35995850622703,31.519269573828726
SMAP-3027,92.37033195021043,31.519269573828726
SMAP-3028,92.38070539419382,31.519269573828726
SMAP-3029,92.39107883817722,31.519269573828726
SMAP-3030,92.40145228216062,31.519269573828726
SMAP-3031,92.41182572614403,31.519269573828726
SMAP-3032,92.42219917012743,31.519269573828726
SMAP-3033,92.43257261411084,31.519269573828726
SMAP-3034,92.44294605809425,31.519269573828726
SMAP-3035,91.68568464730585,31.510100171915692
SMAP-3036,91.69605809128926,31.510100171915692
SMAP-3037,91.70643153527266,31.510100171915692
SMAP-3038,91.71680497925605,31.510100171915692
SMAP-3039,91.72717842323947,31.510100171915692
SMAP-3040,91.73755186722286,31.510100171915692
SMAP-3041,91.74792531120627,31.510100171915692
SMAP-3042,91.75829875518967,31.510100171915692
SMAP-3043,91.76867219917305,31.510100171915692
SMAP-3044,91.77904564315645,31.510100171915692
SMAP-3045,91.78941908713986,31.510100171915692
SMAP-3046,91.79979253112327,31.510100171915692
SMAP-3047,91.81016597510667,31.510100171915692
SMAP-3048,91.82053941909008,31.510100171915692
SMAP-3049,91.83091286307348,31.510100171915692
SMAP-3050,91.84128630705689,31.510100171915692
SMAP-3051,91.8516597510403,31.510100171915692
SMAP-3052,91.8620331950237,31.510100171915692
SMAP-3053,91.87240663900711,31.510100171915692
SMAP-3054,91.8827800829905,31.510100171915692
SMAP-3055,91.8931535269739,31.510100171915692
SMAP-3056,91.90352697095732,31.510100171915692
SMAP-3057,91.91390041494071,31.510100171915692
SMAP-3058,91.92427385892411,31.510100171915692
SMAP-3059,91.9346473029075,31.510100171915692
SMAP-3060,91.9450207468909,31.510100171915692
SMAP-3061,91.95539419087432,31.510100171915692
SMAP-3062,91.9657676348577,31.510100171915692
SMAP-3063,91.97614107884111,31.510100171915692
SMAP-3064,91.9865145228245,31.510100171915692
SMAP-3065,91.99688796680792,31.510100171915692
SMAP-3066,92.00726141079133,31.510100171915692
SMAP-3067,92.01763485477473,31.510100171915692
SMAP-3068,92.02800829875814,31.510100171915692
SMAP-3069,92.03838174274154,31.510100171915692
SMAP-3070,92.04875518672495,31.510100171915692
SMAP-3071,92.05912863070836,31.510100171915692
SMAP-3072,92.06950207469175,31.510100171915692
SMAP-3073,92.07987551867517,31.510100171915692
SMAP-3074,92.09024896265855,31.510100171915692
SMAP-3075,92.10062240664196,31.510100171915692
SMAP-3076,92.11099585062534,31.510100171915692
SMAP-3077,92.12136929460875,31.510100171915692
SMAP-3078,92.13174273859217,31.510100171915692
SMAP-3079,92.14211618257556,31.510100171915692
SMAP-3080,92.15248962655897,31.510100171915692
SMAP-3081,92.16286307054237,31.510100171915692
SMAP-3082,92.17323651452577,31.510100171915692
SMAP-3083,92.18360995850917,31.510100171915692
SMAP-3084,92.19398340249256,31.510100171915692
SMAP-3085,92.20435684647597,31.510100171915692
SMAP-3086,92.21473029045937,31.510100171915692
SMAP-3087,92.22510373444278,31.510100171915692
SMAP-3088,92.2354771784262,31.510100171915692
SMAP-3089,92.24585062240959,31.510100171915692
SMAP-3090,92.256224066393,31.510100171915692
SMAP-3091,92.26659751037641,31.510100171915692
SMAP-3092,92.27697095435981,31.510100171915692
SMAP-3093,92.28734439834318,31.510100171915692
SMAP-3094,92.29771784232659,31.510100171915692
SMAP-3095,92.30809128631,31.510100171915692
SMAP-3096,92.3184647302934,31.510100171915692
SMAP-3097,92.32883817427681,31.510100171915692
SMAP-3098,92.33921161826022,31.510100171915692
SMAP-3099,92.34958506224362,31.510100171915692
SMAP-3100,92.35995850622703,31.510100171915692
SMAP-3101,92.37033195021043,31.510100171915692
SMAP-3102,92.38070539419382,31.510100171915692
SMAP-3103,92.39107883817722,31.510100171915692
SMAP-3104,92.40145228216062,31.510100171915692
SMAP-3105,92.41182572614403,31.510100171915692
SMAP-3106,92.42219917012743,31.510100171915692
SMAP-3107,92.43257261411084,31.510100171915692
SMAP-3108,92.44294605809425,31.510100171915692
SMAP-3109,91.68568464730585,31.500931651979105
SMAP-3110,91.69605809128926,31.500931651979105
SMAP-3111,91.70643153527266,31.500931651979105
SMAP-3112,91.71680497925605,31.500931651979105
SMAP-3113,91.72717842323947,31.500931651979105
SMAP-3114,91.73755186722286,31.500931651979105
SMAP-3115,91.74792531120627,31.500931651979105
SMAP-3116,91.75829875518967,31.500931651979105
SMAP-3117,91.76867219917305,31.500931651979105
SMAP-3118,91.77904564315645,31.500931651979105
SMAP-3119,91.78941908713986,31.500931651979105
SMAP-3120,91.79979253112327,31.500931651979105
SMAP-3121,91.81016597510667,31.500931651979105
SMAP-3122,91.82053941909008,31.500931651979105
SMAP-3123,91.83091286307348,31.500931651979105
SMAP-3124,91.84128630705689,31.500931651979105
SMAP-3125,91.8516597510403,31.500931651979105
SMAP-3126,91.8620331950237,31.500931651979105
SMAP-3127,91.87240663900711,31.500931651979105
SMAP-3128,91.8827800829905,31.500931651979105
SMAP-3129,91.8931535269739,31.500931651979105
SMAP-3130,91.90352697095732,31.500931651979105
SMAP-3131,91.91390041494071,31.500931651979105
SMAP-3132,91.92427385892411,31.500931651979105
SMAP-3133,91.9346473029075,31.500931651979105
SMAP-3134,91.9450207468909,31.500931651979105
SMAP-3135,91.95539419087432,31.500931651979105
SMAP-3136,91.9657676348577,31.500931651979105
SMAP-3137,91.97614107884111,31.500931651979105
SMAP-3138,91.9865145228245,31.500931651979105
SMAP-3139,91.99688796680792,31.500931651979105
SMAP-3140,92.00726141079133,31.500931651979105
SMAP-3141,92.01763485477473,31.500931651979105
SMAP-3142,92.02800829875814,31.500931651979105
SMAP-3143,92.03838174274154,31.500931651979105
SMAP-3144,92.04875518672495,31.500931651979105
SMAP-3145,92.05912863070836,31.500931651979105
SMAP-3146,92.06950207469175,31.500931651979105
SMAP-3147,92.07987551867517,31.500931651979105
SMAP-3148,92.09024896265855,31.500931651979105
SMAP-3149,92.10062240664196,31.500931651979105
SMAP-3150,92.11099585062534,31.500931651979105
SMAP-3151,92.12136929460875,31.500931651979105
SMAP-3152,92.13174273859217,31.500931651979105
SMAP-3153,92.14211618257556,31.500931651979105
SMAP-3154,92.15248962655897,31.500931651979105
SMAP-3155,92.16286307054237,31.500931651979105
SMAP-3156,92.17323651452577,31.500931651979105
SMAP-3157,92.18360995850917,31.500931651979105
SMAP-3158,92.19398340249256,31.500931651979105
SMAP-3159,92.20435684647597,31.500931651979105
SMAP-3160,92.21473029045937,31.500931651979105
SMAP-3161,92.22510373444278,31.500931651979105
SMAP-3162,92.2354771784262,31.500931651979105
SMAP-3163,92.24585062240959,31.500931651979105
SMAP-3164,92.256224066393,31.500931651979105
SMAP-3165,92.26659751037641,31.500931651979105
SMAP-3166,92.27697095435981,31.500931651979105
SMAP-3167,92.28734439834318,31.500931651979105
SMAP-3168,92.29771784232659,31.500931651979105
SMAP-3169,92.30809128631,31.500931651979105
SMAP-3170,92.3184647302934,31.500931651979105
SMAP-3171,92.32883817427681,31.500931651979105
SMAP-3172,92.33921161826022,31.500931651979105
SMAP-3173,92.34958506224362,31.500931651979105
SMAP-3174,92.35995850622703,31.500931651979105
SMAP-3175,92.37033195021043,31.500931651979105
SMAP-3176,92.38070539419382,31.500931651979105
SMAP-3177,92.39107883817722,31.500931651979105
SMAP-3178,92.40145228216062,31.500931651979105
SMAP-3179,92.41182572614403,31.500931651979105
SMAP-3180,92.42219917012743,31.500931651979105
SMAP-3181,92.43257261411084,31.500931651979105
SMAP-3182,92.44294605809425,31.500931651979105
SMAP-3183,91.68568464730585,31.491764013529306
SMAP-3184,91.69605809128926,31.491764013529306
SMAP-3185,91.70643153527266,31.491764013529306
SMAP-3186,91.71680497925605,31.491764013529306
SMAP-3187,91.72717842323947,31.491764013529306
SMAP-3188,91.73755186722286,31.491764013529306
SMAP-3189,91.74792531120627,31.491764013529306
SMAP-3190,91.75829875518967,31.491764013529306
SMAP-3191,91.76867219917305,31.491764013529306
SMAP-3192,91.77904564315645,31.491764013529306
SMAP-3193,91.78941908713986,31.491764013529306
SMAP-3194,91.79979253112327,31.491764013529306
SMAP-3195,91.81016597510667,31.491764013529306
SMAP-3196,91.82053941909008,31.491764013529306
SMAP-3197,91.83091286307348,31.491764013529306
SMAP-3198,91.84128630705689,31.491764013529306
SMAP-3199,91.8516597510403,31.491764013529306
SMAP-3200,91.8620331950237,31.491764013529306
SMAP-3201,91.87240663900711,31.491764013529306
SMAP-3202,91.8827800829905,31.491764013529306
SMAP-3203,91.8931535269739,31.491764013529306
SMAP-3204,91.90352697095732,31.491764013529306
SMAP-3205,91.91390041494071,31.491764013529306
SMAP-3206,91.92427385892411,31.491764013529306
SMAP-3207,91.9346473029075,31.491764013529306
SMAP-3208,91.9450207468909,31.491764013529306
SMAP-3209,91.95539419087432,31.491764013529306
SMAP-3210,91.9657676348577,31.491764013529306
SMAP-3211,91.97614107884111,31.491764013529306
SMAP-3212,91.9865145228245,31.491764013529306
SMAP-3213,91.99688796680792,31.491764013529306
SMAP-3214,92.00726141079133,31.491764013529306
SMAP-3215,92.01763485477473,31.491764013529306
SMAP-3216,92.02800829875814,31.491764013529306
SMAP-3217,92.03838174274154,31.491764013529306
SMAP-3218,92.04875518672495,31.491764013529306
SMAP-3219,92.05912863070836,31.491764013529306
SMAP-3220,92.06950207469175,31.491764013529306
SMAP-3221,92.07987551867517,31.491764013529306
SMAP-3222,92.09024896265855,31.491764013529306
SMAP-3223,92.10062240664196,31.491764013529306
SMAP-3224,92.11099585062534,31.491764013529306
SMAP-3225,92.12136929460875,31.491764013529306
SMAP-3226,92.13174273859217,31.491764013529306
SMAP-3227,92.14211618257556,31.491764013529306
SMAP-3228,92.15248962655897,31.491764013529306
SMAP-3229,92.16286307054237,31.491764013529306
SMAP-3230,92.17323651452577,31.491764013529306
SMAP-3231,92.18360995850917,31.491764013529306
SMAP-3232,92.19398340249256,31.491764013529306
SMAP-3233,92.20435684647597,31.491764013529306
SMAP-3234,92.21473029045937,31.491764013529306
SMAP-3235,92.22510373444278,31.491764013529306
SMAP-3236,92.2354771784262,31.491764013529306
SMAP-3237,92.24585062240959,31.491764013529306
SMAP-3238,92.256224066393,31.491764013529306
SMAP-3239,92.26659751037641,31.491764013529306
SMAP-3240,92.27697095435981,31.491764013529306
SMAP-3241,92.28734439834318,31.491764013529306
SMAP-3242,92.29771784232659,31.491764013529306
SMAP-3243,92.30809128631,31.491764013529306
SMAP-3244,92.3184647302934,31.491764013529306
SMAP-3245,92.32883817427681,31.491764013529306
SMAP-3246,92.33921161826022,31.491764013529306
SMAP-3247,92.34958506224362,31.491764013529306
SMAP-3248,92.35995850622703,31.491764013529306
SMAP-3249,92.37033195021043,31.491764013529306
SMAP-3250,92.38070539419382,31.491764013529306
SMAP-3251,92.39107883817722,31.491764013529306
SMAP-3252,92.40145228216062,31.491764013529306
SMAP-3253,92.41182572614403,31.491764013529306
SMAP-3254,92.42219917012743,31.491764013529306
SMAP-3255,92.43257261411084,31.491764013529306
SMAP-3256,92.44294605809425,31.491764013529306
SMAP-3257,91.68568464730585,31.482597256076872
SMAP-3258,91.69605809128926,31.482597256076872
SMAP-3259,91.70643153527266,31.482597256076872
SMAP-3260,91.71680497925605,31.482597256076872
SMAP-3261,91.72717842323947,31.482597256076872
SMAP-3262,91.73755186722286,31.482597256076872
SMAP-3263,91.74792531120627,31.482597256076872
SMAP-3264,91.75829875518967,31.482597256076872
SMAP-3265,91.76867219917305,31.482597256076872
SMAP-3266,91.77904564315645,31.482597256076872
SMAP-3267,91.78941908713986,31.482597256076872
SMAP-3268,91.79979253112327,31.482597256076872
SMAP-3269,91.81016597510667,31.482597256076872
SMAP-3270,91.82053941909008,31.482597256076872
SMAP-3271,91.83091286307348,31.482597256076872
SMAP-3272,91.84128630705689,31.482597256076872
SMAP-3273,91.8516597510403,31.482597256076872
SMAP-3274,91.8620331950237,31.482597256076872
SMAP-3275,91.87240663900711,31.482597256076872
SMAP-3276,91.8827800829905,31.482597256076872
SMAP-3277,91.8931535269739,31.482597256076872
SMAP-3278,91.90352697095732,31.482597256076872
SMAP-3279,91.91390041494071,31.482597256076872
SMAP-3280,91.92427385892411,31.482597256076872
SMAP-3281,91.9346473029075,31.482597256076872
SMAP-3282,91.9450207468909,31.482597256076872
SMAP-3283,91.95539419087432,31.482597256076872
SMAP-3284,91.9657676348577,31.482597256076872
SMAP-3285,91.97614107884111,31.482597256076872
SMAP-3286,91.9865145228245,31.482597256076872
SMAP-3287,91.99688796680792,31.482597256076872
SMAP-3288,92.00726141079133,31.482597256076872
SMAP-3289,92.01763485477473,31.482597256076872
SMAP-3290,92.02800829875814,31.482597256076872
SMAP-3291,92.03838174274154,31.482597256076872
SMAP-3292,92.04875518672495,31.482597256076872
SMAP-3293,92.05912863070836,31.482597256076872
SMAP-3294,92.06950207469175,31.482597256076872
SMAP-3295,92.07987551867517,31.482597256076872
SMAP-3296,92.09024896265855,31.482597256076872
SMAP-3297,92.10062240664196,31.482597256076872
SMAP-3298,92.11099585062534,31.482597256076872
SMAP-3299,92.12136929460875,31.482597256076872
SMAP-3300,92.13174273859217,31.482597256076872
SMAP-3301,92.14211618257556,31.482597256076872
SMAP-3302,92.15248962655897,31.482597256076872
SMAP-3303,92.16286307054237,31.482597256076872
SMAP-3304,92.17323651452577,31.482597256076872
SMAP-3305,92.18360995850917,31.482597256076872
SMAP-3306,92.19398340249256,31.482597256076872
SMAP-3307,92.20435684647597,31.482597256076872
SMAP-3308,92.21473029045937,31.482597256076872
SMAP-3309,92.22510373444278,31.482597256076872
SMAP-3310,92.2354771784262,31.482597256076872
SMAP-3311,92.24585062240959,31.482597256076872
SMAP-3312,92.256224066393,31.482597256076872
SMAP-3313,92.26659751037641,31.482597256076872
SMAP-3314,92.27697095435981,31.482597256076872
SMAP-3315,92.28734439834318,31.482597256076872
SMAP-3316,92.29771784232659,31.482597256076872
SMAP-3317,92.30809128631,31.482597256076872
SMAP-3318,92.3184647302934,31.482597256076872
SMAP-3319,92.32883817427681,31.482597256076872
SMAP-3320,92.33921161826022,31.482597256076872
SMAP-3321,92.34958506224362,31.482597256076872
SMAP-3322,92.35995850622703,31.482597256076872
SMAP-3323,92.37033195021043,31.482597256076872
SMAP-3324,92.38070539419382,31.482597256076872
SMAP-3325,92.39107883817722,31.482597256076872
SMAP-3326,92.40145228216062,31.482597256076872
SMAP-3327,92.41182572614403,31.482597256076872
SMAP-3328,92.42219917012743,31.482597256076872
SMAP-3329,92.43257261411084,31.482597256076872
SMAP-3330,92.44294605809425,31.482597256076872
SMAP-3331,91.68568464730585,31.473431379132812
SMAP-3332,91.69605809128926,31.473431379132812
SMAP-3333,91.70643153527266,31.473431379132812
SMAP-3334,91.71680497925605,31.473431379132812
SMAP-3335,91.72717842323947,31.473431379132812
SMAP-3336,91.73755186722286,31.473431379132812
SMAP-3337,91.74792531120627,31.473431379132812
SMAP-3338,91.75829875518967,31.473431379132812
SMAP-3339,91.76867219917305,31.473431379132812
SMAP-3340,91.77904564315645,31.473431379132812
SMAP-3341,91.78941908713986,31.473431379132812
SMAP-3342,91.79979253112327,31.473431379132812
SMAP-3343,91.81016597510667,31.473431379132812
SMAP-3344,91.82053941909008,31.473431379132812
SMAP-3345,91.83091286307348,31.473431379132812
SMAP-3346,91.84128630705689,31.473431379132812
SMAP-3347,91.8516597510403,31.473431379132812
SMAP-3348,91.8620331950237,31.473431379132812
SMAP-3349,91.87240663900711,31.473431379132812
SMAP-3350,91.8827800829905,31.473431379132812
SMAP-3351,91.8931535269739,31.473431379132812
SMAP-3352,91.90352697095732,31.473431379132812
SMAP-3353,91.91390041494071,31.473431379132812
SMAP-3354,91.92427385892411,31.473431379132812
SMAP-3355,91.9346473029075,31.473431379132812
SMAP-3356,91.9450207468909,31.473431379132812
SMAP-3357,91.95539419087432,31.473431379132812
SMAP-3358,91.9657676348577,31.473431379132812
SMAP-3359,91.97614107884111,31.473431379132812
SMAP-3360,91.9865145228245,31.473431379132812
SMAP-3361,91.99688796680792,31.473431379132812
SMAP-3362,92.00726141079133,31.473431379132812
SMAP-3363,92.01763485477473,31.473431379132812
SMAP-3364,92.02800829875814,31.473431379132812
SMAP-3365,92.03838174274154,31.473431379132812
SMAP-3366,92.04875518672495,31.473431379132812
SMAP-3367,92.05912863070836,31.473431379132812
SMAP-3368,92.06950207469175,31.473431379132812
SMAP-3369,92.07987551867517,31.473431379132812
SMAP-3370,92.09024896265855,31.473431379132812
SMAP-3371,92.10062240664196,31.473431379132812
SMAP-3372,92.11099585062534,31.473431379132812
SMAP-3373,92.12136929460875,31.473431379132812
SMAP-3374,92.13174273859217,31.473431379132812
SMAP-3375,92.14211618257556,31.473431379132812
SMAP-3376,92.15248962655897,31.473431379132812
SMAP-3377,92.16286307054237,31.473431379132812
SMAP-3378,92.17323651452577,31.473431379132812
SMAP-3379,92.18360995850917,31.473431379132812
SMAP-3380,92.19398340249256,31.473431379132812
SMAP-3381,92.20435684647597,31.473431379132812
SMAP-3382,92.21473029045937,31.473431379132812
SMAP-3383,92.22510373444278,31.473431379132812
SMAP-3384,92.2354771784262,31.473431379132812
SMAP-3385,92.24585062240959,31.473431379132812
SMAP-3386,92.256224066393,31.473431379132812
SMAP-3387,92.26659751037641,31.473431379132812
SMAP-3388,92.27697095435981,31.473431379132812
SMAP-3389,92.28734439834318,31.473431379132812
SMAP-3390,92.29771784232659,31.473431379132812
SMAP-3391,92.30809128631,31.473431379132812
SMAP-3392,92.3184647302934,31.473431379132812
SMAP-3393,92.32883817427681,31.473431379132812
SMAP-3394,92.33921161826022,31.473431379132812
SMAP-3395,92.34958506224362,31.473431379132812
SMAP-3396,92.35995850622703,31.473431379132812
SMAP-3397,92.37033195021043,31.473431379132812
SMAP-3398,92.38070539419382,31.473431379132812
SMAP-3399,92.39107883817722,31.473431379132812
SMAP-3400,92.40145228216062,31.473431379132812
SMAP-3401,92.41182572614403,31.473431379132812
SMAP-3402,92.42219917012743,31.473431379132812
SMAP-3403,92.43257261411084,31.473431379132812
SMAP-3404,92.44294605809425,31.473431379132812
SMAP-3405,91.68568464730585,31.4642663822084
SMAP-3406,91.69605809128926,31.4642663822084
SMAP-3407,91.70643153527266,31.4642663822084
SMAP-3408,91.71680497925605,31.4642663822084
SMAP-3409,91.72717842323947,31.4642663822084
SMAP-3410,91.73755186722286,31.4642663822084
SMAP-3411,91.74792531120627,31.4642663822084
SMAP-3412,91.75829875518967,31.4642663822084
SMAP-3413,91.76867219917305,31.4642663822084
SMAP-3414,91.77904564315645,31.4642663822084
SMAP-3415,91.78941908713986,31.4642663822084
SMAP-3416,91.79979253112327,31.4642663822084
SMAP-3417,91.81016597510667,31.4642663822084
SMAP-3418,91.82053941909008,31.4642663822084
SMAP-3419,91.83091286307348,31.4642663822084
SMAP-3420,91.84128630705689,31.4642663822084
SMAP-3421,91.8516597510403,31.4642663822084
SMAP-3422,91.8620331950237,31.4642663822084
SMAP-3423,91.87240663900711,31.4642663822084
SMAP-3424,91.8827800829905,31.4642663822084
SMAP-3425,91.8931535269739,31.4642663822084
SMAP-3426,91.90352697095732,31.4642663822084
SMAP-3427,91.91390041494071,31.4642663822084
SMAP-3428,91.92427385892411,31.4642663822084
SMAP-3429,91.9346473029075,31.4642663822084
SMAP-3430,91.9450207468909,31.4642663822084
SMAP-3431,91.95539419087432,31.4642663822084
SMAP-3432,91.9657676348577,31.4642663822084
SMAP-3433,91.97614107884111,31.4642663822084
SMAP-3434,91.9865145228245,31.4642663822084
SMAP-3435,91.99688796680792,31.4642663822084
SMAP-3436,92.00726141079133,31.4642663822084
SMAP-3437,92.01763485477473,31.4642663822084
SMAP-3438,92.02800829875814,31.4642663822084
SMAP-3439,92.03838174274154,31.4642663822084
SMAP-3440,92.04875518672495,31.4642663822084
SMAP-3441,92.05912863070836,31.4642663822084
SMAP-3442,92.06950207469175,31.4642663822084
SMAP-3443,92.07987551867517,31.4642663822084
SMAP-3444,92.09024896265855,31.4642663822084
SMAP-3445,92.10062240664196,31.4642663822084
SMAP-3446,92.11099585062534,31.4642663822084
SMAP-3447,92.12136929460875,31.4642663822084
SMAP-3448,92.13174273859217,31.4642663822084
SMAP-3449,92.14211618257556,31.4642663822084
SMAP-3450,92.15248962655897,31.4642663822084
SMAP-3451,92.16286307054237,31.4642663822084
SMAP-3452,92.17323651452577,31.4642663822084
SMAP-3453,92.18360995850917,31.4642663822084
SMAP-3454,92.19398340249256,31.4642663822084
SMAP-3455,92.20435684647597,31.4642663822084
SMAP-3456,92.21473029045937,31.4642663822084
SMAP-3457,92.22510373444278,31.4642663822084
SMAP-3458,92.2354771784262,31.4642663822084
SMAP-3459,92.24585062240959,31.4642663822084
SMAP-3460,92.256224066393,31.4642663822084
SMAP-3461,92.26659751037641,31.4642663822084
SMAP-3462,92.27697095435981,31.4642663822084
SMAP-3463,92.28734439834318,31.4642663822084
SMAP-3464,92.29771784232659,31.4642663822084
SMAP-3465,92.30809128631,31.4642663822084
SMAP-3466,92.3184647302934,31.4642663822084
SMAP-3467,92.32883817427681,31.4642663822084
SMAP-3468,92.33921161826022,31.4642663822084
SMAP-3469,92.34958506224362,31.4642663822084
SMAP-3470,92.35995850622703,31.4642663822084
SMAP-3471,92.37033195021043,31.4642663822084
SMAP-3472,92.38070539419382,31.4642663822084
SMAP-3473,92.39107883817722,31.4642663822084
SMAP-3474,92.40145228216062,31.4642663822084
SMAP-3475,92.41182572614403,31.4642663822084
SMAP-3476,92.42219917012743,31.4642663822084
SMAP-3477,92.43257261411084,31.4642663822084
SMAP-3478,92.44294605809425,31.4642663822084
SMAP-3479,91.68568464730585,31.455102264815277
SMAP-3480,91.69605809128926,31.455102264815277
SMAP-3481,91.70643153527266,31.455102264815277
SMAP-3482,91.71680497925605,31.455102264815277
SMAP-3483,91.72717842323947,31.455102264815277
SMAP-3484,91.73755186722286,31.455102264815277
SMAP-3485,91.74792531120627,31.455102264815277
SMAP-3486,91.75829875518967,31.455102264815277
SMAP-3487,91.76867219917305,31.455102264815277
SMAP-3488,91.77904564315645,31.455102264815277
SMAP-3489,91.78941908713986,31.455102264815277
SMAP-3490,91.79979253112327,31.455102264815277
SMAP-3491,91.81016597510667,31.455102264815277
SMAP-3492,91.82053941909008,31.455102264815277
SMAP-3493,91.83091286307348,31.455102264815277
SMAP-3494,91.84128630705689,31.455102264815277
SMAP-3495,91.8516597510403,31.455102264815277
SMAP-3496,91.8620331950237,31.455102264815277
SMAP-3497,91.87240663900711,31.455102264815277
SMAP-3498,91.8827800829905,31.455102264815277
SMAP-3499,91.8931535269739,31.455102264815277
SMAP-3500,91.90352697095732,31.455102264815277
SMAP-3501,91.91390041494071,31.455102264815277
SMAP-3502,91.92427385892411,31.455102264815277
SMAP-3503,91.9346473029075,31.455102264815277
SMAP-3504,91.9450207468909,31.455102264815277
SMAP-3505,91.95539419087432,31.455102264815277
SMAP-3506,91.9657676348577,31.455102264815277
SMAP-3507,91.97614107884111,31.455102264815277
SMAP-3508,91.9865145228245,31.455102264815277
SMAP-3509,91.99688796680792,31.455102264815277
SMAP-3510,92.00726141079133,31.455102264815277
SMAP-3511,92.01763485477473,31.455102264815277
SMAP-3512,92.02800829875814,31.455102264815277
SMAP-3513,92.03838174274154,31.455102264815277
SMAP-3514,92.04875518672495,31.455102264815277
SMAP-3515,92.05912863070836,31.455102264815277
SMAP-3516,92.06950207469175,31.455102264815277
SMAP-3517,92.07987551867517,31.455102264815277
SMAP-3518,92.09024896265855,31.455102264815277
SMAP-3519,92.10062240664196,31.455102264815277
SMAP-3520,92.11099585062534,31.455102264815277
SMAP-3521,92.12136929460875,31.455102264815277
SMAP-3522,92.13174273859217,31.455102264815277
SMAP-3523,92.14211618257556,31.455102264815277
SMAP-3524,92.15248962655897,31.455102264815277
SMAP-3525,92.16286307054237,31.455102264815277
SMAP-3526,92.17323651452577,31.455102264815277
SMAP-3527,92.18360995850917,31.455102264815277
SMAP-3528,92.19398340249256,31.455102264815277
SMAP-3529,92.20435684647597,31.455102264815277
SMAP-3530,92.21473029045937,31.455102264815277
SMAP-3531,92.22510373444278,31.455102264815277
SMAP-3532,92.2354771784262,31.455102264815277
SMAP-3533,92.24585062240959,31.455102264815277
SMAP-3534,92.256224066393,31.455102264815277
SMAP-3535,92.26659751037641,31.455102264815277
SMAP-3536,92.27697095435981,31.455102264815277
SMAP-3537,92.28734439834318,31.455102264815277
SMAP-3538,92.29771784232659,31.455102264815277
SMAP-3539,92.30809128631,31.455102264815277
SMAP-3540,92.3184647302934,31.455102264815277
SMAP-3541,92.32883817427681,31.455102264815277
SMAP-3542,92.33921161826022,31.455102264815277
SMAP-3543,92.34958506224362,31.455102264815277
SMAP-3544,92.35995850622703,31.455102264815277
SMAP-3545,92.37033195021043,31.455102264815277
SMAP-3546,92.38070539419382,31.455102264815277
SMAP-3547,92.39107883817722,31.455102264815277
SMAP-3548,92.40145228216062,31.455102264815277
SMAP-3549,92.41182572614403,31.455102264815277
SMAP-3550,92.42219917012743,31.455102264815277
SMAP-3551,92.43257261411084,31.455102264815277
SMAP-3552,92.44294605809425,31.455102264815277
SMAP-3553,91.68568464730585,31.445939026465364
SMAP-3554,91.69605809128926,31.445939026465364
SMAP-3555,91.70643153527266,31.445939026465364
SMAP-3556,91.71680497925605,31.445939026465364
SMAP-3557,91.72717842323947,31.445939026465364
SMAP-3558,91.73755186722286,31.445939026465364
SMAP-3559,91.74792531120627,31.445939026465364
SMAP-3560,91.75829875518967,31.445939026465364
SMAP-3561,91.76867219917305,31.445939026465364
SMAP-3562,91.77904564315645,31.445939026465364
SMAP-3563,91.78941908713986,31.445939026465364
SMAP-3564,91.79979253112327,31.445939026465364
SMAP-3565,91.81016597510667,31.445939026465364
SMAP-3566,91.82053941909008,31.445939026465364
SMAP-3567,91.83091286307348,31.445939026465364
SMAP-3568,91.84128630705689,31.445939026465364
SMAP-3569,91.8516597510403,31.445939026465364
SMAP-3570,91.8620331950237,31.445939026465364
SMAP-3571,91.87240663900711,31.445939026465364
SMAP-3572,91.8827800829905,31.445939026465364
SMAP-3573,91.8931535269739,31.445939026465364
SMAP-3574,91.90352697095732,31.445939026465364
SMAP-3575,91.91390041494071,31.445939026465364
SMAP-3576,91.92427385892411,31.445939026465364
SMAP-3577,91.9346473029075,31.445939026465364
SMAP-3578,91.9450207468909,31.445939026465364
SMAP-3579,91.95539419087432,31.445939026465364
SMAP-3580,91.9657676348577,31.445939026465364
SMAP-3581,91.97614107884111,31.445939026465364
SMAP-3582,91.9865145228245,31.445939026465364
SMAP-3583,91.99688796680792,31.445939026465364
SMAP-3584,92.00726141079133,31.445939026465364
SMAP-3585,92.01763485477473,31.445939026465364
SMAP-3586,92.02800829875814,31.445939026465364
SMAP-3587,92.03838174274154,31.445939026465364
SMAP-3588,92.04875518672495,31.445939026465364
SMAP-3589,92.05912863070836,31.445939026465364
SMAP-3590,92.06950207469175,31.445939026465364
SMAP-3591,92.07987551867517,31.445939026465364
SMAP-3592,92.09024896265855,31.445939026465364
SMAP-3593,92.10062240664196,31.445939026465364
SMAP-3594,92.11099585062534,31.445939026465364
SMAP-3595,92.12136929460875,31.445939026465364
SMAP-3596,92.13174273859217,31.445939026465364
SMAP-3597,92.14211618257556,31.445939026465364
SMAP-3598,92.15248962655897,31.445939026465364
SMAP-3599,92.16286307054237,31.445939026465364
SMAP-3600,92.17323651452577,31.445939026465364
SMAP-3601,92.18360995850917,31.445939026465364
SMAP-3602,92.19398340249256,31.445939026465364
SMAP-3603,92.20435684647597,31.445939026465364
SMAP-3604,92.21473029045937,31.445939026465364
SMAP-3605,92.22510373444278,31.445939026465364
SMAP-3606,92.2354771784262,31.445939026465364
SMAP-3607,92.24585062240959,31.445939026465364
SMAP-3608,92.256224066393,31.445939026465364
SMAP-3609,92.26659751037641,31.445939026465364
SMAP-3610,92.27697095435981,31.445939026465364
SMAP-3611,92.28734439834318,31.445939026465364
SMAP-3612,92.29771784232659,31.445939026465364
SMAP-3613,92.30809128631,31.445939026465364
SMAP-3614,92.3184647302934,31.445939026465364
SMAP-3615,92.32883817427681,31.445939026465364
SMAP-3616,92.33921161826022,31.445939026465364
SMAP-3617,92.34958506224362,31.445939026465364
SMAP-3618,92.35995850622703,31.445939026465364
SMAP-3619,92.37033195021043,31.445939026465364
SMAP-3620,92.38070539419382,31.445939026465364
SMAP-3621,92.39107883817722,31.445939026465364
SMAP-3622,92.40145228216062,31.445939026465364
SMAP-3623,92.41182572614403,31.445939026465364
SMAP-3624,92.42219917012743,31.445939026465364
SMAP-3625,92.43257261411084,31.445939026465364
SMAP-3626,92.44294605809425,31.445939026465364
SMAP-3627,91.68568464730585,31.436776666670962
SMAP-3628,91.69605809128926,31.436776666670962
SMAP-3629,91.70643153527266,31.436776666670962
SMAP-3630,91.71680497925605,31.436776666670962
SMAP-3631,91.72717842323947,31.436776666670962
SMAP-3632,91.73755186722286,31.436776666670962
SMAP-3633,91.74792531120627,31.436776666670962
SMAP-3634,91.75829875518967,31.436776666670962
SMAP-3635,91.76867219917305,31.436776666670962
SMAP-3636,91.77904564315645,31.436776666670962
SMAP-3637,91.78941908713986,31.436776666670962
SMAP-3638,91.79979253112327,31.436776666670962
SMAP-3639,91.81016597510667,31.436776666670962
SMAP-3640,91.82053941909008,31.436776666670962
SMAP-3641,91.83091286307348,31.436776666670962
SMAP-3642,91.84128630705689,31.436776666670962
SMAP-3643,91.8516597510403,31.436776666670962
SMAP-3644,91.8620331950237,31.436776666670962
SMAP-3645,91.87240663900711,31.436776666670962
SMAP-3646,91.8827800829905,31.436776666670962
SMAP-3647,91.8931535269739,31.436776666670962
SMAP-3648,91.90352697095732,31.436776666670962
SMAP-3649,91.91390041494071,31.436776666670962
SMAP-3650,91.92427385892411,31.436776666670962
SMAP-3651,91.9346473029075,31.436776666670962
SMAP-3652,91.9450207468909,31.436776666670962
SMAP-3653,91.95539419087432,31.436776666670962
SMAP-3654,91.9657676348577,31.436776666670962
SMAP-3655,91.97614107884111,31.436776666670962
SMAP-3656,91.9865145228245,31.436776666670962
SMAP-3657,91.99688796680792,31.436776666670962
SMAP-3658,92.00726141079133,31.436776666670962
SMAP-3659,92.01763485477473,31.436776666670962
SMAP-3660,92.02800829875814,31.436776666670962
SMAP-3661,92.03838174274154,31.436776666670962
SMAP-3662,92.04875518672495,31.436776666670962
SMAP-3663,92.05912863070836,31.436776666670962
SMAP-3664,92.06950207469175,31.436776666670962
SMAP-3665,92.07987551867517,31.436776666670962
SMAP-3666,92.09024896265855,31.436776666670962
SMAP-3667,92.10062240664196,31.436776666670962
SMAP-3668,92.11099585062534,31.436776666670962
SMAP-3669,92.12136929460875,31.436776666670962
SMAP-3670,92.13174273859217,31.436776666670962
SMAP-3671,92.14211618257556,31.436776666670962
SMAP-3672,92.15248962655897,31.436776666670962
SMAP-3673,92.16286307054237,31.436776666670962
SMAP-3674,92.17323651452577,31.436776666670962
SMAP-3675,92.18360995850917,31.436776666670962
SMAP-3676,92.19398340249256,31.436776666670962
SMAP-3677,92.20435684647597,31.436776666670962
SMAP-3678,92.21473029045937,31.436776666670962
SMAP-3679,92.22510373444278,31.436776666670962
SMAP-3680,92.2354771784262,31.436776666670962
SMAP-3681,92.24585062240959,31.436776666670962
SMAP-3682,92.256224066393,31.436776666670962
SMAP-3683,92.26659751037641,31.436776666670962
SMAP-3684,92.27697095435981,31.436776666670962
SMAP-3685,92.28734439834318,31.436776666670962
SMAP-3686,92.29771784232659,31.436776666670962
SMAP-3687,92.30809128631,31.436776666670962
SMAP-3688,92.3184647302934,31.436776666670962
SMAP-3689,92.32883817427681,31.436776666670962
SMAP-3690,92.33921161826022,31.436776666670962
SMAP-3691,92.34958506224362,31.436776666670962
SMAP-3692,92.35995850622703,31.436776666670962
SMAP-3693,92.37033195021043,31.436776666670962
SMAP-3694,92.38070539419382,31.436776666670962
SMAP-3695,92.39107883817722,31.436776666670962
SMAP-3696,92.40145228216062,31.436776666670962
SMAP-3697,92.41182572614403,31.436776666670962
SMAP-3698,92.42219917012743,31.436776666670962
SMAP-3699,92.43257261411084,31.436776666670962
SMAP-3700,92.44294605809425,31.436776666670962
SMAP-3701,91.68568464730585,31.42761518494467
SMAP-3702,91.69605809128926,31.42761518494467
SMAP-3703,91.70643153527266,31.42761518494467
SMAP-3704,91.71680497925605,31.42761518494467
SMAP-3705,91.72717842323947,31.42761518494467
SMAP-3706,91.73755186722286,31.42761518494467
SMAP-3707,91.74792531120627,31.42761518494467
SMAP-3708,91.75829875518967,31.42761518494467
SMAP-3709,91.76867219917305,31.42761518494467
SMAP-3710,91.77904564315645,31.42761518494467
SMAP-3711,91.78941908713986,31.42761518494467
SMAP-3712,91.79979253112327,31.42761518494467
SMAP-3713,91.81016597510667,31.42761518494467
SMAP-3714,91.82053941909008,31.42761518494467
SMAP-3715,91.83091286307348,31.42761518494467
SMAP-3716,91.84128630705689,31.42761518494467
SMAP-3717,91.8516597510403,31.42761518494467
SMAP-3718,91.8620331950237,31.42761518494467
SMAP-3719,91.87240663900711,31.42761518494467
SMAP-3720,91.8827800829905,31.42761518494467
SMAP-3721,91.8931535269739,31.42761518494467
SMAP-3722,91.90352697095732,31.42761518494467
SMAP-3723,91.91390041494071,31.42761518494467
SMAP-3724,91.92427385892411,31.42761518494467
SMAP-3725,91.9346473029075,31.42761518494467
SMAP-3726,91.9450207468909,31.42761518494467
SMAP-3727,91.95539419087432,31.42761518494467
SMAP-3728,91.9657676348577,31.42761518494467
SMAP-3729,91.97614107884111,31.42761518494467
SMAP-3730,91.9865145228245,31.42761518494467
SMAP-3731,91.99688796680792,31.42761518494467
SMAP-3732,92.00726141079133,31.42761518494467
SMAP-3733,92.01763485477473,31.42761518494467
SMAP-3734,92.02800829875814,31.42761518494467
SMAP-3735,92.03838174274154,31.42761518494467
SMAP-3736,92.04875518672495,31.42761518494467
SMAP-3737,92.05912863070836,31.42761518494467
SMAP-3738,92.06950207469175,31.42761518494467
SMAP-3739,92.07987551867517,31.42761518494467
SMAP-3740,92.09024896265855,31.42761518494467
SMAP-3741,92.10062240664196,31.42761518494467
SMAP-3742,92.11099585062534,31.42761518494467
SMAP-3743,92.12136929460875,31.42761518494467
SMAP-3744,92.13174273859217,31.42761518494467
SMAP-3745,92.14211618257556,31.42761518494467
SMAP-3746,92.15248962655897,31.42761518494467
SMAP-3747,92.16286307054237,31.42761518494467
SMAP-3748,92.17323651452577,31.42761518494467
SMAP-3749,92.18360995850917,31.42761518494467
SMAP-3750,92.19398340249256,31.42761518494467
SMAP-3751,92.20435684647597,31.42761518494467
SMAP-3752,92.21473029045937,31.42761518494467
SMAP-3753,92.22510373444278,31.42761518494467
SMAP-3754,92.2354771784262,31.42761518494467
SMAP-3755,92.24585062240959,31.42761518494467
SMAP-3756,92.256224066393,31.42761518494467
SMAP-3757,92.26659751037641,31.42761518494467
SMAP-3758,92.27697095435981,31.42761518494467
SMAP-3759,92.28734439834318,31.42761518494467
SMAP-3760,92.29771784232659,31.42761518494467
SMAP-3761,92.30809128631,31.42761518494467
SMAP-3762,92.3184647302934,31.42761518494467
SMAP-3763,92.32883817427681,31.42761518494467
SMAP-3764,92.33921161826022,31.42761518494467
SMAP-3765,92.34958506224362,31.42761518494467
SMAP-3766,92.35995850622703,31.42761518494467
SMAP-3767,92.37033195021043,31.42761518494467
SMAP-3768,92.38070539419382,31.42761518494467
SMAP-3769,92.39107883817722,31.42761518494467
SMAP-3770,92.40145228216062,31.42761518494467
SMAP-3771,92.41182572614403,31.42761518494467
SMAP-3772,92.42219917012743,31.42761518494467
SMAP-3773,92.43257261411084,31.42761518494467
SMAP-3774,92.44294605809425,31.42761518494467
SMAP-3775,91.68568464730585,31.41845458079941
SMAP-3776,91.69605809128926,31.41845458079941
SMAP-3777,91.70643153527266,31.41845458079941
SMAP-3778,91.71680497925605,31.41845458079941
SMAP-3779,91.72717842323947,31.41845458079941
SMAP-3780,91.73755186722286,31.41845458079941
SMAP-3781,91.74792531120627,31.41845458079941
SMAP-3782,91.75829875518967,31.41845458079941
SMAP-3783,91.76867219917305,31.41845458079941
SMAP-3784,91.77904564315645,31.41845458079941
SMAP-3785,91.78941908713986,31.41845458079941
SMAP-3786,91.79979253112327,31.41845458079941
SMAP-3787,91.81016597510667,31.41845458079941
SMAP-3788,91.82053941909008,31.41845458079941
SMAP-3789,91.83091286307348,31.41845458079941
SMAP-3790,91.84128630705689,31.41845458079941
SMAP-3791,91.8516597510403,31.41845458079941
SMAP-3792,91.8620331950237,31.41845458079941
SMAP-3793,91.87240663900711,31.41845458079941
SMAP-3794,91.8827800829905,31.41845458079941
SMAP-3795,91.8931535269739,31.41845458079941
SMAP-3796,91.90352697095732,31.41845458079941
SMAP-3797,91.91390041494071,31.41845458079941
SMAP-3798,91.92427385892411,31.41845458079941
SMAP-3799,91.9346473029075,31.41845458079941
SMAP-3800,91.9450207468909,31.41845458079941
SMAP-3801,91.95539419087432,31.41845458079941
SMAP-3802,91.9657676348577,31.41845458079941
SMAP-3803,91.97614107884111,31.41845458079941
SMAP-3804,91.9865145228245,31.41845458079941
SMAP-3805,91.99688796680792,31.41845458079941
SMAP-3806,92.00726141079133,31.41845458079941
SMAP-3807,92.01763485477473,31.41845458079941
SMAP-3808,92.02800829875814,31.41845458079941
SMAP-3809,92.03838174274154,31.41845458079941
SMAP-3810,92.04875518672495,31.41845458079941
SMAP-3811,92.05912863070836,31.41845458079941
SMAP-3812,92.06950207469175,31.41845458079941
SMAP-3813,92.07987551867517,31.41845458079941
SMAP-3814,92.09024896265855,31.41845458079941
SMAP-3815,92.10062240664196,31.41845458079941
SMAP-3816,92.11099585062534,31.41845458079941
SMAP-3817,92.12136929460875,31.41845458079941
SMAP-3818,92.13174273859217,31.41845458079941
SMAP-3819,92.14211618257556,31.41845458079941
SMAP-3820,92.15248962655897,31.41845458079941
SMAP-3821,92.16286307054237,31.41845458079941
SMAP-3822,92.17323651452577,31.41845458079941
SMAP-3823,92.18360995850917,31.41845458079941
SMAP-3824,92.19398340249256,31.41845458079941
SMAP-3825,92.20435684647597,31.41845458079941
SMAP-3826,92.21473029045937,31.41845458079941
SMAP-3827,92.22510373444278,31.41845458079941
SMAP-3828,92.2354771784262,31.41845458079941
SMAP-3829,92.24585062240959,31.41845458079941
SMAP-3830,92.256224066393,31.41845458079941
SMAP-3831,92.26659751037641,31.41845458079941
SMAP-3832,92.27697095435981,31.41845458079941
SMAP-3833,92.28734439834318,31.41845458079941
SMAP-3834,92.29771784232659,31.41845458079941
SMAP-3835,92.30809128631,31.41845458079941
SMAP-3836,92.3184647302934,31.41845458079941
SMAP-3837,92.32883817427681,31.41845458079941
SMAP-3838,92.33921161826022,31.41845458079941
SMAP-3839,92.34958506224362,31.41845458079941
SMAP-3840,92.35995850622703,31.41845458079941
SMAP-3841,92.37033195021043,31.41845458079941
SMAP-3842,92.38070539419382,31.41845458079941
SMAP-3843,92.39107883817722,31.41845458079941
SMAP-3844,92.40145228216062,31.41845458079941
SMAP-3845,92.41182572614403,31.41845458079941
SMAP-3846,92.42219917012743,31.41845458079941
SMAP-3847,92.43257261411084,31.41845458079941
SMAP-3848,92.44294605809425,31.41845458079941
SMAP-3849,91.68568464730585,31.40929485374847
SMAP-3850,91.69605809128926,31.40929485374847
SMAP-3851,91.70643153527266,31.40929485374847
SMAP-3852,91.71680497925605,31.40929485374847
SMAP-3853,91.72717842323947,31.40929485374847
SMAP-3854,91.73755186722286,31.40929485374847
SMAP-3855,91.74792531120627,31.40929485374847
SMAP-3856,91.75829875518967,31.40929485374847
SMAP-3857,91.76867219917305,31.40929485374847
SMAP-3858,91.77904564315645,31.40929485374847
SMAP-3859,91.78941908713986,31.40929485374847
SMAP-3860,91.79979253112327,31.40929485374847
SMAP-3861,91.81016597510667,31.40929485374847
SMAP-3862,91.82053941909008,31.40929485374847
SMAP-3863,91.83091286307348,31.40929485374847
SMAP-3864,91.84128630705689,31.40929485374847
SMAP-3865,91.8516597510403,31.40929485374847
SMAP-3866,91.8620331950237,31.40929485374847
SMAP-3867,91.87240663900711,31.40929485374847
SMAP-3868,91.8827800829905,31.40929485374847
SMAP-3869,91.8931535269739,31.40929485374847
SMAP-3870,91.90352697095732,31.40929485374847
SMAP-3871,91.91390041494071,31.40929485374847
SMAP-3872,91.92427385892411,31.40929485374847
SMAP-3873,91.9346473029075,31.40929485374847
SMAP-3874,91.9450207468909,31.40929485374847
SMAP-3875,91.95539419087432,31.40929485374847
SMAP-3876,91.9657676348577,31.40929485374847
SMAP-3877,91.97614107884111,31.40929485374847
SMAP-3878,91.9865145228245,31.40929485374847
SMAP-3879,91.99688796680792,31.40929485374847
SMAP-3880,92.00726141079133,31.40929485374847
SMAP-3881,92.01763485477473,31.40929485374847
SMAP-3882,92.02800829875814,31.40929485374847
SMAP-3883,92.03838174274154,31.40929485374847
SMAP-3884,92.04875518672495,31.40929485374847
SMAP-3885,92.05912863070836,31.40929485374847
SMAP-3886,92.06950207469175,31.40929485374847
SMAP-3887,92.07987551867517,31.40929485374847
SMAP-3888,92.09024896265855,31.40929485374847
SMAP-3889,92.10062240664196,31.40929485374847
SMAP-3890,92.11099585062534,31.40929485374847
SMAP-3891,92.12136929460875,31.40929485374847
SMAP-3892,92.13174273859217,31.40929485374847
SMAP-3893,92.14211618257556,31.40929485374847
SMAP-3894,92.15248962655897,31.40929485374847
SMAP-3895,92.16286307054237,31.40929485374847
SMAP-3896,92.17323651452577,31.40929485374847
SMAP-3897,92.18360995850917,31.40929485374847
SMAP-3898,92.19398340249256,31.40929485374847
SMAP-3899,92.20435684647597,31.40929485374847
SMAP-3900,92.21473029045937,31.40929485374847
SMAP-3901,92.22510373444278,31.40929485374847
SMAP-3902,92.2354771784262,31.40929485374847
SMAP-3903,92.24585062240959,31.40929485374847
SMAP-3904,92.256224066393,31.40929485374847
SMAP-3905,92.26659751037641,31.40929485374847
SMAP-3906,92.27697095435981,31.40929485374847
SMAP-3907,92.28734439834318,31.40929485374847
SMAP-3908,92.29771784232659,31.40929485374847
SMAP-3909,92.30809128631,31.40929485374847
SMAP-3910,92.3184647302934,31.40929485374847
SMAP-3911,92.32883817427681,31.40929485374847
SMAP-3912,92.33921161826022,31.40929485374847
SMAP-3913,92.34958506224362,31.40929485374847
SMAP-3914,92.35995850622703,31.40929485374847
SMAP-3915,92.37033195021043,31.40929485374847
SMAP-3916,92.38070539419382,31.40929485374847
SMAP-3917,92.39107883817722,31.40929485374847
SMAP-3918,92.40145228216062,31.40929485374847
SMAP-3919,92.41182572614403,31.40929485374847
SMAP-3920,92.42219917012743,31.40929485374847
SMAP-3921,92.43257261411084,31.40929485374847
SMAP-3922,92.44294605809425,31.40929485374847
SMAP-3923,91.68568464730585,31.40013600330538
SMAP-3924,91.69605809128926,31.40013600330538
SMAP-3925,91.70643153527266,31.40013600330538
SMAP-3926,91.71680497925605,31.40013600330538
SMAP-3927,91.72717842323947,31.40013600330538
SMAP-3928,91.73755186722286,31.40013600330538
SMAP-3929,91.74792531120627,31.40013600330538
SMAP-3930,91.75829875518967,31.40013600330538
SMAP-3931,91.76867219917305,31.40013600330538
SMAP-3932,91.77904564315645,31.40013600330538
SMAP-3933,91.78941908713986,31.40013600330538
SMAP-3934,91.79979253112327,31.40013600330538
SMAP-3935,91.81016597510667,31.40013600330538
SMAP-3936,91.82053941909008,31.40013600330538
SMAP-3937,91.83091286307348,31.40013600330538
SMAP-3938,91.84128630705689,31.40013600330538
SMAP-3939,91.8516597510403,31.40013600330538
SMAP-3940,91.8620331950237,31.40013600330538
SMAP-3941,91.87240663900711,31.40013600330538
SMAP-3942,91.8827800829905,31.40013600330538
SMAP-3943,91.8931535269739,31.40013600330538
SMAP-3944,91.90352697095732,31.40013600330538
SMAP-3945,91.91390041494071,31.40013600330538
SMAP-3946,91.92427385892411,31.40013600330538
SMAP-3947,91.9346473029075,31.40013600330538
SMAP-3948,91.9450207468909,31.40013600330538
SMAP-3949,91.95539419087432,31.40013600330538
SMAP-3950,91.9657676348577,31.40013600330538
SMAP-3951,91.97614107884111,31.40013600330538
SMAP-3952,91.9865145228245,31.40013600330538
SMAP-3953,91.99688796680792,31.40013600330538
SMAP-3954,92.00726141079133,31.40013600330538
SMAP-3955,92.01763485477473,31.40013600330538
SMAP-3956,92.02800829875814,31.40013600330538
SMAP-3957,92.03838174274154,31.40013600330538
SMAP-3958,92.04875518672495,31.40013600330538
SMAP-3959,92.05912863070836,31.40013600330538
SMAP-3960,92.06950207469175,31.40013600330538
SMAP-3961,92.07987551867517,31.40013600330538
SMAP-3962,92.09024896265855,31.40013600330538
SMAP-3963,92.10062240664196,31.40013600330538
SMAP-3964,92.11099585062534,31.40013600330538
SMAP-3965,92.12136929460875,31.40013600330538
SMAP-3966,92.13174273859217,31.40013600330538
SMAP-3967,92.14211618257556,31.40013600330538
SMAP-3968,92.15248962655897,31.40013600330538
SMAP-3969,92.16286307054237,31.40013600330538
SMAP-3970,92.17323651452577,31.40013600330538
SMAP-3971,92.18360995850917,31.40013600330538
SMAP-3972,92.19398340249256,31.40013600330538
SMAP-3973,92.20435684647597,31.40013600330538
SMAP-3974,92.21473029045937,31.40013600330538
SMAP-3975,92.22510373444278,31.40013600330538
SMAP-3976,92.2354771784262,31.40013600330538
SMAP-3977,92.24585062240959,31.40013600330538
SMAP-3978,92.256224066393,31.40013600330538
SMAP-3979,92.26659751037641,31.40013600330538
SMAP-3980,92.27697095435981,31.40013600330538
SMAP-3981,92.28734439834318,31.40013600330538
SMAP-3982,92.29771784232659,31.40013600330538
SMAP-3983,92.30809128631,31.40013600330538
SMAP-3984,92.3184647302934,31.40013600330538
SMAP-3985,92.32883817427681,31.40013600330538
SMAP-3986,92.33921161826022,31.40013600330538
SMAP-3987,92.34958506224362,31.40013600330538
SMAP-3988,92.35995850622703,31.40013600330538
SMAP-3989,92.37033195021043,31.40013600330538
SMAP-3990,92.38070539419382,31.40013600330538
SMAP-3991,92.39107883817722,31.40013600330538
SMAP-3992,92.40145228216062,31.40013600330538
SMAP-3993,92.41182572614403,31.40013600330538
SMAP-3994,92.42219917012743,31.40013600330538
SMAP-3995,92.43257261411084,31.40013600330538
SMAP-3996,92.44294605809425,31.40013600330538
SMAP-3997,91.68568464730585,31.390978028984115
SMAP-3998,91.69605809128926,31.390978028984115
SMAP-3999,91.70643153527266,31.390978028984115
SMAP-4000,91.71680497925605,31.390978028984115
SMAP-4001,91.72717842323947,31.390978028984115
SMAP-4002,91.73755186722286,31.390978028984115
SMAP-4003,91.74792531120627,31.390978028984115
SMAP-4004,91.75829875518967,31.390978028984115
SMAP-4005,91.76867219917305,31.390978028984115
SMAP-4006,91.77904564315645,31.390978028984115
SMAP-4007,91.78941908713986,31.390978028984115
SMAP-4008,91.79979253112327,31.390978028984115
SMAP-4009,91.81016597510667,31.390978028984115
SMAP-4010,91.82053941909008,31.390978028984115
SMAP-4011,91.83091286307348,31.390978028984115
SMAP-4012,91.84128630705689,31.390978028984115
SMAP-4013,91.8516597510403,31.390978028984115
SMAP-4014,91.8620331950237,31.390978028984115
SMAP-4015,91.87240663900711,31.390978028984115
SMAP-4016,91.8827800829905,31.390978028984115
SMAP-4017,91.8931535269739,31.390978028984115
SMAP-4018,91.90352697095732,31.390978028984115
SMAP-4019,91.91390041494071,31.390978028984115
SMAP-4020,91.92427385892411,31.390978028984115
SMAP-4021,91.9346473029075,31.390978028984115
SMAP-4022,91.9450207468909,31.390978028984115
SMAP-4023,91.95539419087432,31.390978028984115
SMAP-4024,91.9657676348577,31.390978028984115
SMAP-4025,91.97614107884111,31.390978028984115
SMAP-4026,91.9865145228245,31.390978028984115
SMAP-4027,91.99688796680792,31.390978028984115
SMAP-4028,92.00726141079133,31.390978028984115
SMAP-4029,92.01763485477473,31.390978028984115
SMAP-4030,92.02800829875814,31.390978028984115
SMAP-4031,92.03838174274154,31.390978028984115
SMAP-4032,92.04875518672495,31.390978028984115
SMAP-4033,92.05912863070836,31.390978028984115
SMAP-4034,92.06950207469175,31.390978028984115
SMAP-4035,92.07987551867517,31.390978028984115
SMAP-4036,92.09024896265855,31.390978028984115
SMAP-4037,92.10062240664196,31.390978028984115
SMAP-4038,92.11099585062534,31.390978028984115
SMAP-4039,92.12136929460875,31.390978028984115
SMAP-4040,92.13174273859217,31.390978028984115
SMAP-4041,92.14211618257556,31.390978028984115
SMAP-4042,92.15248962655897,31.390978028984115
SMAP-4043,92.16286307054237,31.390978028984115
SMAP-4044,92.17323651452577,31.390978028984115
SMAP-4045,92.18360995850917,31.390978028984115
SMAP-4046,92.19398340249256,31.390978028984115
SMAP-4047,92.20435684647597,31.390978028984115
SMAP-4048,92.21473029045937,31.390978028984115
SMAP-4049,92.22510373444278,31.390978028984115
SMAP-4050,92.2354771784262,31.390978028984115
SMAP-4051,92.24585062240959,31.390978028984115
SMAP-4052,92.256224066393,31.390978028984115
SMAP-4053,92.26659751037641,31.390978028984115
SMAP-4054,92.27697095435981,31.390978028984115
SMAP-4055,92.28734439834318,31.390978028984115
SMAP-4056,92.29771784232659,31.390978028984115
SMAP-4057,92.30809128631,31.390978028984115
SMAP-4058,92.3184647302934,31.390978028984115
SMAP-4059,92.32883817427681,31.390978028984115
SMAP-4060,92.33921161826022,31.390978028984115
SMAP-4061,92.34958506224362,31.390978028984115
SMAP-4062,92.35995850622703,31.390978028984115
SMAP-4063,92.37033195021043,31.390978028984115
SMAP-4064,92.38070539419382,31.390978028984115
SMAP-4065,92.39107883817722,31.390978028984115
SMAP-4066,92.40145228216062,31.390978028984115
SMAP-4067,92.41182572614403,31.390978028984115
SMAP-4068,92.42219917012743,31.390978028984115
SMAP-4069,92.43257261411084,31.390978028984115
SMAP-4070,92.44294605809425,31.390978028984115
SMAP-4071,91.68568464730585,31.381820930298865
SMAP-4072,91.69605809128926,31.381820930298865
SMAP-4073,91.70643153527266,31.381820930298865
SMAP-4074,91.71680497925605,31.381820930298865
SMAP-4075,91.72717842323947,31.381820930298865
SMAP-4076,91.73755186722286,31.381820930298865
SMAP-4077,91.74792531120627,31.381820930298865
SMAP-4078,91.75829875518967,31.381820930298865
SMAP-4079,91.76867219917305,31.381820930298865
SMAP-4080,91.77904564315645,31.381820930298865
SMAP-4081,91.78941908713986,31.381820930298865
SMAP-4082,91.79979253112327,31.381820930298865
SMAP-4083,91.81016597510667,31.381820930298865
SMAP-4084,91.82053941909008,31.381820930298865
SMAP-4085,91.83091286307348,31.381820930298865
SMAP-4086,91.84128630705689,31.381820930298865
SMAP-4087,91.8516597510403,31.381820930298865
SMAP-4088,91.8620331950237,31.381820930298865
SMAP-4089,91.87240663900711,31.381820930298865
SMAP-4090,91.8827800829905,31.381820930298865
SMAP-4091,91.8931535269739,31.381820930298865
SMAP-4092,91.90352697095732,31.381820930298865
SMAP-4093,91.91390041494071,31.381820930298865
SMAP-4094,91.92427385892411,31.381820930298865
SMAP-4095,91.9346473029075,31.381820930298865
SMAP-4096,91.9450207468909,31.381820930298865
SMAP-4097,91.95539419087432,31.381820930298865
SMAP-4098,91.9657676348577,31.381820930298865
SMAP-4099,91.97614107884111,31.381820930298865
SMAP-4100,91.9865145228245,31.381820930298865
SMAP-4101,91.99688796680792,31.381820930298865
SMAP-4102,92.00726141079133,31.381820930298865
SMAP-4103,92.01763485477473,31.381820930298865
SMAP-4104,92.02800829875814,31.381820930298865
SMAP-4105,92.03838174274154,31.381820930298865
SMAP-4106,92.04875518672495,31.381820930298865
SMAP-4107,92.05912863070836,31.381820930298865
SMAP-4108,92.06950207469175,31.381820930298865
SMAP-4109,92.07987551867517,31.381820930298865
SMAP-4110,92.09024896265855,31.381820930298865
SMAP-4111,92.10062240664196,31.381820930298865
SMAP-4112,92.11099585062534,31.381820930298865
SMAP-4113,92.12136929460875,31.381820930298865
SMAP-4114,92.13174273859217,31.381820930298865
SMAP-4115,92.14211618257556,31.381820930298865
SMAP-4116,92.15248962655897,31.381820930298865
SMAP-4117,92.16286307054237,31.381820930298865
SMAP-4118,92.17323651452577,31.381820930298865
SMAP-4119,92.18360995850917,31.381820930298865
SMAP-4120,92.19398340249256,31.381820930298865
SMAP-4121,92.20435684647597,31.381820930298865
SMAP-4122,92.21473029045937,31.381820930298865
SMAP-4123,92.22510373444278,31.381820930298865
SMAP-4124,92.2354771784262,31.381820930298865
SMAP-4125,92.24585062240959,31.381820930298865
SMAP-4126,92.256224066393,31.381820930298865
SMAP-4127,92.26659751037641,31.381820930298865
SMAP-4128,92.27697095435981,31.381820930298865
SMAP-4129,92.28734439834318,31.381820930298865
SMAP-4130,92.29771784232659,31.381820930298865
SMAP-4131,92.30809128631,31.381820930298865
SMAP-4132,92.3184647302934,31.381820930298865
SMAP-4133,92.32883817427681,31.381820930298865
SMAP-4134,92.33921161826022,31.381820930298865
SMAP-4135,92.34958506224362,31.381820930298865
SMAP-4136,92.35995850622703,31.381820930298865
SMAP-4137,92.37033195021043,31.381820930298865
SMAP-4138,92.38070539419382,31.381820930298865
SMAP-4139,92.39107883817722,31.381820930298865
SMAP-4140,92.40145228216062,31.381820930298865
SMAP-4141,92.41182572614403,31.381820930298865
SMAP-4142,92.42219917012743,31.381820930298865
SMAP-4143,92.43257261411084,31.381820930298865
SMAP-4144,92.44294605809425,31.381820930298865
SMAP-4145,91.68568464730585,31.372664706764237
SMAP-4146,91.69605809128926,31.372664706764237
SMAP-4147,91.70643153527266,31.372664706764237
SMAP-4148,91.71680497925605,31.372664706764237
SMAP-4149,91.72717842323947,31.372664706764237
SMAP-4150,91.73755186722286,31.372664706764237
SMAP-4151,91.74792531120627,31.372664706764237
SMAP-4152,91.75829875518967,31.372664706764237
SMAP-4153,91.76867219917305,31.372664706764237
SMAP-4154,91.77904564315645,31.372664706764237
SMAP-4155,91.78941908713986,31.372664706764237
SMAP-4156,91.79979253112327,31.372664706764237
SMAP-4157,91.81016597510667,31.372664706764237
SMAP-4158,91.82053941909008,31.372664706764237
SMAP-4159,91.83091286307348,31.372664706764237
SMAP-4160,91.84128630705689,31.372664706764237
SMAP-4161,91.8516597510403,31.372664706764237
SMAP-4162,91.8620331950237,31.372664706764237
SMAP-4163,91.87240663900711,31.372664706764237
SMAP-4164,91.8827800829905,31.372664706764237
SMAP-4165,91.8931535269739,31.372664706764237
SMAP-4166,91.90352697095732,31.372664706764237
SMAP-4167,91.91390041494071,31.372664706764237
SMAP-4168,91.92427385892411,31.372664706764237
SMAP-4169,91.9346473029075,31.372664706764237
SMAP-4170,91.9450207468909,31.372664706764237
SMAP-4171,91.95539419087432,31.372664706764237
SMAP-4172,91.9657676348577,31.372664706764237
SMAP-4173,91.97614107884111,31.372664706764237
SMAP-4174,91.9865145228245,31.372664706764237
SMAP-4175,91.99688796680792,31.372664706764237
SMAP-4176,92.00726141079133,31.372664706764237
SMAP-4177,92.01763485477473,31.372664706764237
SMAP-4178,92.02800829875814,31.372664706764237
SMAP-4179,92.03838174274154,31.372664706764237
SMAP-4180,92.04875518672495,31.372664706764237
SMAP-4181,92.05912863070836,31.372664706764237
SMAP-4182,92.06950207469175,31.372664706764237
SMAP-4183,92.07987551867517,31.372664706764237
SMAP-4184,92.09024896265855,31.372664706764237
SMAP-4185,92.10062240664196,31.372664706764237
SMAP-4186,92.11099585062534,31.372664706764237
SMAP-4187,92.12136929460875,31.372664706764237
SMAP-4188,92.13174273859217,31.372664706764237
SMAP-4189,92.14211618257556,31.372664706764237
SMAP-4190,92.15248962655897,31.372664706764237
SMAP-4191,92.16286307054237,31.372664706764237
SMAP-4192,92.17323651452577,31.372664706764237
SMAP-4193,92.18360995850917,31.372664706764237
SMAP-4194,92.19398340249256,31.372664706764237
SMAP-4195,92.20435684647597,31.372664706764237
SMAP-4196,92.21473029045937,31.372664706764237
SMAP-4197,92.22510373444278,31.372664706764237
SMAP-4198,92.2354771784262,31.372664706764237
SMAP-4199,92.24585062240959,31.372664706764237
SMAP-4200,92.256224066393,31.372664706764237
SMAP-4201,92.26659751037641,31.372664706764237
SMAP-4202,92.27697095435981,31.372664706764237
SMAP-4203,92.28734439834318,31.372664706764237
SMAP-4204,92.29771784232659,31.372664706764237
SMAP-4205,92.30809128631,31.372664706764237
SMAP-4206,92.3184647302934,31.372664706764237
SMAP-4207,92.32883817427681,31.372664706764237
SMAP-4208,92.33921161826022,31.372664706764237
SMAP-4209,92.34958506224362,31.372664706764237
SMAP-4210,92.35995850622703,31.372664706764237
SMAP-4211,92.37033195021043,31.372664706764237
SMAP-4212,92.38070539419382,31.372664706764237
SMAP-4213,92.39107883817722,31.372664706764237
SMAP-4214,92.40145228216062,31.372664706764237
SMAP-4215,92.41182572614403,31.372664706764237
SMAP-4216,92.42219917012743,31.372664706764237
SMAP-4217,92.43257261411084,31.372664706764237
SMAP-4218,92.44294605809425,31.372664706764237
SMAP-4219,91.68568464730585,31.36350935789507
SMAP-4220,91.69605809128926,31.36350935789507
SMAP-4221,91.70643153527266,31.36350935789507
SMAP-4222,91.71680497925605,31.36350935789507
SMAP-4223,91.72717842323947,31.36350935789507
SMAP-4224,91.73755186722286,31.36350935789507
SMAP-4225,91.74792531120627,31.36350935789507
SMAP-4226,91.75829875518967,31.36350935789507
SMAP-4227,91.76867219917305,31.36350935789507
SMAP-4228,91.77904564315645,31.36350935789507
SMAP-4229,91.78941908713986,31.36350935789507
SMAP-4230,91.79979253112327,31.36350935789507
SMAP-4231,91.81016597510667,31.36350935789507
SMAP-4232,91.82053941909008,31.36350935789507
SMAP-4233,91.83091286307348,31.36350935789507
SMAP-4234,91.84128630705689,31.36350935789507
SMAP-4235,91.8516597510403,31.36350935789507
SMAP-4236,91.8620331950237,31.36350935789507
SMAP-4237,91.87240663900711,31.36350935789507
SMAP-4238,91.8827800829905,31.36350935789507
SMAP-4239,91.8931535269739,31.36350935789507
SMAP-4240,91.90352697095732,31.36350935789507
SMAP-4241,91.91390041494071,31.36350935789507
SMAP-4242,91.92427385892411,31.36350935789507
SMAP-4243,91.9346473029075,31.36350935789507
SMAP-4244,91.9450207468909,31.36350935789507
SMAP-4245,91.95539419087432,31.36350935789507
SMAP-4246,91.9657676348577,31.36350935789507
SMAP-4247,91.97614107884111,31.36350935789507
SMAP-4248,91.9865145228245,31.36350935789507
SMAP-4249,91.99688796680792,31.36350935789507
SMAP-4250,92.00726141079133,31.36350935789507
SMAP-4251,92.01763485477473,31.36350935789507
SMAP-4252,92.02800829875814,31.36350935789507
SMAP-4253,92.03838174274154,31.36350935789507
SMAP-4254,92.04875518672495,31.36350935789507
SMAP-4255,92.05912863070836,31.36350935789507
SMAP-4256,92.06950207469175,31.36350935789507
SMAP-4257,92.07987551867517,31.36350935789507
SMAP-4258,92.09024896265855,31.36350935789507
SMAP-4259,92.10062240664196,31.36350935789507
SMAP-4260,92.11099585062534,31.36350935789507
SMAP-4261,92.12136929460875,31.36350935789507
SMAP-4262,92.13174273859217,31.36350935789507
SMAP-4263,92.14211618257556,31.36350935789507
SMAP-4264,92.15248962655897,31.36350935789507
SMAP-4265,92.16286307054237,31.36350935789507
SMAP-4266,92.17323651452577,31.36350935789507
SMAP-4267,92.18360995850917,31.36350935789507
SMAP-4268,92.19398340249256,31.36350935789507
SMAP-4269,92.20435684647597,31.36350935789507
SMAP-4270,92.21473029045937,31.36350935789507
SMAP-4271,92.22510373444278,31.36350935789507
SMAP-4272,92.2354771784262,31.36350935789507
SMAP-4273,92.24585062240959,31.36350935789507
SMAP-4274,92.256224066393,31.36350935789507
SMAP-4275,92.26659751037641,31.36350935789507
SMAP-4276,92.27697095435981,31.36350935789507
SMAP-4277,92.28734439834318,31.36350935789507
SMAP-4278,92.29771784232659,31.36350935789507
SMAP-4279,92.30809128631,31.36350935789507
SMAP-4280,92.3184647302934,31.36350935789507
SMAP-4281,92.32883817427681,31.36350935789507
SMAP-4282,92.33921161826022,31.36350935789507
SMAP-4283,92.34958506224362,31.36350935789507
SMAP-4284,92.35995850622703,31.36350935789507
SMAP-4285,92.37033195021043,31.36350935789507
SMAP-4286,92.38070539419382,31.36350935789507
SMAP-4287,92.39107883817722,31.36350935789507
SMAP-4288,92.40145228216062,31.36350935789507
SMAP-4289,92.41182572614403,31.36350935789507
SMAP-4290,92.42219917012743,31.36350935789507
SMAP-4291,92.43257261411084,31.36350935789507
SMAP-4292,92.44294605809425,31.36350935789507
SMAP-4293,91.68568464730585,31.354354883206593
SMAP-4294,91.69605809128926,31.354354883206593
SMAP-4295,91.70643153527266,31.354354883206593
SMAP-4296,91.71680497925605,31.354354883206593
SMAP-4297,91.72717842323947,31.354354883206593
SMAP-4298,91.73755186722286,31.354354883206593
SMAP-4299,91.74792531120627,31.354354883206593
SMAP-4300,91.75829875518967,31.354354883206593
SMAP-4301,91.76867219917305,31.354354883206593
SMAP-4302,91.77904564315645,31.354354883206593
SMAP-4303,91.78941908713986,31.354354883206593
SMAP-4304,91.79979253112327,31.354354883206593
SMAP-4305,91.81016597510667,31.354354883206593
SMAP-4306,91.82053941909008,31.354354883206593
SMAP-4307,91.83091286307348,31.354354883206593
SMAP-4308,91.84128630705689,31.354354883206593
SMAP-4309,91.8516597510403,31.354354883206593
SMAP-4310,91.8620331950237,31.354354883206593
SMAP-4311,91.87240663900711,31.354354883206593
SMAP-4312,91.8827800829905,31.354354883206593
SMAP-4313,91.8931535269739,31.354354883206593
SMAP-4314,91.90352697095732,31.354354883206593
SMAP-4315,91.91390041494071,31.354354883206593
SMAP-4316,91.92427385892411,31.354354883206593
SMAP-4317,91.9346473029075,31.354354883206593
SMAP-4318,91.9450207468909,31.354354883206593
SMAP-4319,91.95539419087432,31.354354883206593
SMAP-4320,91.9657676348577,31.354354883206593
SMAP-4321,91.97614107884111,31.354354883206593
SMAP-4322,91.9865145228245,31.354354883206593
SMAP-4323,91.99688796680792,31.354354883206593
SMAP-4324,92.00726141079133,31.354354883206593
SMAP-4325,92.01763485477473,31.354354883206593
SMAP-4326,92.02800829875814,31.354354883206593
SMAP-4327,92.03838174274154,31.354354883206593
SMAP-4328,92.04875518672495,31.354354883206593
SMAP-4329,92.05912863070836,31.354354883206593
SMAP-4330,92.06950207469175,31.354354883206593
SMAP-4331,92.07987551867517,31.354354883206593
SMAP-4332,92.09024896265855,31.354354883206593
SMAP-4333,92.10062240664196,31.354354883206593
SMAP-4334,92.11099585062534,31.354354883206593
SMAP-4335,92.12136929460875,31.354354883206593
SMAP-4336,92.13174273859217,31.354354883206593
SMAP-4337,92.14211618257556,31.354354883206593
SMAP-4338,92.15248962655897,31.354354883206593
SMAP-4339,92.16286307054237,31.354354883206593
SMAP-4340,92.17323651452577,31.354354883206593
SMAP-4341,92.18360995850917,31.354354883206593
SMAP-4342,92.19398340249256,31.354354883206593
SMAP-4343,92.20435684647597,31.354354883206593
SMAP-4344,92.21473029045937,31.354354883206593
SMAP-4345,92.22510373444278,31.354354883206593
SMAP-4346,92.2354771784262,31.354354883206593
SMAP-4347,92.24585062240959,31.354354883206593
SMAP-4348,92.256224066393,31.354354883206593
SMAP-4349,92.26659751037641,31.354354883206593
SMAP-4350,92.27697095435981,31.354354883206593
SMAP-4351,92.28734439834318,31.354354883206593
SMAP-4352,92.29771784232659,31.354354883206593
SMAP-4353,92.30809128631,31.354354883206593
SMAP-4354,92.3184647302934,31.354354883206593
SMAP-4355,92.32883817427681,31.354354883206593
SMAP-4356,92.33921161826022,31.354354883206593
SMAP-4357,92.34958506224362,31.354354883206593
SMAP-4358,92.35995850622703,31.354354883206593
SMAP-4359,92.37033195021043,31.354354883206593
SMAP-4360,92.38070539419382,31.354354883206593
SMAP-4361,92.39107883817722,31.354354883206593
SMAP-4362,92.40145228216062,31.354354883206593
SMAP-4363,92.41182572614403,31.354354883206593
SMAP-4364,92.42219917012743,31.354354883206593
SMAP-4365,92.43257261411084,31.354354883206593
SMAP-4366,92.44294605809425,31.354354883206593
SMAP-4367,91.68568464730585,31.345201282214347
SMAP-4368,91.69605809128926,31.345201282214347
SMAP-4369,91.70643153527266,31.345201282214347
SMAP-4370,91.71680497925605,31.345201282214347
SMAP-4371,91.72717842323947,31.345201282214347
SMAP-4372,91.73755186722286,31.345201282214347
SMAP-4373,91.74792531120627,31.345201282214347
SMAP-4374,91.75829875518967,31.345201282214347
SMAP-4375,91.76867219917305,31.345201282214347
SMAP-4376,91.77904564315645,31.345201282214347
SMAP-4377,91.78941908713986,31.345201282214347
SMAP-4378,91.79979253112327,31.345201282214347
SMAP-4379,91.81016597510667,31.345201282214347
SMAP-4380,91.82053941909008,31.345201282214347
SMAP-4381,91.83091286307348,31.345201282214347
SMAP-4382,91.84128630705689,31.345201282214347
SMAP-4383,91.8516597510403,31.345201282214347
SMAP-4384,91.8620331950237,31.345201282214347
SMAP-4385,91.87240663900711,31.345201282214347
SMAP-4386,91.8827800829905,31.345201282214347
SMAP-4387,91.8931535269739,31.345201282214347
SMAP-4388,91.90352697095732,31.345201282214347
SMAP-4389,91.91390041494071,31.345201282214347
SMAP-4390,91.92427385892411,31.345201282214347
SMAP-4391,91.9346473029075,31.345201282214347
SMAP-4392,91.9450207468909,31.345201282214347
SMAP-4393,91.95539419087432,31.345201282214347
SMAP-4394,91.9657676348577,31.345201282214347
SMAP-4395,91.97614107884111,31.345201282214347
SMAP-4396,91.9865145228245,31.345201282214347
SMAP-4397,91.99688796680792,31.345201282214347
SMAP-4398,92.00726141079133,31.345201282214347
SMAP-4399,92.01763485477473,31.345201282214347
SMAP-4400,92.02800829875814,31.345201282214347
SMAP-4401,92.03838174274154,31.345201282214347
SMAP-4402,92.04875518672495,31.345201282214347
SMAP-4403,92.05912863070836,31.345201282214347
SMAP-4404,92.06950207469175,31.345201282214347
SMAP-4405,92.07987551867517,31.345201282214347
SMAP-4406,92.09024896265855,31.345201282214347
SMAP-4407,92.10062240664196,31.345201282214347
SMAP-4408,92.11099585062534,31.345201282214347
SMAP-4409,92.12136929460875,31.345201282214347
SMAP-4410,92.13174273859217,31.345201282214347
SMAP-4411,92.14211618257556,31.345201282214347
SMAP-4412,92.15248962655897,31.345201282214347
SMAP-4413,92.16286307054237,31.345201282214347
SMAP-4414,92.17323651452577,31.345201282214347
SMAP-4415,92.18360995850917,31.345201282214347
SMAP-4416,92.19398340249256,31.345201282214347
SMAP-4417,92.20435684647597,31.345201282214347
SMAP-4418,92.21473029045937,31.345201282214347
SMAP-4419,92.22510373444278,31.345201282214347
SMAP-4420,92.2354771784262,31.345201282214347
SMAP-4421,92.24585062240959,31.345201282214347
SMAP-4422,92.256224066393,31.345201282214347
SMAP-4423,92.26659751037641,31.345201282214347
SMAP-4424,92.27697095435981,31.345201282214347
SMAP-4425,92.28734439834318,31.345201282214347
SMAP-4426,92.29771784232659,31.345201282214347
SMAP-4427,92.30809128631,31.345201282214347
SMAP-4428,92.3184647302934,31.345201282214347
SMAP-4429,92.32883817427681,31.345201282214347
SMAP-4430,92.33921161826022,31.345201282214347
SMAP-4431,92.34958506224362,31.345201282214347
SMAP-4432,92.35995850622703,31.345201282214347
SMAP-4433,92.37033195021043,31.345201282214347
SMAP-4434,92.38070539419382,31.345201282214347
SMAP-4435,92.39107883817722,31.345201282214347
SMAP-4436,92.40145228216062,31.345201282214347
SMAP-4437,92.41182572614403,31.345201282214347
SMAP-4438,92.42219917012743,31.345201282214347
SMAP-4439,92.43257261411084,31.345201282214347
SMAP-4440,92.44294605809425,31.345201282214347
SMAP-4441,91.68568464730585,31.336048554434203
SMAP-4442,91.69605809128926,31.336048554434203
SMAP-4443,91.70643153527266,31.336048554434203
SMAP-4444,91.71680497925605,31.336048554434203
SMAP-4445,91.72717842323947,31.336048554434203
SMAP-4446,91.73755186722286,31.336048554434203
SMAP-4447,91.74792531120627,31.336048554434203
SMAP-4448,91.75829875518967,31.336048554434203
SMAP-4449,91.76867219917305,31.336048554434203
SMAP-4450,91.77904564315645,31.336048554434203
SMAP-4451,91.78941908713986,31.336048554434203
SMAP-4452,91.79979253112327,31.336048554434203
SMAP-4453,91.81016597510667,31.336048554434203
SMAP-4454,91.82053941909008,31.336048554434203
SMAP-4455,91.83091286307348,31.336048554434203
SMAP-4456,91.84128630705689,31.336048554434203
SMAP-4457,91.8516597510403,31.336048554434203
SMAP-4458,91.8620331950237,31.336048554434203
SMAP-4459,91.87240663900711,31.336048554434203
SMAP-4460,91.8827800829905,31.336048554434203
SMAP-4461,91.8931535269739,31.336048554434203
SMAP-4462,91.90352697095732,31.336048554434203
SMAP-4463,91.91390041494071,31.336048554434203
SMAP-4464,91.92427385892411,31.336048554434203
SMAP-4465,91.9346473029075,31.336048554434203
SMAP-4466,91.9450207468909,31.336048554434203
SMAP-4467,91.95539419087432,31.336048554434203
SMAP-4468,91.9657676348577,31.336048554434203
SMAP-4469,91.97614107884111,31.336048554434203
SMAP-4470,91.9865145228245,31.336048554434203
SMAP-4471,91.99688796680792,31.336048554434203
SMAP-4472,92.00726141079133,31.336048554434203
SMAP-4473,92.01763485477473,31.336048554434203
SMAP-4474,92.02800829875814,31.336048554434203
SMAP-4475,92.03838174274154,31.336048554434203
SMAP-4476,92.04875518672495,31.336048554434203
SMAP-4477,92.05912863070836,31.336048554434203
SMAP-4478,92.06950207469175,31.336048554434203
SMAP-4479,92.07987551867517,31.336048554434203
SMAP-4480,92.09024896265855,31.336048554434203
SMAP-4481,92.10062240664196,31.336048554434203
SMAP-4482,92.11099585062534,31.336048554434203
SMAP-4483,92.12136929460875,31.336048554434203
SMAP-4484,92.13174273859217,31.336048554434203
SMAP-4485,92.14211618257556,31.336048554434203
SMAP-4486,92.15248962655897,31.336048554434203
SMAP-4487,92.16286307054237,31.336048554434203
SMAP-4488,92.17323651452577,31.336048554434203
SMAP-4489,92.18360995850917,31.336048554434203
SMAP-4490,92.19398340249256,31.336048554434203
SMAP-4491,92.20435684647597,31.336048554434203
SMAP-4492,92.21473029045937,31.336048554434203
SMAP-4493,92.22510373444278,31.336048554434203
SMAP-4494,92.2354771784262,31.336048554434203
SMAP-4495,92.24585062240959,31.336048554434203
SMAP-4496,92.256224066393,31.336048554434203
SMAP-4497,92.26659751037641,31.336048554434203
SMAP-4498,92.27697095435981,31.336048554434203
SMAP-4499,92.28734439834318,31.336048554434203
SMAP-4500,92.29771784232659,31.336048554434203
SMAP-4501,92.30809128631,31.336048554434203
SMAP-4502,92.3184647302934,31.336048554434203
SMAP-4503,92.32883817427681,31.336048554434203
SMAP-4504,92.33921161826022,31.336048554434203
SMAP-4505,92.34958506224362,31.336048554434203
SMAP-4506,92.35995850622703,31.336048554434203
SMAP-4507,92.37033195021043,31.336048554434203
SMAP-4508,92.38070539419382,31.336048554434203
SMAP-4509,92.39107883817722,31.336048554434203
SMAP-4510,92.40145228216062,31.336048554434203
SMAP-4511,92.41182572614403,31.336048554434203
SMAP-4512,92.42219917012743,31.336048554434203
SMAP-4513,92.43257261411084,31.336048554434203
SMAP-4514,92.44294605809425,31.336048554434203
SMAP-4515,91.68568464730585,31.326896699382324
SMAP-4516,91.69605809128926,31.326896699382324
SMAP-4517,91.70643153527266,31.326896699382324
SMAP-4518,91.71680497925605,31.326896699382324
SMAP-4519,91.72717842323947,31.326896699382324
SMAP-4520,91.73755186722286,31.326896699382324
SMAP-4521,91.74792531120627,31.326896699382324
SMAP-4522,91.75829875518967,31.326896699382324
SMAP-4523,91.76867219917305,31.326896699382324
SMAP-4524,91.77904564315645,31.326896699382324
SMAP-4525,91.78941908713986,31.326896699382324
SMAP-4526,91.79979253112327,31.326896699382324
SMAP-4527,91.81016597510667,31.326896699382324
SMAP-4528,91.82053941909008,31.326896699382324
SMAP-4529,91.83091286307348,31.326896699382324
SMAP-4530,91.84128630705689,31.326896699382324
SMAP-4531,91.8516597510403,31.326896699382324
SMAP-4532,91.8620331950237,31.326896699382324
SMAP-4533,91.87240663900711,31.326896699382324
SMAP-4534,91.8827800829905,31.326896699382324
SMAP-4535,91.8931535269739,31.326896699382324
SMAP-4536,91.90352697095732,31.326896699382324
SMAP-4537,91.91390041494071,31.326896699382324
SMAP-4538,91.92427385892411,31.326896699382324
SMAP-4539,91.9346473029075,31.326896699382324
SMAP-4540,91.9450207468909,31.326896699382324
SMAP-4541,91.95539419087432,31.326896699382324
SMAP-4542,91.9657676348577,31.326896699382324
SMAP-4543,91.97614107884111,31.326896699382324
SMAP-4544,91.9865145228245,31.326896699382324
SMAP-4545,91.99688796680792,31.326896699382324
SMAP-4546,92.00726141079133,31.326896699382324
SMAP-4547,92.01763485477473,31.326896699382324
SMAP-4548,92.02800829875814,31.326896699382324
SMAP-4549,92.03838174274154,31.326896699382324
SMAP-4550,92.04875518672495,31.326896699382324
SMAP-4551,92.05912863070836,31.326896699382324
SMAP-4552,92.06950207469175,31.326896699382324
SMAP-4553,92.07987551867517,31.326896699382324
SMAP-4554,92.09024896265855,31.326896699382324
SMAP-4555,92.10062240664196,31.326896699382324
SMAP-4556,92.11099585062534,31.326896699382324
SMAP-4557,92.12136929460875,31.326896699382324
SMAP-4558,92.13174273859217,31.326896699382324
SMAP-4559,92.14211618257556,31.326896699382324
SMAP-4560,92.15248962655897,31.326896699382324
SMAP-4561,92.16286307054237,31.326896699382324
SMAP-4562,92.17323651452577,31.326896699382324
SMAP-4563,92.18360995850917,31.326896699382324
SMAP-4564,92.19398340249256,31.326896699382324
SMAP-4565,92.20435684647597,31.326896699382324
SMAP-4566,92.21473029045937,31.326896699382324
SMAP-4567,92.22510373444278,31.326896699382324
SMAP-4568,92.2354771784262,31.326896699382324
SMAP-4569,92.24585062240959,31.326896699382324
SMAP-4570,92.256224066393,31.326896699382324
SMAP-4571,92.26659751037641,31.326896699382324
SMAP-4572,92.27697095435981,31.326896699382324
SMAP-4573,92.28734439834318,31.326896699382324
SMAP-4574,92.29771784232659,31.326896699382324
SMAP-4575,92.30809128631,31.326896699382324
SMAP-4576,92.3184647302934,31.326896699382324
SMAP-4577,92.32883817427681,31.326896699382324
SMAP-4578,92.33921161826022,31.326896699382324
SMAP-4579,92.34958506224362,31.326896699382324
SMAP-4580,92.35995850622703,31.326896699382324
SMAP-4581,92.37033195021043,31.326896699382324
SMAP-4582,92.38070539419382,31.326896699382324
SMAP-4583,92.39107883817722,31.326896699382324
SMAP-4584,92.40145228216062,31.326896699382324
SMAP-4585,92.41182572614403,31.326896699382324
SMAP-4586,92.42219917012743,31.326896699382324
SMAP-4587,92.43257261411084,31.326896699382324
SMAP-4588,92.44294605809425,31.326896699382324
SMAP-4589,91.68568464730585,31.317745716575235
SMAP-4590,91.69605809128926,31.317745716575235
SMAP-4591,91.70643153527266,31.317745716575235
SMAP-4592,91.71680497925605,31.317745716575235
SMAP-4593,91.72717842323947,31.317745716575235
SMAP-4594,91.73755186722286,31.317745716575235
SMAP-4595,91.74792531120627,31.317745716575235
SMAP-4596,91.75829875518967,31.317745716575235
SMAP-4597,91.76867219917305,31.317745716575235
SMAP-4598,91.77904564315645,31.317745716575235
SMAP-4599,91.78941908713986,31.317745716575235
SMAP-4600,91.79979253112327,31.317745716575235
SMAP-4601,91.81016597510667,31.317745716575235
SMAP-4602,91.82053941909008,31.317745716575235
SMAP-4603,91.83091286307348,31.317745716575235
SMAP-4604,91.84128630705689,31.317745716575235
SMAP-4605,91.8516597510403,31.317745716575235
SMAP-4606,91.8620331950237,31.317745716575235
SMAP-4607,91.87240663900711,31.317745716575235
SMAP-4608,91.8827800829905,31.317745716575235
SMAP-4609,91.8931535269739,31.317745716575235
SMAP-4610,91.90352697095732,31.317745716575235
SMAP-4611,91.91390041494071,31.317745716575235
SMAP-4612,91.92427385892411,31.317745716575235
SMAP-4613,91.9346473029075,31.317745716575235
SMAP-4614,91.9450207468909,31.317745716575235
SMAP-4615,91.95539419087432,31.317745716575235
SMAP-4616,91.9657676348577,31.317745716575235
SMAP-4617,91.97614107884111,31.317745716575235
SMAP-4618,91.9865145228245,31.317745716575235
SMAP-4619,91.99688796680792,31.317745716575235
SMAP-4620,92.00726141079133,31.317745716575235
SMAP-4621,92.01763485477473,31.317745716575235
SMAP-4622,92.02800829875814,31.317745716575235
SMAP-4623,92.03838174274154,31.317745716575235
SMAP-4624,92.04875518672495,31.317745716575235
SMAP-4625,92.05912863070836,31.317745716575235
SMAP-4626,92.06950207469175,31.317745716575235
SMAP-4627,92.07987551867517,31.317745716575235
SMAP-4628,92.09024896265855,31.317745716575235
SMAP-4629,92.10062240664196,31.317745716575235
SMAP-4630,92.11099585062534,31.317745716575235
SMAP-4631,92.12136929460875,31.317745716575235
SMAP-4632,92.13174273859217,31.317745716575235
SMAP-4633,92.14211618257556,31.317745716575235
SMAP-4634,92.15248962655897,31.317745716575235
SMAP-4635,92.16286307054237,31.317745716575235
SMAP-4636,92.17323651452577,31.317745716575235
SMAP-4637,92.18360995850917,31.317745716575235
SMAP-4638,92.19398340249256,31.317745716575235
SMAP-4639,92.20435684647597,31.317745716575235
SMAP-4640,92.21473029045937,31.317745716575235
SMAP-4641,92.22510373444278,31.317745716575235
SMAP-4642,92.2354771784262,31.317745716575235
SMAP-4643,92.24585062240959,31.317745716575235
SMAP-4644,92.256224066393,31.317745716575235
SMAP-4645,92.26659751037641,31.317745716575235
SMAP-4646,92.27697095435981,31.317745716575235
SMAP-4647,92.28734439834318,31.317745716575235
SMAP-4648,92.29771784232659,31.317745716575235
SMAP-4649,92.30809128631,31.317745716575235
SMAP-4650,92.3184647302934,31.317745716575235
SMAP-4651,92.32883817427681,31.317745716575235
SMAP-4652,92.33921161826022,31.317745716575235
SMAP-4653,92.34958506224362,31.317745716575235
SMAP-4654,92.35995850622703,31.317745716575235
SMAP-4655,92.37033195021043,31.317745716575235
SMAP-4656,92.38070539419382,31.317745716575235
SMAP-4657,92.39107883817722,31.317745716575235
SMAP-4658,92.40145228216062,31.317745716575235
SMAP-4659,92.41182572614403,31.317745716575235
SMAP-4660,92.42219917012743,31.317745716575235
SMAP-4661,92.43257261411084,31.317745716575235
SMAP-4662,92.44294605809425,31.317745716575235
SMAP-4663,91.68568464730585,31.308595605529746
SMAP-4664,91.69605809128926,31.308595605529746
SMAP-4665,91.70643153527266,31.308595605529746
SMAP-4666,91.71680497925605,31.308595605529746
SMAP-4667,91.72717842323947,31.308595605529746
SMAP-4668,91.73755186722286,31.308595605529746
SMAP-4669,91.74792531120627,31.308595605529746
SMAP-4670,91.75829875518967,31.308595605529746
SMAP-4671,91.76867219917305,31.308595605529746
SMAP-4672,91.77904564315645,31.308595605529746
SMAP-4673,91.78941908713986,31.308595605529746
SMAP-4674,91.79979253112327,31.308595605529746
SMAP-4675,91.81016597510667,31.308595605529746
SMAP-4676,91.82053941909008,31.308595605529746
SMAP-4677,91.83091286307348,31.308595605529746
SMAP-4678,91.84128630705689,31.308595605529746
SMAP-4679,91.8516597510403,31.308595605529746
SMAP-4680,91.8620331950237,31.308595605529746
SMAP-4681,91.87240663900711,31.308595605529746
SMAP-4682,91.8827800829905,31.308595605529746
SMAP-4683,91.8931535269739,31.308595605529746
SMAP-4684,91.90352697095732,31.308595605529746
SMAP-4685,91.91390041494071,31.308595605529746
SMAP-4686,91.92427385892411,31.308595605529746
SMAP-4687,91.9346473029075,31.308595605529746
SMAP-4688,91.9450207468909,31.308595605529746
SMAP-4689,91.95539419087432,31.308595605529746
SMAP-4690,91.9657676348577,31.308595605529746
SMAP-4691,91.97614107884111,31.308595605529746
SMAP-4692,91.9865145228245,31.308595605529746
SMAP-4693,91.99688796680792,31.308595605529746
SMAP-4694,92.00726141079133,31.308595605529746
SMAP-4695,92.01763485477473,31.308595605529746
SMAP-4696,92.02800829875814,31.308595605529746
SMAP-4697,92.03838174274154,31.308595605529746
SMAP-4698,92.04875518672495,31.308595605529746
SMAP-4699,92.05912863070836,31.308595605529746
SMAP-4700,92.06950207469175,31.308595605529746
SMAP-4701,92.07987551867517,31.308595605529746
SMAP-4702,92.09024896265855,31.308595605529746
SMAP-4703,92.10062240664196,31.308595605529746
SMAP-4704,92.11099585062534,31.308595605529746
SMAP-4705,92.12136929460875,31.308595605529746
SMAP-4706,92.13174273859217,31.308595605529746
SMAP-4707,92.14211618257556,31.308595605529746
SMAP-4708,92.15248962655897,31.308595605529746
SMAP-4709,92.16286307054237,31.308595605529746
SMAP-4710,92.17323651452577,31.308595605529746
SMAP-4711,92.18360995850917,31.308595605529746
SMAP-4712,92.19398340249256,31.308595605529746
SMAP-4713,92.20435684647597,31.308595605529746
SMAP-4714,92.21473029045937,31.308595605529746
SMAP-4715,92.22510373444278,31.308595605529746
SMAP-4716,92.2354771784262,31.308595605529746
SMAP-4717,92.24585062240959,31.308595605529746
SMAP-4718,92.256224066393,31.308595605529746
SMAP-4719,92.26659751037641,31.308595605529746
SMAP-4720,92.27697095435981,31.308595605529746
SMAP-4721,92.28734439834318,31.308595605529746
SMAP-4722,92.29771784232659,31.308595605529746
SMAP-4723,92.30809128631,31.308595605529746
SMAP-4724,92.3184647302934,31.308595605529746
SMAP-4725,92.32883817427681,31.308595605529746
SMAP-4726,92.33921161826022,31.308595605529746
SMAP-4727,92.34958506224362,31.308595605529746
SMAP-4728,92.35995850622703,31.308595605529746
SMAP-4729,92.37033195021043,31.308595605529746
SMAP-4730,92.38070539419382,31.308595605529746
SMAP-4731,92.39107883817722,31.308595605529746
SMAP-4732,92.40145228216062,31.308595605529746
SMAP-4733,92.41182572614403,31.308595605529746
SMAP-4734,92.42219917012743,31.308595605529746
SMAP-4735,92.43257261411084,31.308595605529746
SMAP-4736,92.44294605809425,31.308595605529746
SMAP-4737,91.68568464730585,31.299446365763046
SMAP-4738,91.69605809128926,31.299446365763046
SMAP-4739,91.70643153527266,31.299446365763046
SMAP-4740,91.71680497925605,31.299446365763046
SMAP-4741,91.72717842323947,31.299446365763046
SMAP-4742,91.73755186722286,31.299446365763046
SMAP-4743,91.74792531120627,31.299446365763046
SMAP-4744,91.75829875518967,31.299446365763046
SMAP-4745,91.76867219917305,31.299446365763046
SMAP-4746,91.77904564315645,31.299446365763046
SMAP-4747,91.78941908713986,31.299446365763046
SMAP-4748,91.79979253112327,31.299446365763046
SMAP-4749,91.81016597510667,31.299446365763046
SMAP-4750,91.82053941909008,31.299446365763046
SMAP-4751,91.83091286307348,31.299446365763046
SMAP-4752,91.84128630705689,31.299446365763046
SMAP-4753,91.8516597510403,31.299446365763046
SMAP-4754,91.8620331950237,31.299446365763046
SMAP-4755,91.87240663900711,31.299446365763046
SMAP-4756,91.8827800829905,31.299446365763046
SMAP-4757,91.8931535269739,31.299446365763046
SMAP-4758,91.90352697095732,31.299446365763046
SMAP-4759,91.91390041494071,31.299446365763046
SMAP-4760,91.92427385892411,31.299446365763046
SMAP-4761,91.9346473029075,31.299446365763046
SMAP-4762,91.9450207468909,31.299446365763046
SMAP-4763,91.95539419087432,31.299446365763046
SMAP-4764,91.9657676348577,31.299446365763046
SMAP-4765,91.97614107884111,31.299446365763046
SMAP-4766,91.9865145228245,31.299446365763046
SMAP-4767,91.99688796680792,31.299446365763046
SMAP-4768,92.00726141079133,31.299446365763046
SMAP-4769,92.01763485477473,31.299446365763046
SMAP-4770,92.02800829875814,31.299446365763046
SMAP-4771,92.03838174274154,31.299446365763046
SMAP-4772,92.04875518672495,31.299446365763046
SMAP-4773,92.05912863070836,31.299446365763046
SMAP-4774,92.06950207469175,31.299446365763046
SMAP-4775,92.07987551867517,31.299446365763046
SMAP-4776,92.09024896265855,31.299446365763046
SMAP-4777,92.10062240664196,31.299446365763046
SMAP-4778,92.11099585062534,31.299446365763046
SMAP-4779,92.12136929460875,31.299446365763046
SMAP-4780,92.13174273859217,31.299446365763046
SMAP-4781,92.14211618257556,31.299446365763046
SMAP-4782,92.15248962655897,31.299446365763046
SMAP-4783,92.16286307054237,31.299446365763046
SMAP-4784,92.17323651452577,31.299446365763046
SMAP-4785,92.18360995850917,31.299446365763046
SMAP-4786,92.19398340249256,31.299446365763046
SMAP-4787,92.20435684647597,31.299446365763046
SMAP-4788,92.21473029045937,31.299446365763046
SMAP-4789,92.22510373444278,31.299446365763046
SMAP-4790,92.2354771784262,31.299446365763046
SMAP-4791,92.24585062240959,31.299446365763046
SMAP-4792,92.256224066393,31.299446365763046
SMAP-4793,92.26659751037641,31.299446365763046
SMAP-4794,92.27697095435981,31.299446365763046
SMAP-4795,92.28734439834318,31.299446365763046
SMAP-4796,92.29771784232659,31.299446365763046
SMAP-4797,92.30809128631,31.299446365763046
SMAP-4798,92.3184647302934,31.299446365763046
SMAP-4799,92.32883817427681,31.299446365763046
SMAP-4800,92.33921161826022,31.299446365763046
SMAP-4801,92.34958506224362,31.299446365763046
SMAP-4802,92.35995850622703,31.299446365763046
SMAP-4803,92.37033195021043,31.299446365763046
SMAP-4804,92.38070539419382,31.299446365763046
SMAP-4805,92.39107883817722,31.299446365763046
SMAP-4806,92.40145228216062,31.299446365763046
SMAP-4807,92.41182572614403,31.299446365763046
SMAP-4808,92.42219917012743,31.299446365763046
SMAP-4809,92.43257261411084,31.299446365763046
SMAP-4810,92.44294605809425,31.299446365763046
SMAP-4811,91.68568464730585,31.290297996792585
SMAP-4812,91.69605809128926,31.290297996792585
SMAP-4813,91.70643153527266,31.290297996792585
SMAP-4814,91.71680497925605,31.290297996792585
SMAP-4815,91.72717842323947,31.290297996792585
SMAP-4816,91.73755186722286,31.290297996792585
SMAP-4817,91.74792531120627,31.290297996792585
SMAP-4818,91.75829875518967,31.290297996792585
SMAP-4819,91.76867219917305,31.290297996792585
SMAP-4820,91.77904564315645,31.290297996792585
SMAP-4821,91.78941908713986,31.290297996792585
SMAP-4822,91.79979253112327,31.290297996792585
SMAP-4823,91.81016597510667,31.290297996792585
SMAP-4824,91.82053941909008,31.290297996792585
SMAP-4825,91.83091286307348,31.290297996792585
SMAP-4826,91.84128630705689,31.290297996792585
SMAP-4827,91.8516597510403,31.290297996792585
SMAP-4828,91.8620331950237,31.290297996792585
SMAP-4829,91.87240663900711,31.290297996792585
SMAP-4830,91.8827800829905,31.290297996792585
SMAP-4831,91.8931535269739,31.290297996792585
SMAP-4832,91.90352697095732,31.290297996792585
SMAP-4833,91.91390041494071,31.290297996792585
SMAP-4834,91.92427385892411,31.290297996792585
SMAP-4835,91.9346473029075,31.290297996792585
SMAP-4836,91.9450207468909,31.290297996792585
SMAP-4837,91.95539419087432,31.290297996792585
SMAP-4838,91.9657676348577,31.290297996792585
SMAP-4839,91.97614107884111,31.290297996792585
SMAP-4840,91.9865145228245,31.290297996792585
SMAP-4841,91.99688796680792,31.290297996792585
SMAP-4842,92.00726141079133,31.290297996792585
SMAP-4843,92.01763485477473,31.290297996792585
SMAP-4844,92.02800829875814,31.290297996792585
SMAP-4845,92.03838174274154,31.290297996792585
SMAP-4846,92.04875518672495,31.290297996792585
SMAP-4847,92.05912863070836,31.290297996792585
SMAP-4848,92.06950207469175,31.290297996792585
SMAP-4849,92.07987551867517,31.290297996792585
SMAP-4850,92.09024896265855,31.290297996792585
SMAP-4851,92.10062240664196,31.290297996792585
SMAP-4852,92.11099585062534,31.290297996792585
SMAP-4853,92.12136929460875,31.290297996792585
SMAP-4854,92.13174273859217,31.290297996792585
SMAP-4855,92.14211618257556,31.290297996792585
SMAP-4856,92.15248962655897,31.290297996792585
SMAP-4857,92.16286307054237,31.290297996792585
SMAP-4858,92.17323651452577,31.290297996792585
SMAP-4859,92.18360995850917,31.290297996792585
SMAP-4860,92.19398340249256,31.290297996792585
SMAP-4861,92.20435684647597,31.290297996792585
SMAP-4862,92.21473029045937,31.290297996792585
SMAP-4863,92.22510373444278,31.290297996792585
SMAP-4864,92.2354771784262,31.290297996792585
SMAP-4865,92.24585062240959,31.290297996792585
SMAP-4866,92.256224066393,31.290297996792585
SMAP-4867,92.26659751037641,31.290297996792585
SMAP-4868,92.27697095435981,31.290297996792585
SMAP-4869,92.28734439834318,31.290297996792585
SMAP-4870,92.29771784232659,31.290297996792585
SMAP-4871,92.30809128631,31.290297996792585
SMAP-4872,92.3184647302934,31.290297996792585
SMAP-4873,92.32883817427681,31.290297996792585
SMAP-4874,92.33921161826022,31.290297996792585
SMAP-4875,92.34958506224362,31.290297996792585
SMAP-4876,92.35995850622703,31.290297996792585
SMAP-4877,92.37033195021043,31.290297996792585
SMAP-4878,92.38070539419382,31.290297996792585
SMAP-4879,92.39107883817722,31.290297996792585
SMAP-4880,92.40145228216062,31.290297996792585
SMAP-4881,92.41182572614403,31.290297996792585
SMAP-4882,92.42219917012743,31.290297996792585
SMAP-4883,92.43257261411084,31.290297996792585
SMAP-4884,92.44294605809425,31.290297996792585
SMAP-4885,91.68568464730585,31.281150498136146
SMAP-4886,91.69605809128926,31.281150498136146
SMAP-4887,91.70643153527266,31.281150498136146
SMAP-4888,91.71680497925605,31.281150498136146
SMAP-4889,91.72717842323947,31.281150498136146
SMAP-4890,91.73755186722286,31.281150498136146
SMAP-4891,91.74792531120627,31.281150498136146
SMAP-4892,91.75829875518967,31.281150498136146
SMAP-4893,91.76867219917305,31.281150498136146
SMAP-4894,91.77904564315645,31.281150498136146
SMAP-4895,91.78941908713986,31.281150498136146
SMAP-4896,91.79979253112327,31.281150498136146
SMAP-4897,91.81016597510667,31.281150498136146
SMAP-4898,91.82053941909008,31.281150498136146
SMAP-4899,91.83091286307348,31.281150498136146
SMAP-4900,91.84128630705689,31.281150498136146
SMAP-4901,91.8516597510403,31.281150498136146
SMAP-4902,91.8620331950237,31.281150498136146
SMAP-4903,91.87240663900711,31.281150498136146
SMAP-4904,91.8827800829905,31.281150498136146
SMAP-4905,91.8931535269739,31.281150498136146
SMAP-4906,91.90352697095732,31.281150498136146
SMAP-4907,91.91390041494071,31.281150498136146
SMAP-4908,91.92427385892411,31.281150498136146
SMAP-4909,91.9346473029075,31.281150498136146
SMAP-4910,91.9450207468909,31.281150498136146
SMAP-4911,91.95539419087432,31.281150498136146
SMAP-4912,91.9657676348577,31.281150498136146
SMAP-4913,91.97614107884111,31.281150498136146
SMAP-4914,91.9865145228245,31.281150498136146
SMAP-4915,91.99688796680792,31.281150498136146
SMAP-4916,92.00726141079133,31.281150498136146
SMAP-4917,92.01763485477473,31.281150498136146
SMAP-4918,92.02800829875814,31.281150498136146
SMAP-4919,92.03838174274154,31.281150498136146
SMAP-4920,92.04875518672495,31.281150498136146
SMAP-4921,92.05912863070836,31.281150498136146
SMAP-4922,92.06950207469175,31.281150498136146
SMAP-4923,92.07987551867517,31.281150498136146
SMAP-4924,92.09024896265855,31.281150498136146
SMAP-4925,92.10062240664196,31.281150498136146
SMAP-4926,92.11099585062534,31.281150498136146
SMAP-4927,92.12136929460875,31.281150498136146
SMAP-4928,92.13174273859217,31.281150498136146
SMAP-4929,92.14211618257556,31.281150498136146
SMAP-4930,92.15248962655897,31.281150498136146
SMAP-4931,92.16286307054237,31.281150498136146
SMAP-4932,92.17323651452577,31.281150498136146
SMAP-4933,92.18360995850917,31.281150498136146
SMAP-4934,92.19398340249256,31.281150498136146
SMAP-4935,92.20435684647597,31.281150498136146
SMAP-4936,92.21473029045937,31.281150498136146
SMAP-4937,92.22510373444278,31.281150498136146
SMAP-4938,92.2354771784262,31.281150498136146
SMAP-4939,92.24585062240959,31.281150498136146
SMAP-4940,92.256224066393,31.281150498136146
SMAP-4941,92.26659751037641,31.281150498136146
SMAP-4942,92.27697095435981,31.281150498136146
SMAP-4943,92.28734439834318,31.281150498136146
SMAP-4944,92.29771784232659,31.281150498136146
SMAP-4945,92.30809128631,31.281150498136146
SMAP-4946,92.3184647302934,31.281150498136146
SMAP-4947,92.32883817427681,31.281150498136146
SMAP-4948,92.33921161826022,31.281150498136146
SMAP-4949,92.34958506224362,31.281150498136146
SMAP-4950,92.35995850622703,31.281150498136146
SMAP-4951,92.37033195021043,31.281150498136146
SMAP-4952,92.38070539419382,31.281150498136146
SMAP-4953,92.39107883817722,31.281150498136146
SMAP-4954,92.40145228216062,31.281150498136146
SMAP-4955,92.41182572614403,31.281150498136146
SMAP-4956,92.42219917012743,31.281150498136146
SMAP-4957,92.43257261411084,31.281150498136146
SMAP-4958,92.44294605809425,31.281150498136146
SMAP-4959,91.68568464730585,31.272003869311874
SMAP-4960,91.69605809128926,31.272003869311874
SMAP-4961,91.70643153527266,31.272003869311874
SMAP-4962,91.71680497925605,31.272003869311874
SMAP-4963,91.72717842323947,31.272003869311874
SMAP-4964,91.73755186722286,31.272003869311874
SMAP-4965,91.74792531120627,31.272003869311874
SMAP-4966,91.75829875518967,31.272003869311874
SMAP-4967,91.76867219917305,31.272003869311874
SMAP-4968,91.77904564315645,31.272003869311874
SMAP-4969,91.78941908713986,31.272003869311874
SMAP-4970,91.79979253112327,31.272003869311874
SMAP-4971,91.81016597510667,31.272003869311874
SMAP-4972,91.82053941909008,31.272003869311874
SMAP-4973,91.83091286307348,31.272003869311874
SMAP-4974,91.84128630705689,31.272003869311874
SMAP-4975,91.8516597510403,31.272003869311874
SMAP-4976,91.8620331950237,31.272003869311874
SMAP-4977,91.87240663900711,31.272003869311874
SMAP-4978,91.8827800829905,31.272003869311874
SMAP-4979,91.8931535269739,31.272003869311874
SMAP-4980,91.90352697095732,31.272003869311874
SMAP-4981,91.91390041494071,31.272003869311874
SMAP-4982,91.92427385892411,31.272003869311874
SMAP-4983,91.9346473029075,31.272003869311874
SMAP-4984,91.9450207468909,31.272003869311874
SMAP-4985,91.95539419087432,31.272003869311874
SMAP-4986,91.9657676348577,31.272003869311874
SMAP-4987,91.97614107884111,31.272003869311874
SMAP-4988,91.9865145228245,31.272003869311874
SMAP-4989,91.99688796680792,31.272003869311874
SMAP-4990,92.00726141079133,31.272003869311874
SMAP-4991,92.01763485477473,31.272003869311874
SMAP-4992,92.02800829875814,31.272003869311874
SMAP-4993,92.03838174274154,31.272003869311874
SMAP-4994,92.04875518672495,31.272003869311874
SMAP-4995,92.05912863070836,31.272003869311874
SMAP-4996,92.06950207469175,31.272003869311874
SMAP-4997,92.07987551867517,31.272003869311874
SMAP-4998,92.09024896265855,31.272003869311874
SMAP-4999,92.10062240664196,31.272003869311874
SMAP-5000,92.11099585062534,31.272003869311874
SMAP-5001,92.12136929460875,31.272003869311874
SMAP-5002,92.13174273859217,31.272003869311874
SMAP-5003,92.14211618257556,31.272003869311874
SMAP-5004,92.15248962655897,31.272003869311874
SMAP-5005,92.16286307054237,31.272003869311874
SMAP-5006,92.17323651452577,31.272003869311874
SMAP-5007,92.18360995850917,31.272003869311874
SMAP-5008,92.19398340249256,31.272003869311874
SMAP-5009,92.20435684647597,31.272003869311874
SMAP-5010,92.21473029045937,31.272003869311874
SMAP-5011,92.22510373444278,31.272003869311874
SMAP-5012,92.2354771784262,31.272003869311874
SMAP-5013,92.24585062240959,31.272003869311874
SMAP-5014,92.256224066393,31.272003869311874
SMAP-5015,92.26659751037641,31.272003869311874
SMAP-5016,92.27697095435981,31.272003869311874
SMAP-5017,92.28734439834318,31.272003869311874
SMAP-5018,92.29771784232659,31.272003869311874
SMAP-5019,92.30809128631,31.272003869311874
SMAP-5020,92.3184647302934,31.272003869311874
SMAP-5021,92.32883817427681,31.272003869311874
SMAP-5022,92.33921161826022,31.272003869311874
SMAP-5023,92.34958506224362,31.272003869311874
SMAP-5024,92.35995850622703,31.272003869311874
SMAP-5025,92.37033195021043,31.272003869311874
SMAP-5026,92.38070539419382,31.272003869311874
SMAP-5027,92.39107883817722,31.272003869311874
SMAP-5028,92.40145228216062,31.272003869311874
SMAP-5029,92.41182572614403,31.272003869311874
SMAP-5030,92.42219917012743,31.272003869311874
SMAP-5031,92.43257261411084,31.272003869311874
SMAP-5032,92.44294605809425,31.272003869311874
SMAP-5033,91.68568464730585,31.26285810983821
SMAP-5034,91.69605809128926,31.26285810983821
SMAP-5035,91.70643153527266,31.26285810983821
SMAP-5036,91.71680497925605,31.26285810983821
SMAP-5037,91.72717842323947,31.26285810983821
SMAP-5038,91.73755186722286,31.26285810983821
SMAP-5039,91.74792531120627,31.26285810983821
SMAP-5040,91.75829875518967,31.26285810983821
SMAP-5041,91.76867219917305,31.26285810983821
SMAP-5042,91.77904564315645,31.26285810983821
SMAP-5043,91.78941908713986,31.26285810983821
SMAP-5044,91.79979253112327,31.26285810983821
SMAP-5045,91.81016597510667,31.26285810983821
SMAP-5046,91.82053941909008,31.26285810983821
SMAP-5047,91.83091286307348,31.26285810983821
SMAP-5048,91.84128630705689,31.26285810983821
SMAP-5049,91.8516597510403,31.26285810983821
SMAP-5050,91.8620331950237,31.26285810983821
SMAP-5051,91.87240663900711,31.26285810983821
SMAP-5052,91.8827800829905,31.26285810983821
SMAP-5053,91.8931535269739,31.26285810983821
SMAP-5054,91.90352697095732,31.26285810983821
SMAP-5055,91.91390041494071,31.26285810983821
SMAP-5056,91.92427385892411,31.26285810983821
SMAP-5057,91.9346473029075,31.26285810983821
SMAP-5058,91.9450207468909,31.26285810983821
SMAP-5059,91.95539419087432,31.26285810983821
SMAP-5060,91.9657676348577,31.26285810983821
SMAP-5061,91.97614107884111,31.26285810983821
SMAP-5062,91.9865145228245,31.26285810983821
SMAP-5063,91.99688796680792,31.26285810983821
SMAP-5064,92.00726141079133,31.26285810983821
SMAP-5065,92.01763485477473,31.26285810983821
SMAP-5066,92.02800829875814,31.26285810983821
SMAP-5067,92.03838174274154,31.26285810983821
SMAP-5068,92.04875518672495,31.26285810983821
SMAP-5069,92.05912863070836,31.26285810983821
SMAP-5070,92.06950207469175,31.26285810983821
SMAP-5071,92.07987551867517,31.26285810983821
SMAP-5072,92.09024896265855,31.26285810983821
SMAP-5073,92.10062240664196,31.26285810983821
SMAP-5074,92.11099585062534,31.26285810983821
SMAP-5075,92.12136929460875,31.26285810983821
SMAP-5076,92.13174273859217,31.26285810983821
SMAP-5077,92.14211618257556,31.26285810983821
SMAP-5078,92.15248962655897,31.26285810983821
SMAP-5079,92.16286307054237,31.26285810983821
SMAP-5080,92.17323651452577,31.26285810983821
SMAP-5081,92.18360995850917,31.26285810983821
SMAP-5082,92.19398340249256,31.26285810983821
SMAP-5083,92.20435684647597,31.26285810983821
SMAP-5084,92.21473029045937,31.26285810983821
SMAP-5085,92.22510373444278,31.26285810983821
SMAP-5086,92.2354771784262,31.26285810983821
SMAP-5087,92.24585062240959,31.26285810983821
SMAP-5088,92.256224066393,31.26285810983821
SMAP-5089,92.26659751037641,31.26285810983821
SMAP-5090,92.27697095435981,31.26285810983821
SMAP-5091,92.28734439834318,31.26285810983821
SMAP-5092,92.29771784232659,31.26285810983821
SMAP-5093,92.30809128631,31.26285810983821
SMAP-5094,92.3184647302934,31.26285810983821
SMAP-5095,92.32883817427681,31.26285810983821
SMAP-5096,92.33921161826022,31.26285810983821
SMAP-5097,92.34958506224362,31.26285810983821
SMAP-5098,92.35995850622703,31.26285810983821
SMAP-5099,92.37033195021043,31.26285810983821
SMAP-5100,92.38070539419382,31.26285810983821
SMAP-5101,92.39107883817722,31.26285810983821
SMAP-5102,92.40145228216062,31.26285810983821
SMAP-5103,92.41182572614403,31.26285810983821
SMAP-5104,92.42219917012743,31.26285810983821
SMAP-5105,92.43257261411084,31.26285810983821
SMAP-5106,92.44294605809425,31.26285810983821
SMAP-5107,91.68568464730585,31.2537132192339
SMAP-5108,91.69605809128926,31.2537132192339
SMAP-5109,91.70643153527266,31.2537132192339
SMAP-5110,91.71680497925605,31.2537132192339
SMAP-5111,91.72717842323947,31.2537132192339
SMAP-5112,91.73755186722286,31.2537132192339
SMAP-5113,91.74792531120627,31.2537132192339
SMAP-5114,91.75829875518967,31.2537132192339
SMAP-5115,91.76867219917305,31.2537132192339
SMAP-5116,91.77904564315645,31.2537132192339
SMAP-5117,91.78941908713986,31.2537132192339
SMAP-5118,91.79979253112327,31.2537132192339
SMAP-5119,91.81016597510667,31.2537132192339
SMAP-5120,91.82053941909008,31.2537132192339
SMAP-5121,91.83091286307348,31.2537132192339
SMAP-5122,91.84128630705689,31.2537132192339
SMAP-5123,91.8516597510403,31.2537132192339
SMAP-5124,91.8620331950237,31.2537132192339
SMAP-5125,91.87240663900711,31.2537132192339
SMAP-5126,91.8827800829905,31.2537132192339
SMAP-5127,91.8931535269739,31.2537132192339
SMAP-5128,91.90352697095732,31.2537132192339
SMAP-5129,91.91390041494071,31.2537132192339
SMAP-5130,91.92427385892411,31.2537132192339
SMAP-5131,91.9346473029075,31.2537132192339
SMAP-5132,91.9450207468909,31.2537132192339
SMAP-5133,91.95539419087432,31.2537132192339
SMAP-5134,91.9657676348577,31.2537132192339
SMAP-5135,91.97614107884111,31.2537132192339
SMAP-5136,91.9865145228245,31.2537132192339
SMAP-5137,91.99688796680792,31.2537132192339
SMAP-5138,92.00726141079133,31.2537132192339
SMAP-5139,92.01763485477473,31.2537132192339
SMAP-5140,92.02800829875814,31.2537132192339
SMAP-5141,92.03838174274154,31.2537132192339
SMAP-5142,92.04875518672495,31.2537132192339
SMAP-5143,92.05912863070836,31.2537132192339
SMAP-5144,92.06950207469175,31.2537132192339
SMAP-5145,92.07987551867517,31.2537132192339
SMAP-5146,92.09024896265855,31.2537132192339
SMAP-5147,92.10062240664196,31.2537132192339
SMAP-5148,92.11099585062534,31.2537132192339
SMAP-5149,92.12136929460875,31.2537132192339
SMAP-5150,92.13174273859217,31.2537132192339
SMAP-5151,92.14211618257556,31.2537132192339
SMAP-5152,92.15248962655897,31.2537132192339
SMAP-5153,92.16286307054237,31.2537132192339
SMAP-5154,92.17323651452577,31.2537132192339
SMAP-5155,92.18360995850917,31.2537132192339
SMAP-5156,92.19398340249256,31.2537132192339
SMAP-5157,92.20435684647597,31.2537132192339
SMAP-5158,92.21473029045937,31.2537132192339
SMAP-5159,92.22510373444278,31.2537132192339
SMAP-5160,92.2354771784262,31.2537132192339
SMAP-5161,92.24585062240959,31.2537132192339
SMAP-5162,92.256224066393,31.2537132192339
SMAP-5163,92.26659751037641,31.2537132192339
SMAP-5164,92.27697095435981,31.2537132192339
SMAP-5165,92.28734439834318,31.2537132192339
SMAP-5166,92.29771784232659,31.2537132192339
SMAP-5167,92.30809128631,31.2537132192339
SMAP-5168,92.3184647302934,31.2537132192339
SMAP-5169,92.32883817427681,31.2537132192339
SMAP-5170,92.33921161826022,31.2537132192339
SMAP-5171,92.34958506224362,31.2537132192339
SMAP-5172,92.35995850622703,31.2537132192339
SMAP-5173,92.37033195021043,31.2537132192339
SMAP-5174,92.38070539419382,31.2537132192339
SMAP-5175,92.39107883817722,31.2537132192339
SMAP-5176,92.40145228216062,31.2537132192339
SMAP-5177,92.41182572614403,31.2537132192339
SMAP-5178,92.42219917012743,31.2537132192339
SMAP-5179,92.43257261411084,31.2537132192339
SMAP-5180,92.44294605809425,31.2537132192339
SMAP-5181,91.68568464730585,31.24456919701803
SMAP-5182,91.69605809128926,31.24456919701803
SMAP-5183,91.70643153527266,31.24456919701803
SMAP-5184,91.71680497925605,31.24456919701803
SMAP-5185,91.72717842323947,31.24456919701803
SMAP-5186,91.73755186722286,31.24456919701803
SMAP-5187,91.74792531120627,31.24456919701803
SMAP-5188,91.75829875518967,31.24456919701803
SMAP-5189,91.76867219917305,31.24456919701803
SMAP-5190,91.77904564315645,31.24456919701803
SMAP-5191,91.78941908713986,31.24456919701803
SMAP-5192,91.79979253112327,31.24456919701803
SMAP-5193,91.81016597510667,31.24456919701803
SMAP-5194,91.82053941909008,31.24456919701803
SMAP-5195,91.83091286307348,31.24456919701803
SMAP-5196,91.84128630705689,31.24456919701803
SMAP-5197,91.8516597510403,31.24456919701803
SMAP-5198,91.8620331950237,31.24456919701803
SMAP-5199,91.87240663900711,31.24456919701803
SMAP-5200,91.8827800829905,31.24456919701803
SMAP-5201,91.8931535269739,31.24456919701803
SMAP-5202,91.90352697095732,31.24456919701803
SMAP-5203,91.91390041494071,31.24456919701803
SMAP-5204,91.92427385892411,31.24456919701803
SMAP-5205,91.9346473029075,31.24456919701803
SMAP-5206,91.9450207468909,31.24456919701803
SMAP-5207,91.95539419087432,31.24456919701803
SMAP-5208,91.9657676348577,31.24456919701803
SMAP-5209,91.97614107884111,31.24456919701803
SMAP-5210,91.9865145228245,31.24456919701803
SMAP-5211,91.99688796680792,31.24456919701803
SMAP-5212,92.00726141079133,31.24456919701803
SMAP-5213,92.01763485477473,31.24456919701803
SMAP-5214,92.02800829875814,31.24456919701803
SMAP-5215,92.03838174274154,31.24456919701803
SMAP-5216,92.04875518672495,31.24456919701803
SMAP-5217,92.05912863070836,31.24456919701803
SMAP-5218,92.06950207469175,31.24456919701803
SMAP-5219,92.07987551867517,31.24456919701803
SMAP-5220,92.09024896265855,31.24456919701803
SMAP-5221,92.10062240664196,31.24456919701803
SMAP-5222,92.11099585062534,31.24456919701803
SMAP-5223,92.12136929460875,31.24456919701803
SMAP-5224,92.13174273859217,31.24456919701803
SMAP-5225,92.14211618257556,31.24456919701803
SMAP-5226,92.15248962655897,31.24456919701803
SMAP-5227,92.16286307054237,31.24456919701803
SMAP-5228,92.17323651452577,31.24456919701803
SMAP-5229,92.18360995850917,31.24456919701803
SMAP-5230,92.19398340249256,31.24456919701803
SMAP-5231,92.20435684647597,31.24456919701803
SMAP-5232,92.21473029045937,31.24456919701803
SMAP-5233,92.22510373444278,31.24456919701803
SMAP-5234,92.2354771784262,31.24456919701803
SMAP-5235,92.24585062240959,31.24456919701803
SMAP-5236,92.256224066393,31.24456919701803
SMAP-5237,92.26659751037641,31.24456919701803
SMAP-5238,92.27697095435981,31.24456919701803
SMAP-5239,92.28734439834318,31.24456919701803
SMAP-5240,92.29771784232659,31.24456919701803
SMAP-5241,92.30809128631,31.24456919701803
SMAP-5242,92.3184647302934,31.24456919701803
SMAP-5243,92.32883817427681,31.24456919701803
SMAP-5244,92.33921161826022,31.24456919701803
SMAP-5245,92.34958506224362,31.24456919701803
SMAP-5246,92.35995850622703,31.24456919701803
SMAP-5247,92.37033195021043,31.24456919701803
SMAP-5248,92.38070539419382,31.24456919701803
SMAP-5249,92.39107883817722,31.24456919701803
SMAP-5250,92.40145228216062,31.24456919701803
SMAP-5251,92.41182572614403,31.24456919701803
SMAP-5252,92.42219917012743,31.24456919701803
SMAP-5253,92.43257261411084,31.24456919701803
SMAP-5254,92.44294605809425,31.24456919701803
SMAP-5255,91.68568464730585,31.235426042710035
SMAP-5256,91.69605809128926,31.235426042710035
SMAP-5257,91.70643153527266,31.235426042710035
SMAP-5258,91.71680497925605,31.235426042710035
SMAP-5259,91.72717842323947,31.235426042710035
SMAP-5260,91.73755186722286,31.235426042710035
SMAP-5261,91.74792531120627,31.235426042710035
SMAP-5262,91.75829875518967,31.235426042710035
SMAP-5263,91.76867219917305,31.235426042710035
SMAP-5264,91.77904564315645,31.235426042710035
SMAP-5265,91.78941908713986,31.235426042710035
SMAP-5266,91.79979253112327,31.235426042710035
SMAP-5267,91.81016597510667,31.235426042710035
SMAP-5268,91.82053941909008,31.235426042710035
SMAP-5269,91.83091286307348,31.235426042710035
SMAP-5270,91.84128630705689,31.235426042710035
SMAP-5271,91.8516597510403,31.235426042710035
SMAP-5272,91.8620331950237,31.235426042710035
SMAP-5273,91.87240663900711,31.235426042710035
SMAP-5274,91.8827800829905,31.235426042710035
SMAP-5275,91.8931535269739,31.235426042710035
SMAP-5276,91.90352697095732,31.235426042710035
SMAP-5277,91.91390041494071,31.235426042710035
SMAP-5278,91.92427385892411,31.235426042710035
SMAP-5279,91.9346473029075,31.235426042710035
SMAP-5280,91.9450207468909,31.235426042710035
SMAP-5281,91.95539419087432,31.235426042710035
SMAP-5282,91.9657676348577,31.235426042710035
SMAP-5283,91.97614107884111,31.235426042710035
SMAP-5284,91.9865145228245,31.235426042710035
SMAP-5285,91.99688796680792,31.235426042710035
SMAP-5286,92.00726141079133,31.235426042710035
SMAP-5287,92.01763485477473,31.235426042710035
SMAP-5288,92.02800829875814,31.235426042710035
SMAP-5289,92.03838174274154,31.235426042710035
SMAP-5290,92.04875518672495,31.235426042710035
SMAP-5291,92.05912863070836,31.235426042710035
SMAP-5292,92.06950207469175,31.235426042710035
SMAP-5293,92.07987551867517,31.235426042710035
SMAP-5294,92.09024896265855,31.235426042710035
SMAP-5295,92.10062240664196,31.235426042710035
SMAP-5296,92.11099585062534,31.235426042710035
SMAP-5297,92.12136929460875,31.235426042710035
SMAP-5298,92.13174273859217,31.235426042710035
SMAP-5299,92.14211618257556,31.235426042710035
SMAP-5300,92.15248962655897,31.235426042710035
SMAP-5301,92.16286307054237,31.235426042710035
SMAP-5302,92.17323651452577,31.235426042710035
SMAP-5303,92.18360995850917,31.235426042710035
SMAP-5304,92.19398340249256,31.235426042710035
SMAP-5305,92.20435684647597,31.235426042710035
SMAP-5306,92.21473029045937,31.235426042710035
SMAP-5307,92.22510373444278,31.235426042710035
SMAP-5308,92.2354771784262,31.235426042710035
SMAP-5309,92.24585062240959,31.235426042710035
SMAP-5310,92.256224066393,31.235426042710035
SMAP-5311,92.26659751037641,31.235426042710035
SMAP-5312,92.27697095435981,31.235426042710035
SMAP-5313,92.28734439834318,31.235426042710035
SMAP-5314,92.29771784232659,31.235426042710035
SMAP-5315,92.30809128631,31.235426042710035
SMAP-5316,92.3184647302934,31.235426042710035
SMAP-5317,92.32883817427681,31.235426042710035
SMAP-5318,92.33921161826022,31.235426042710035
SMAP-5319,92.34958506224362,31.235426042710035
SMAP-5320,92.35995850622703,31.235426042710035
SMAP-5321,92.37033195021043,31.235426042710035
SMAP-5322,92.38070539419382,31.235426042710035
SMAP-5323,92.39107883817722,31.235426042710035
SMAP-5324,92.40145228216062,31.235426042710035
SMAP-5325,92.41182572614403,31.235426042710035
SMAP-5326,92.42219917012743,31.235426042710035
SMAP-5327,92.43257261411084,31.235426042710035
SMAP-5328,92.44294605809425,31.235426042710035
SMAP-5329,91.68568464730585,31.22628375582959
SMAP-5330,91.69605809128926,31.22628375582959
SMAP-5331,91.70643153527266,31.22628375582959
SMAP-5332,91.71680497925605,31.22628375582959
SMAP-5333,91.72717842323947,31.22628375582959
SMAP-5334,91.73755186722286,31.22628375582959
SMAP-5335,91.74792531120627,31.22628375582959
SMAP-5336,91.75829875518967,31.22628375582959
SMAP-5337,91.76867219917305,31.22628375582959
SMAP-5338,91.77904564315645,31.22628375582959
SMAP-5339,91.78941908713986,31.22628375582959
SMAP-5340,91.79979253112327,31.22628375582959
SMAP-5341,91.81016597510667,31.22628375582959
SMAP-5342,91.82053941909008,31.22628375582959
SMAP-5343,91.83091286307348,31.22628375582959
SMAP-5344,91.84128630705689,31.22628375582959
SMAP-5345,91.8516597510403,31.22628375582959
SMAP-5346,91.8620331950237,31.22628375582959
SMAP-5347,91.87240663900711,31.22628375582959
SMAP-5348,91.8827800829905,31.22628375582959
SMAP-5349,91.8931535269739,31.22628375582959
SMAP-5350,91.90352697095732,31.22628375582959
SMAP-5351,91.91390041494071,31.22628375582959
SMAP-5352,91.92427385892411,31.22628375582959
SMAP-5353,91.9346473029075,31.22628375582959
SMAP-5354,91.9450207468909,31.22628375582959
SMAP-5355,91.95539419087432,31.22628375582959
SMAP-5356,91.9657676348577,31.22628375582959
SMAP-5357,91.97614107884111,31.22628375582959
SMAP-5358,91.9865145228245,31.22628375582959
SMAP-5359,91.99688796680792,31.22628375582959
SMAP-5360,92.00726141079133,31.22628375582959
SMAP-5361,92.01763485477473,31.22628375582959
SMAP-5362,92.02800829875814,31.22628375582959
SMAP-5363,92.03838174274154,31.22628375582959
SMAP-5364,92.04875518672495,31.22628375582959
SMAP-5365,92.05912863070836,31.22628375582959
SMAP-5366,92.06950207469175,31.22628375582959
SMAP-5367,92.07987551867517,31.22628375582959
SMAP-5368,92.09024896265855,31.22628375582959
SMAP-5369,92.10062240664196,31.22628375582959
SMAP-5370,92.11099585062534,31.22628375582959
SMAP-5371,92.12136929460875,31.22628375582959
SMAP-5372,92.13174273859217,31.22628375582959
SMAP-5373,92.14211618257556,31.22628375582959
SMAP-5374,92.15248962655897,31.22628375582959
SMAP-5375,92.16286307054237,31.22628375582959
SMAP-5376,92.17323651452577,31.22628375582959
SMAP-5377,92.18360995850917,31.22628375582959
SMAP-5378,92.19398340249256,31.22628375582959
SMAP-5379,92.20435684647597,31.22628375582959
SMAP-5380,92.21473029045937,31.22628375582959
SMAP-5381,92.22510373444278,31.22628375582959
SMAP-5382,92.2354771784262,31.22628375582959
SMAP-5383,92.24585062240959,31.22628375582959
SMAP-5384,92.256224066393,31.22628375582959
SMAP-5385,92.26659751037641,31.22628375582959
SMAP-5386,92.27697095435981,31.22628375582959
SMAP-5387,92.28734439834318,31.22628375582959
SMAP-5388,92.29771784232659,31.22628375582959
SMAP-5389,92.30809128631,31.22628375582959
SMAP-5390,92.3184647302934,31.22628375582959
SMAP-5391,92.32883817427681,31.22628375582959
SMAP-5392,92.33921161826022,31.22628375582959
SMAP-5393,92.34958506224362,31.22628375582959
SMAP-5394,92.35995850622703,31.22628375582959
SMAP-5395,92.37033195021043,31.22628375582959
SMAP-5396,92.38070539419382,31.22628375582959
SMAP-5397,92.39107883817722,31.22628375582959
SMAP-5398,92.40145228216062,31.22628375582959
SMAP-5399,92.41182572614403,31.22628375582959
SMAP-5400,92.42219917012743,31.22628375582959
SMAP-5401,92.43257261411084,31.22628375582959
SMAP-5402,92.44294605809425,31.22628375582959
SMAP-5403,91.68568464730585,31.21714233589676
SMAP-5404,91.69605809128926,31.21714233589676
SMAP-5405,91.70643153527266,31.21714233589676
SMAP-5406,91.71680497925605,31.21714233589676
SMAP-5407,91.72717842323947,31.21714233589676
SMAP-5408,91.73755186722286,31.21714233589676
SMAP-5409,91.74792531120627,31.21714233589676
SMAP-5410,91.75829875518967,31.21714233589676
SMAP-5411,91.76867219917305,31.21714233589676
SMAP-5412,91.77904564315645,31.21714233589676
SMAP-5413,91.78941908713986,31.21714233589676
SMAP-5414,91.79979253112327,31.21714233589676
SMAP-5415,91.81016597510667,31.21714233589676
SMAP-5416,91.82053941909008,31.21714233589676
SMAP-5417,91.83091286307348,31.21714233589676
SMAP-5418,91.84128630705689,31.21714233589676
SMAP-5419,91.8516597510403,31.21714233589676
SMAP-5420,91.8620331950237,31.21714233589676
SMAP-5421,91.87240663900711,31.21714233589676
SMAP-5422,91.8827800829905,31.21714233589676
SMAP-5423,91.8931535269739,31.21714233589676
SMAP-5424,91.90352697095732,31.21714233589676
SMAP-5425,91.91390041494071,31.21714233589676
SMAP-5426,91.92427385892411,31.21714233589676
SMAP-5427,91.9346473029075,31.21714233589676
SMAP-5428,91.9450207468909,31.21714233589676
SMAP-5429,91.95539419087432,31.21714233589676
SMAP-5430,91.9657676348577,31.21714233589676
SMAP-5431,91.97614107884111,31.21714233589676
SMAP-5432,91.9865145228245,31.21714233589676
SMAP-5433,91.99688796680792,31.21714233589676
SMAP-5434,92.00726141079133,31.21714233589676
SMAP-5435,92.01763485477473,31.21714233589676
SMAP-5436,92.02800829875814,31.21714233589676
SMAP-5437,92.03838174274154,31.21714233589676
SMAP-5438,92.04875518672495,31.21714233589676
SMAP-5439,92.05912863070836,31.21714233589676
SMAP-5440,92.06950207469175,31.21714233589676
SMAP-5441,92.07987551867517,31.21714233589676
SMAP-5442,92.09024896265855,31.21714233589676
SMAP-5443,92.10062240664196,31.21714233589676
SMAP-5444,92.11099585062534,31.21714233589676
SMAP-5445,92.12136929460875,31.21714233589676
SMAP-5446,92.13174273859217,31.21714233589676
SMAP-5447,92.14211618257556,31.21714233589676
SMAP-5448,92.15248962655897,31.21714233589676
SMAP-5449,92.16286307054237,31.21714233589676
SMAP-5450,92.17323651452577,31.21714233589676
SMAP-5451,92.18360995850917,31.21714233589676
SMAP-5452,92.19398340249256,31.21714233589676
SMAP-5453,92.20435684647597,31.21714233589676
SMAP-5454,92.21473029045937,31.21714233589676
SMAP-5455,92.22510373444278,31.21714233589676
SMAP-5456,92.2354771784262,31.21714233589676
SMAP-5457,92.24585062240959,31.21714233589676
SMAP-5458,92.256224066393,31.21714233589676
SMAP-5459,92.26659751037641,31.21714233589676
SMAP-5460,92.27697095435981,31.21714233589676
SMAP-5461,92.28734439834318,31.21714233589676
SMAP-5462,92.29771784232659,31.21714233589676
SMAP-5463,92.30809128631,31.21714233589676
SMAP-5464,92.3184647302934,31.21714233589676
SMAP-5465,92.32883817427681,31.21714233589676
SMAP-5466,92.33921161826022,31.21714233589676
SMAP-5467,92.34958506224362,31.21714233589676
SMAP-5468,92.35995850622703,31.21714233589676
SMAP-5469,92.37033195021043,31.21714233589676
SMAP-5470,92.38070539419382,31.21714233589676
SMAP-5471,92.39107883817722,31.21714233589676
SMAP-5472,92.40145228216062,31.21714233589676
SMAP-5473,92.41182572614403,31.21714233589676
SMAP-5474,92.42219917012743,31.21714233589676
SMAP-5475,92.43257261411084,31.21714233589676
SMAP-5476,92.44294605809425,31.21714233589676
SMAP-5477,91.68568464730585,31.208001782431918
SMAP-5478,91.69605809128926,31.208001782431918
SMAP-5479,91.70643153527266,31.208001782431918
SMAP-5480,91.71680497925605,31.208001782431918
SMAP-5481,91.72717842323947,31.208001782431918
SMAP-5482,91.73755186722286,31.208001782431918
SMAP-5483,91.74792531120627,31.208001782431918
SMAP-5484,91.75829875518967,31.208001782431918
SMAP-5485,91.76867219917305,31.208001782431918
SMAP-5486,91.77904564315645,31.208001782431918
SMAP-5487,91.78941908713986,31.208001782431918
SMAP-5488,91.79979253112327,31.208001782431918
SMAP-5489,91.81016597510667,31.208001782431918
SMAP-5490,91.82053941909008,31.208001782431918
SMAP-5491,91.83091286307348,31.208001782431918
SMAP-5492,91.84128630705689,31.208001782431918
SMAP-5493,91.8516597510403,31.208001782431918
SMAP-5494,91.8620331950237,31.208001782431918
SMAP-5495,91.87240663900711,31.208001782431918
SMAP-5496,91.8827800829905,31.208001782431918
SMAP-5497,91.8931535269739,31.208001782431918
SMAP-5498,91.90352697095732,31.208001782431918
SMAP-5499,91.91390041494071,31.208001782431918
SMAP-5500,91.92427385892411,31.208001782431918
SMAP-5501,91.9346473029075,31.208001782431918
SMAP-5502,91.9450207468909,31.208001782431918
SMAP-5503,91.95539419087432,31.208001782431918
SMAP-5504,91.9657676348577,31.208001782431918
SMAP-5505,91.97614107884111,31.208001782431918
SMAP-5506,91.9865145228245,31.208001782431918
SMAP-5507,91.99688796680792,31.208001782431918
SMAP-5508,92.00726141079133,31.208001782431918
SMAP-5509,92.01763485477473,31.208001782431918
SMAP-5510,92.02800829875814,31.208001782431918
SMAP-5511,92.03838174274154,31.208001782431918
SMAP-5512,92.04875518672495,31.208001782431918
SMAP-5513,92.05912863070836,31.208001782431918
SMAP-5514,92.06950207469175,31.208001782431918
SMAP-5515,92.07987551867517,31.208001782431918
SMAP-5516,92.09024896265855,31.208001782431918
SMAP-5517,92.10062240664196,31.208001782431918
SMAP-5518,92.11099585062534,31.208001782431918
SMAP-5519,92.12136929460875,31.208001782431918
SMAP-5520,92.13174273859217,31.208001782431918
SMAP-5521,92.14211618257556,31.208001782431918
SMAP-5522,92.15248962655897,31.208001782431918
SMAP-5523,92.16286307054237,31.208001782431918
SMAP-5524,92.17323651452577,31.208001782431918
SMAP-5525,92.18360995850917,31.208001782431918
SMAP-5526,92.19398340249256,31.208001782431918
SMAP-5527,92.20435684647597,31.208001782431918
SMAP-5528,92.21473029045937,31.208001782431918
SMAP-5529,92.22510373444278,31.208001782431918
SMAP-5530,92.2354771784262,31.208001782431918
SMAP-5531,92.24585062240959,31.208001782431918
SMAP-5532,92.256224066393,31.208001782431918
SMAP-5533,92.26659751037641,31.208001782431918
SMAP-5534,92.27697095435981,31.208001782431918
SMAP-5535,92.28734439834318,31.208001782431918
SMAP-5536,92.29771784232659,31.208001782431918
SMAP-5537,92.30809128631,31.208001782431918
SMAP-5538,92.3184647302934,31.208001782431918
SMAP-5539,92.32883817427681,31.208001782431918
SMAP-5540,92.33921161826022,31.208001782431918
SMAP-5541,92.34958506224362,31.208001782431918
SMAP-5542,92.35995850622703,31.208001782431918
SMAP-5543,92.37033195021043,31.208001782431918
SMAP-5544,92.38070539419382,31.208001782431918
SMAP-5545,92.39107883817722,31.208001782431918
SMAP-5546,92.40145228216062,31.208001782431918
SMAP-5547,92.41182572614403,31.208001782431918
SMAP-5548,92.42219917012743,31.208001782431918
SMAP-5549,92.43257261411084,31.208001782431918
SMAP-5550,92.44294605809425,31.208001782431918
SMAP-5551,91.68568464730585,31.198862094955725
SMAP-5552,91.69605809128926,31.198862094955725
SMAP-5553,91.70643153527266,31.198862094955725
SMAP-5554,91.71680497925605,31.198862094955725
SMAP-5555,91.72717842323947,31.198862094955725
SMAP-5556,91.73755186722286,31.198862094955725
SMAP-5557,91.74792531120627,31.198862094955725
SMAP-5558,91.75829875518967,31.198862094955725
SMAP-5559,91.76867219917305,31.198862094955725
SMAP-5560,91.77904564315645,31.198862094955725
SMAP-5561,91.78941908713986,31.198862094955725
SMAP-5562,91.79979253112327,31.198862094955725
SMAP-5563,91.81016597510667,31.198862094955725
SMAP-5564,91.82053941909008,31.198862094955725
SMAP-5565,91.83091286307348,31.198862094955725
SMAP-5566,91.84128630705689,31.198862094955725
SMAP-5567,91.8516597510403,31.198862094955725
SMAP-5568,91.8620331950237,31.198862094955725
SMAP-5569,91.87240663900711,31.198862094955725
SMAP-5570,91.8827800829905,31.198862094955725
SMAP-5571,91.8931535269739,31.198862094955725
SMAP-5572,91.90352697095732,31.198862094955725
SMAP-5573,91.91390041494071,31.198862094955725
SMAP-5574,91.92427385892411,31.198862094955725
SMAP-5575,91.9346473029075,31.198862094955725
SMAP-5576,91.9450207468909,31.198862094955725
SMAP-5577,91.95539419087432,31.198862094955725
SMAP-5578,91.9657676348577,31.198862094955725
SMAP-5579,91.97614107884111,31.198862094955725
SMAP-5580,91.9865145228245,31.198862094955725
SMAP-5581,91.99688796680792,31.198862094955725
SMAP-5582,92.00726141079133,31.198862094955725
SMAP-5583,92.01763485477473,31.198862094955725
SMAP-5584,92.02800829875814,31.198862094955725
SMAP-5585,92.03838174274154,31.198862094955725
SMAP-5586,92.04875518672495,31.198862094955725
SMAP-5587,92.05912863070836,31.198862094955725
SMAP-5588,92.06950207469175,31.198862094955725
SMAP-5589,92.07987551867517,31.198862094955725
SMAP-5590,92.09024896265855,31.198862094955725
SMAP-5591,92.10062240664196,31.198862094955725
SMAP-5592,92.11099585062534,31.198862094955725
SMAP-5593,92.12136929460875,31.198862094955725
SMAP-5594,92.13174273859217,31.198862094955725
SMAP-5595,92.14211618257556,31.198862094955725
SMAP-5596,92.15248962655897,31.198862094955725
SMAP-5597,92.16286307054237,31.198862094955725
SMAP-5598,92.17323651452577,31.198862094955725
SMAP-5599,92.18360995850917,31.198862094955725
SMAP-5600,92.19398340249256,31.198862094955725
SMAP-5601,92.20435684647597,31.198862094955725
SMAP-5602,92.21473029045937,31.198862094955725
SMAP-5603,92.22510373444278,31.198862094955725
SMAP-5604,92.2354771784262,31.198862094955725
SMAP-5605,92.24585062240959,31.198862094955725
SMAP-5606,92.256224066393,31.198862094955725
SMAP-5607,92.26659751037641,31.198862094955725
SMAP-5608,92.27697095435981,31.198862094955725
SMAP-5609,92.28734439834318,31.198862094955725
SMAP-5610,92.29771784232659,31.198862094955725
SMAP-5611,92.30809128631,31.198862094955725
SMAP-5612,92.3184647302934,31.198862094955725
SMAP-5613,92.32883817427681,31.198862094955725
SMAP-5614,92.33921161826022,31.198862094955725
SMAP-5615,92.34958506224362,31.198862094955725
SMAP-5616,92.35995850622703,31.198862094955725
SMAP-5617,92.37033195021043,31.198862094955725
SMAP-5618,92.38070539419382,31.198862094955725
SMAP-5619,92.39107883817722,31.198862094955725
SMAP-5620,92.40145228216062,31.198862094955725
SMAP-5621,92.41182572614403,31.198862094955725
SMAP-5622,92.42219917012743,31.198862094955725
SMAP-5623,92.43257261411084,31.198862094955725
SMAP-5624,92.44294605809425,31.198862094955725
SMAP-5625,91.68568464730585,31.1897232729892
SMAP-5626,91.69605809128926,31.1897232729892
SMAP-5627,91.70643153527266,31.1897232729892
SMAP-5628,91.71680497925605,31.1897232729892
SMAP-5629,91.72717842323947,31.1897232729892
SMAP-5630,91.73755186722286,31.1897232729892
SMAP-5631,91.74792531120627,31.1897232729892
SMAP-5632,91.75829875518967,31.1897232729892
SMAP-5633,91.76867219917305,31.1897232729892
SMAP-5634,91.77904564315645,31.1897232729892
SMAP-5635,91.78941908713986,31.1897232729892
SMAP-5636,91.79979253112327,31.1897232729892
SMAP-5637,91.81016597510667,31.1897232729892
SMAP-5638,91.82053941909008,31.1897232729892
SMAP-5639,91.83091286307348,31.1897232729892
SMAP-5640,91.84128630705689,31.1897232729892
SMAP-5641,91.8516597510403,31.1897232729892
SMAP-5642,91.8620331950237,31.1897232729892
SMAP-5643,91.87240663900711,31.1897232729892
SMAP-5644,91.8827800829905,31.1897232729892
SMAP-5645,91.8931535269739,31.1897232729892
SMAP-5646,91.90352697095732,31.1897232729892
SMAP-5647,91.91390041494071,31.1897232729892
SMAP-5648,91.92427385892411,31.1897232729892
SMAP-5649,91.9346473029075,31.1897232729892
SMAP-5650,91.9450207468909,31.1897232729892
SMAP-5651,91.95539419087432,31.1897232729892
SMAP-5652,91.9657676348577,31.1897232729892
SMAP-5653,91.97614107884111,31.1897232729892
SMAP-5654,91.9865145228245,31.1897232729892
SMAP-5655,91.99688796680792,31.1897232729892
SMAP-5656,92.00726141079133,31.1897232729892
SMAP-5657,92.01763485477473,31.1897232729892
SMAP-5658,92.02800829875814,31.1897232729892
SMAP-5659,92.03838174274154,31.1897232729892
SMAP-5660,92.04875518672495,31.1897232729892
SMAP-5661,92.05912863070836,31.1897232729892
SMAP-5662,92.06950207469175,31.1897232729892
SMAP-5663,92.07987551867517,31.1897232729892
SMAP-5664,92.09024896265855,31.1897232729892
SMAP-5665,92.10062240664196,31.1897232729892
SMAP-5666,92.11099585062534,31.1897232729892
SMAP-5667,92.12136929460875,31.1897232729892
SMAP-5668,92.13174273859217,31.1897232729892
SMAP-5669,92.14211618257556,31.1897232729892
SMAP-5670,92.15248962655897,31.1897232729892
SMAP-5671,92.16286307054237,31.1897232729892
SMAP-5672,92.17323651452577,31.1897232729892
SMAP-5673,92.18360995850917,31.1897232729892
SMAP-5674,92.19398340249256,31.1897232729892
SMAP-5675,92.20435684647597,31.1897232729892
SMAP-5676,92.21473029045937,31.1897232729892
SMAP-5677,92.22510373444278,31.1897232729892
SMAP-5678,92.2354771784262,31.1897232729892
SMAP-5679,92.24585062240959,31.1897232729892
SMAP-5680,92.256224066393,31.1897232729892
SMAP-5681,92.26659751037641,31.1897232729892
SMAP-5682,92.27697095435981,31.1897232729892
SMAP-5683,92.28734439834318,31.1897232729892
SMAP-5684,92.29771784232659,31.1897232729892
SMAP-5685,92.30809128631,31.1897232729892
SMAP-5686,92.3184647302934,31.1897232729892
SMAP-5687,92.32883817427681,31.1897232729892
SMAP-5688,92.33921161826022,31.1897232729892
SMAP-5689,92.34958506224362,31.1897232729892
SMAP-5690,92.35995850622703,31.1897232729892
SMAP-5691,92.37033195021043,31.1897232729892
SMAP-5692,92.38070539419382,31.1897232729892
SMAP-5693,92.39107883817722,31.1897232729892
SMAP-5694,92.40145228216062,31.1897232729892
SMAP-5695,92.41182572614403,31.1897232729892
SMAP-5696,92.42219917012743,31.1897232729892
SMAP-5697,92.43257261411084,31.1897232729892
SMAP-5698,92.44294605809425,31.1897232729892
SMAP-5699,91.68568464730585,31.180585316053644
SMAP-5700,91.69605809128926,31.180585316053644
SMAP-5701,91.70643153527266,31.180585316053644
SMAP-5702,91.71680497925605,31.180585316053644
SMAP-5703,91.72717842323947,31.180585316053644
SMAP-5704,91.73755186722286,31.180585316053644
SMAP-5705,91.74792531120627,31.180585316053644
SMAP-5706,91.75829875518967,31.180585316053644
SMAP-5707,91.76867219917305,31.180585316053644
SMAP-5708,91.77904564315645,31.180585316053644
SMAP-5709,91.78941908713986,31.180585316053644
SMAP-5710,91.79979253112327,31.180585316053644
SMAP-5711,91.81016597510667,31.180585316053644
SMAP-5712,91.82053941909008,31.180585316053644
SMAP-5713,91.83091286307348,31.180585316053644
SMAP-5714,91.84128630705689,31.180585316053644
SMAP-5715,91.8516597510403,31.180585316053644
SMAP-5716,91.8620331950237,31.180585316053644
SMAP-5717,91.87240663900711,31.180585316053644
SMAP-5718,91.8827800829905,31.180585316053644
SMAP-5719,91.8931535269739,31.180585316053644
SMAP-5720,91.90352697095732,31.180585316053644
SMAP-5721,91.91390041494071,31.180585316053644
SMAP-5722,91.92427385892411,31.180585316053644
SMAP-5723,91.9346473029075,31.180585316053644
SMAP-5724,91.9450207468909,31.180585316053644
SMAP-5725,91.95539419087432,31.180585316053644
SMAP-5726,91.9657676348577,31.180585316053644
SMAP-5727,91.97614107884111,31.180585316053644
SMAP-5728,91.9865145228245,31.180585316053644
SMAP-5729,91.99688796680792,31.180585316053644
SMAP-5730,92.00726141079133,31.180585316053644
SMAP-5731,92.01763485477473,31.180585316053644
SMAP-5732,92.02800829875814,31.180585316053644
SMAP-5733,92.03838174274154,31.180585316053644
SMAP-5734,92.04875518672495,31.180585316053644
SMAP-5735,92.05912863070836,31.180585316053644
SMAP-5736,92.06950207469175,31.180585316053644
SMAP-5737,92.07987551867517,31.180585316053644
SMAP-5738,92.09024896265855,31.180585316053644
SMAP-5739,92.10062240664196,31.180585316053644
SMAP-5740,92.11099585062534,31.180585316053644
SMAP-5741,92.12136929460875,31.180585316053644
SMAP-5742,92.13174273859217,31.180585316053644
SMAP-5743,92.14211618257556,31.180585316053644
SMAP-5744,92.15248962655897,31.180585316053644
SMAP-5745,92.16286307054237,31.180585316053644
SMAP-5746,92.17323651452577,31.180585316053644
SMAP-5747,92.18360995850917,31.180585316053644
SMAP-5748,92.19398340249256,31.180585316053644
SMAP-5749,92.20435684647597,31.180585316053644
SMAP-5750,92.21473029045937,31.180585316053644
SMAP-5751,92.22510373444278,31.180585316053644
SMAP-5752,92.2354771784262,31.180585316053644
SMAP-5753,92.24585062240959,31.180585316053644
SMAP-5754,92.256224066393,31.180585316053644
SMAP-5755,92.26659751037641,31.180585316053644
SMAP-5756,92.27697095435981,31.180585316053644
SMAP-5757,92.28734439834318,31.180585316053644
SMAP-5758,92.29771784232659,31.180585316053644
SMAP-5759,92.30809128631,31.180585316053644
SMAP-5760,92.3184647302934,31.180585316053644
SMAP-5761,92.32883817427681,31.180585316053644
SMAP-5762,92.33921161826022,31.180585316053644
SMAP-5763,92.34958506224362,31.180585316053644
SMAP-5764,92.35995850622703,31.180585316053644
SMAP-5765,92.37033195021043,31.180585316053644
SMAP-5766,92.38070539419382,31.180585316053644
SMAP-5767,92.39107883817722,31.180585316053644
SMAP-5768,92.40145228216062,31.180585316053644
SMAP-5769,92.41182572614403,31.180585316053644
SMAP-5770,92.42219917012743,31.180585316053644
SMAP-5771,92.43257261411084,31.180585316053644
SMAP-5772,92.44294605809425,31.180585316053644
SMAP-5773,91.68568464730585,31.171448223670716
SMAP-5774,91.69605809128926,31.171448223670716
SMAP-5775,91.70643153527266,31.171448223670716
SMAP-5776,91.71680497925605,31.171448223670716
SMAP-5777,91.72717842323947,31.171448223670716
SMAP-5778,91.73755186722286,31.171448223670716
SMAP-5779,91.74792531120627,31.171448223670716
SMAP-5780,91.75829875518967,31.171448223670716
SMAP-5781,91.76867219917305,31.171448223670716
SMAP-5782,91.77904564315645,31.171448223670716
SMAP-5783,91.78941908713986,31.171448223670716
SMAP-5784,91.79979253112327,31.171448223670716
SMAP-5785,91.81016597510667,31.171448223670716
SMAP-5786,91.82053941909008,31.171448223670716
SMAP-5787,91.83091286307348,31.171448223670716
SMAP-5788,91.84128630705689,31.171448223670716
SMAP-5789,91.8516597510403,31.171448223670716
SMAP-5790,91.8620331950237,31.171448223670716
SMAP-5791,91.87240663900711,31.171448223670716
SMAP-5792,91.8827800829905,31.171448223670716
SMAP-5793,91.8931535269739,31.171448223670716
SMAP-5794,91.90352697095732,31.171448223670716
SMAP-5795,91.91390041494071,31.171448223670716
SMAP-5796,91.92427385892411,31.171448223670716
SMAP-5797,91.9346473029075,31.171448223670716
SMAP-5798,91.9450207468909,31.171448223670716
SMAP-5799,91.95539419087432,31.171448223670716
SMAP-5800,91.9657676348577,31.171448223670716
SMAP-5801,91.97614107884111,31.171448223670716
SMAP-5802,91.9865145228245,31.171448223670716
SMAP-5803,91.99688796680792,31.171448223670716
SMAP-5804,92.00726141079133,31.171448223670716
SMAP-5805,92.01763485477473,31.171448223670716
SMAP-5806,92.02800829875814,31.171448223670716
SMAP-5807,92.03838174274154,31.171448223670716
SMAP-5808,92.04875518672495,31.171448223670716
SMAP-5809,92.05912863070836,31.171448223670716
SMAP-5810,92.06950207469175,31.171448223670716
SMAP-5811,92.07987551867517,31.171448223670716
SMAP-5812,92.09024896265855,31.171448223670716
SMAP-5813,92.10062240664196,31.171448223670716
SMAP-5814,92.11099585062534,31.171448223670716
SMAP-5815,92.12136929460875,31.171448223670716
SMAP-5816,92.13174273859217,31.171448223670716
SMAP-5817,92.14211618257556,31.171448223670716
SMAP-5818,92.15248962655897,31.171448223670716
SMAP-5819,92.16286307054237,31.171448223670716
SMAP-5820,92.17323651452577,31.171448223670716
SMAP-5821,92.18360995850917,31.171448223670716
SMAP-5822,92.19398340249256,31.171448223670716
SMAP-5823,92.20435684647597,31.171448223670716
SMAP-5824,92.21473029045937,31.171448223670716
SMAP-5825,92.22510373444278,31.171448223670716
SMAP-5826,92.2354771784262,31.171448223670716
SMAP-5827,92.24585062240959,31.171448223670716
SMAP-5828,92.256224066393,31.171448223670716
SMAP-5829,92.26659751037641,31.171448223670716
SMAP-5830,92.27697095435981,31.171448223670716
SMAP-5831,92.28734439834318,31.171448223670716
SMAP-5832,92.29771784232659,31.171448223670716
SMAP-5833,92.30809128631,31.171448223670716
SMAP-5834,92.3184647302934,31.171448223670716
SMAP-5835,92.32883817427681,31.171448223670716
SMAP-5836,92.33921161826022,31.171448223670716
SMAP-5837,92.34958506224362,31.171448223670716
SMAP-5838,92.35995850622703,31.171448223670716
SMAP-5839,92.37033195021043,31.171448223670716
SMAP-5840,92.38070539419382,31.171448223670716
SMAP-5841,92.39107883817722,31.171448223670716
SMAP-5842,92.40145228216062,31.171448223670716
SMAP-5843,92.41182572614403,31.171448223670716
SMAP-5844,92.42219917012743,31.171448223670716
SMAP-5845,92.43257261411084,31.171448223670716
SMAP-5846,92.44294605809425,31.171448223670716
SMAP-5847,91.68568464730585,31.16231199536236
SMAP-5848,91.69605809128926,31.16231199536236
SMAP-5849,91.70643153527266,31.16231199536236
SMAP-5850,91.71680497925605,31.16231199536236
SMAP-5851,91.72717842323947,31.16231199536236
SMAP-5852,91.73755186722286,31.16231199536236
SMAP-5853,91.74792531120627,31.16231199536236
SMAP-5854,91.75829875518967,31.16231199536236
SMAP-5855,91.76867219917305,31.16231199536236
SMAP-5856,91.77904564315645,31.16231199536236
SMAP-5857,91.78941908713986,31.16231199536236
SMAP-5858,91.79979253112327,31.16231199536236
SMAP-5859,91.81016597510667,31.16231199536236
SMAP-5860,91.82053941909008,31.16231199536236
SMAP-5861,91.83091286307348,31.16231199536236
SMAP-5862,91.84128630705689,31.16231199536236
SMAP-5863,91.8516597510403,31.16231199536236
SMAP-5864,91.8620331950237,31.16231199536236
SMAP-5865,91.87240663900711,31.16231199536236
SMAP-5866,91.8827800829905,31.16231199536236
SMAP-5867,91.8931535269739,31.16231199536236
SMAP-5868,91.90352697095732,31.16231199536236
SMAP-5869,91.91390041494071,31.16231199536236
SMAP-5870,91.92427385892411,31.16231199536236
SMAP-5871,91.9346473029075,31.16231199536236
SMAP-5872,91.9450207468909,31.16231199536236
SMAP-5873,91.95539419087432,31.16231199536236
SMAP-5874,91.9657676348577,31.16231199536236
SMAP-5875,91.97614107884111,31.16231199536236
SMAP-5876,91.9865145228245,31.16231199536236
SMAP-5877,91.99688796680792,31.16231199536236
SMAP-5878,92.00726141079133,31.16231199536236
SMAP-5879,92.01763485477473,31.16231199536236
SMAP-5880,92.02800829875814,31.16231199536236
SMAP-5881,92.03838174274154,31.16231199536236
SMAP-5882,92.04875518672495,31.16231199536236
SMAP-5883,92.05912863070836,31.16231199536236
SMAP-5884,92.06950207469175,31.16231199536236
SMAP-5885,92.07987551867517,31.16231199536236
SMAP-5886,92.09024896265855,31.16231199536236
SMAP-5887,92.10062240664196,31.16231199536236
SMAP-5888,92.11099585062534,31.16231199536236
SMAP-5889,92.12136929460875,31.16231199536236
SMAP-5890,92.13174273859217,31.16231199536236
SMAP-5891,92.14211618257556,31.16231199536236
SMAP-5892,92.15248962655897,31.16231199536236
SMAP-5893,92.16286307054237,31.16231199536236
SMAP-5894,92.17323651452577,31.16231199536236
SMAP-5895,92.18360995850917,31.16231199536236
SMAP-5896,92.19398340249256,31.16231199536236
SMAP-5897,92.20435684647597,31.16231199536236
SMAP-5898,92.21473029045937,31.16231199536236
SMAP-5899,92.22510373444278,31.16231199536236
SMAP-5900,92.2354771784262,31.16231199536236
SMAP-5901,92.24585062240959,31.16231199536236
SMAP-5902,92.256224066393,31.16231199536236
SMAP-5903,92.26659751037641,31.16231199536236
SMAP-5904,92.27697095435981,31.16231199536236
SMAP-5905,92.28734439834318,31.16231199536236
SMAP-5906,92.29771784232659,31.16231199536236
SMAP-5907,92.30809128631,31.16231199536236
SMAP-5908,92.3184647302934,31.16231199536236
SMAP-5909,92.32883817427681,31.16231199536236
SMAP-5910,92.33921161826022,31.16231199536236
SMAP-5911,92.34958506224362,31.16231199536236
SMAP-5912,92.35995850622703,31.16231199536236
SMAP-5913,92.37033195021043,31.16231199536236
SMAP-5914,92.38070539419382,31.16231199536236
SMAP-5915,92.39107883817722,31.16231199536236
SMAP-5916,92.40145228216062,31.16231199536236
SMAP-5917,92.41182572614403,31.16231199536236
SMAP-5918,92.42219917012743,31.16231199536236
SMAP-5919,92.43257261411084,31.16231199536236
SMAP-5920,92.44294605809425,31.16231199536236
SMAP-5921,91.68568464730585,31.153176630650837
SMAP-5922,91.69605809128926,31.153176630650837
SMAP-5923,91.70643153527266,31.153176630650837
SMAP-5924,91.71680497925605,31.153176630650837
SMAP-5925,91.72717842323947,31.153176630650837
SMAP-5926,91.73755186722286,31.153176630650837
SMAP-5927,91.74792531120627,31.153176630650837
SMAP-5928,91.75829875518967,31.153176630650837
SMAP-5929,91.76867219917305,31.153176630650837
SMAP-5930,91.77904564315645,31.153176630650837
SMAP-5931,91.78941908713986,31.153176630650837
SMAP-5932,91.79979253112327,31.153176630650837
SMAP-5933,91.81016597510667,31.153176630650837
SMAP-5934,91.82053941909008,31.153176630650837
SMAP-5935,91.83091286307348,31.153176630650837
SMAP-5936,91.84128630705689,31.153176630650837
SMAP-5937,91.8516597510403,31.153176630650837
SMAP-5938,91.8620331950237,31.153176630650837
SMAP-5939,91.87240663900711,31.153176630650837
SMAP-5940,91.8827800829905,31.153176630650837
SMAP-5941,91.8931535269739,31.153176630650837
SMAP-5942,91.90352697095732,31.153176630650837
SMAP-5943,91.91390041494071,31.153176630650837
SMAP-5944,91.92427385892411,31.153176630650837
SMAP-5945,91.9346473029075,31.153176630650837
SMAP-5946,91.9450207468909,31.153176630650837
SMAP-5947,91.95539419087432,31.153176630650837
SMAP-5948,91.9657676348577,31.153176630650837
SMAP-5949,91.97614107884111,31.153176630650837
SMAP-5950,91.9865145228245,31.153176630650837
SMAP-5951,91.99688796680792,31.153176630650837
SMAP-5952,92.00726141079133,31.153176630650837
SMAP-5953,92.01763485477473,31.153176630650837
SMAP-5954,92.02800829875814,31.153176630650837
SMAP-5955,92.03838174274154,31.153176630650837
SMAP-5956,92.04875518672495,31.153176630650837
SMAP-5957,92.05912863070836,31.153176630650837
SMAP-5958,92.06950207469175,31.153176630650837
SMAP-5959,92.07987551867517,31.153176630650837
SMAP-5960,92.09024896265855,31.153176630650837
SMAP-5961,92.10062240664196,31.153176630650837
SMAP-5962,92.11099585062534,31.153176630650837
SMAP-5963,92.12136929460875,31.153176630650837
SMAP-5964,92.13174273859217,31.153176630650837
SMAP-5965,92.14211618257556,31.153176630650837
SMAP-5966,92.15248962655897,31.153176630650837
SMAP-5967,92.16286307054237,31.153176630650837
SMAP-5968,92.17323651452577,31.153176630650837
SMAP-5969,92.18360995850917,31.153176630650837
SMAP-5970,92.19398340249256,31.153176630650837
SMAP-5971,92.20435684647597,31.153176630650837
SMAP-5972,92.21473029045937,31.153176630650837
SMAP-5973,92.22510373444278,31.153176630650837
SMAP-5974,92.2354771784262,31.153176630650837
SMAP-5975,92.24585062240959,31.153176630650837
SMAP-5976,92.256224066393,31.153176630650837
SMAP-5977,92.26659751037641,31.153176630650837
SMAP-5978,92.27697095435981,31.153176630650837
SMAP-5979,92.28734439834318,31.153176630650837
SMAP-5980,92.29771784232659,31.153176630650837
SMAP-5981,92.30809128631,31.153176630650837
SMAP-5982,92.3184647302934,31.153176630650837
SMAP-5983,92.32883817427681,31.153176630650837
SMAP-5984,92.33921161826022,31.153176630650837
SMAP-5985,92.34958506224362,31.153176630650837
SMAP-5986,92.35995850622703,31.153176630650837
SMAP-5987,92.37033195021043,31.153176630650837
SMAP-5988,92.38070539419382,31.153176630650837
SMAP-5989,92.39107883817722,31.153176630650837
SMAP-5990,92.40145228216062,31.153176630650837
SMAP-5991,92.41182572614403,31.153176630650837
SMAP-5992,92.42219917012743,31.153176630650837
SMAP-5993,92.43257261411084,31.153176630650837
SMAP-5994,92.44294605809425,31.153176630650837
SMAP-5995,91.68568464730585,31.144042129058754
SMAP-5996,91.69605809128926,31.144042129058754
SMAP-5997,91.70643153527266,31.144042129058754
SMAP-5998,91.71680497925605,31.144042129058754
SMAP-5999,91.72717842323947,31.144042129058754
SMAP-6000,91.73755186722286,31.144042129058754
SMAP-6001,91.74792531120627,31.144042129058754
SMAP-6002,91.75829875518967,31.144042129058754
SMAP-6003,91.76867219917305,31.144042129058754
SMAP-6004,91.77904564315645,31.144042129058754
SMAP-6005,91.78941908713986,31.144042129058754
SMAP-6006,91.79979253112327,31.144042129058754
SMAP-6007,91.81016597510667,31.144042129058754
SMAP-6008,91.82053941909008,31.144042129058754
SMAP-6009,91.83091286307348,31.144042129058754
SMAP-6010,91.84128630705689,31.144042129058754
SMAP-6011,91.8516597510403,31.144042129058754
SMAP-6012,91.8620331950237,31.144042129058754
SMAP-6013,91.87240663900711,31.144042129058754
SMAP-6014,91.8827800829905,31.144042129058754
SMAP-6015,91.8931535269739,31.144042129058754
SMAP-6016,91.90352697095732,31.144042129058754
SMAP-6017,91.91390041494071,31.144042129058754
SMAP-6018,91.92427385892411,31.144042129058754
SMAP-6019,91.9346473029075,31.144042129058754
SMAP-6020,91.9450207468909,31.144042129058754
SMAP-6021,91.95539419087432,31.144042129058754
SMAP-6022,91.9657676348577,31.144042129058754
SMAP-6023,91.97614107884111,31.144042129058754
SMAP-6024,91.9865145228245,31.144042129058754
SMAP-6025,91.99688796680792,31.144042129058754
SMAP-6026,92.00726141079133,31.144042129058754
SMAP-6027,92.01763485477473,31.144042129058754
SMAP-6028,92.02800829875814,31.144042129058754
SMAP-6029,92.03838174274154,31.144042129058754
SMAP-6030,92.04875518672495,31.144042129058754
SMAP-6031,92.05912863070836,31.144042129058754
SMAP-6032,92.06950207469175,31.144042129058754
SMAP-6033,92.07987551867517,31.144042129058754
SMAP-6034,92.09024896265855,31.144042129058754
SMAP-6035,92.10062240664196,31.144042129058754
SMAP-6036,92.11099585062534,31.144042129058754
SMAP-6037,92.12136929460875,31.144042129058754
SMAP-6038,92.13174273859217,31.144042129058754
SMAP-6039,92.14211618257556,31.144042129058754
SMAP-6040,92.15248962655897,31.144042129058754
SMAP-6041,92.16286307054237,31.144042129058754
SMAP-6042,92.17323651452577,31.144042129058754
SMAP-6043,92.18360995850917,31.144042129058754
SMAP-6044,92.19398340249256,31.144042129058754
SMAP-6045,92.20435684647597,31.144042129058754
SMAP-6046,92.21473029045937,31.144042129058754
SMAP-6047,92.22510373444278,31.144042129058754
SMAP-6048,92.2354771784262,31.144042129058754
SMAP-6049,92.24585062240959,31.144042129058754
SMAP-6050,92.256224066393,31.144042129058754
SMAP-6051,92.26659751037641,31.144042129058754
SMAP-6052,92.27697095435981,31.144042129058754
SMAP-6053,92.28734439834318,31.144042129058754
SMAP-6054,92.29771784232659,31.144042129058754
SMAP-6055,92.30809128631,31.144042129058754
SMAP-6056,92.3184647302934,31.144042129058754
SMAP-6057,92.32883817427681,31.144042129058754
SMAP-6058,92.33921161826022,31.144042129058754
SMAP-6059,92.34958506224362,31.144042129058754
SMAP-6060,92.35995850622703,31.144042129058754
SMAP-6061,92.37033195021043,31.144042129058754
SMAP-6062,92.38070539419382,31.144042129058754
SMAP-6063,92.39107883817722,31.144042129058754
SMAP-6064,92.40145228216062,31.144042129058754
SMAP-6065,92.41182572614403,31.144042129058754
SMAP-6066,92.42219917012743,31.144042129058754
SMAP-6067,92.43257261411084,31.144042129058754
SMAP-6068,92.44294605809425,31.144042129058754
SMAP-6069,91.68568464730585,31.134908490109012
SMAP-6070,91.69605809128926,31.134908490109012
SMAP-6071,91.70643153527266,31.134908490109012
SMAP-6072,91.71680497925605,31.134908490109012
SMAP-6073,91.72717842323947,31.134908490109012
SMAP-6074,91.73755186722286,31.134908490109012
SMAP-6075,91.74792531120627,31.134908490109012
SMAP-6076,91.75829875518967,31.134908490109012
SMAP-6077,91.76867219917305,31.134908490109012
SMAP-6078,91.77904564315645,31.134908490109012
SMAP-6079,91.78941908713986,31.134908490109012
SMAP-6080,91.79979253112327,31.134908490109012
SMAP-6081,91.81016597510667,31.134908490109012
SMAP-6082,91.82053941909008,31.134908490109012
SMAP-6083,91.83091286307348,31.134908490109012
SMAP-6084,91.84128630705689,31.134908490109012
SMAP-6085,91.8516597510403,31.134908490109012
SMAP-6086,91.8620331950237,31.134908490109012
SMAP-6087,91.87240663900711,31.134908490109012
SMAP-6088,91.8827800829905,31.134908490109012
SMAP-6089,91.8931535269739,31.134908490109012
SMAP-6090,91.90352697095732,31.134908490109012
SMAP-6091,91.91390041494071,31.134908490109012
SMAP-6092,91.92427385892411,31.134908490109012
SMAP-6093,91.9346473029075,31.134908490109012
SMAP-6094,91.9450207468909,31.134908490109012
SMAP-6095,91.95539419087432,31.134908490109012
SMAP-6096,91.9657676348577,31.134908490109012
SMAP-6097,91.97614107884111,31.134908490109012
SMAP-6098,91.9865145228245,31.134908490109012
SMAP-6099,91.99688796680792,31.134908490109012
SMAP-6100,92.00726141079133,31.134908490109012
SMAP-6101,92.01763485477473,31.134908490109012
SMAP-6102,92.02800829875814,31.134908490109012
SMAP-6103,92.03838174274154,31.134908490109012
SMAP-6104,92.04875518672495,31.134908490109012
SMAP-6105,92.05912863070836,31.134908490109012
SMAP-6106,92.06950207469175,31.134908490109012
SMAP-6107,92.07987551867517,31.134908490109012
SMAP-6108,92.09024896265855,31.134908490109012
SMAP-6109,92.10062240664196,31.134908490109012
SMAP-6110,92.11099585062534,31.134908490109012
SMAP-6111,92.12136929460875,31.134908490109012
SMAP-6112,92.13174273859217,31.134908490109012
SMAP-6113,92.14211618257556,31.134908490109012
SMAP-6114,92.15248962655897,31.134908490109012
SMAP-6115,92.16286307054237,31.134908490109012
SMAP-6116,92.17323651452577,31.134908490109012
SMAP-6117,92.18360995850917,31.134908490109012
SMAP-6118,92.19398340249256,31.134908490109012
SMAP-6119,92.20435684647597,31.134908490109012
SMAP-6120,92.21473029045937,31.134908490109012
SMAP-6121,92.22510373444278,31.134908490109012
SMAP-6122,92.2354771784262,31.134908490109012
SMAP-6123,92.24585062240959,31.134908490109012
SMAP-6124,92.256224066393,31.134908490109012
SMAP-6125,92.26659751037641,31.134908490109012
SMAP-6126,92.27697095435981,31.134908490109012
SMAP-6127,92.28734439834318,31.134908490109012
SMAP-6128,92.29771784232659,31.134908490109012
SMAP-6129,92.30809128631,31.134908490109012
SMAP-6130,92.3184647302934,31.134908490109012
SMAP-6131,92.32883817427681,31.134908490109012
SMAP-6132,92.33921161826022,31.134908490109012
SMAP-6133,92.34958506224362,31.134908490109012
SMAP-6134,92.35995850622703,31.134908490109012
SMAP-6135,92.37033195021043,31.134908490109012
SMAP-6136,92.38070539419382,31.134908490109012
SMAP-6137,92.39107883817722,31.134908490109012
SMAP-6138,92.40145228216062,31.134908490109012
SMAP-6139,92.41182572614403,31.134908490109012
SMAP-6140,92.42219917012743,31.134908490109012
SMAP-6141,92.43257261411084,31.134908490109012
SMAP-6142,92.44294605809425,31.134908490109012
SMAP-6143,91.68568464730585,31.12577571332483
SMAP-6144,91.69605809128926,31.12577571332483
SMAP-6145,91.70643153527266,31.12577571332483
SMAP-6146,91.71680497925605,31.12577571332483
SMAP-6147,91.72717842323947,31.12577571332483
SMAP-6148,91.73755186722286,31.12577571332483
SMAP-6149,91.74792531120627,31.12577571332483
SMAP-6150,91.75829875518967,31.12577571332483
SMAP-6151,91.76867219917305,31.12577571332483
SMAP-6152,91.77904564315645,31.12577571332483
SMAP-6153,91.78941908713986,31.12577571332483
SMAP-6154,91.79979253112327,31.12577571332483
SMAP-6155,91.81016597510667,31.12577571332483
SMAP-6156,91.82053941909008,31.12577571332483
SMAP-6157,91.83091286307348,31.12577571332483
SMAP-6158,91.84128630705689,31.12577571332483
SMAP-6159,91.8516597510403,31.12577571332483
SMAP-6160,91.8620331950237,31.12577571332483
SMAP-6161,91.87240663900711,31.12577571332483
SMAP-6162,91.8827800829905,31.12577571332483
SMAP-6163,91.8931535269739,31.12577571332483
SMAP-6164,91.90352697095732,31.12577571332483
SMAP-6165,91.91390041494071,31.12577571332483
SMAP-6166,91.92427385892411,31.12577571332483
SMAP-6167,91.9346473029075,31.12577571332483
SMAP-6168,91.9450207468909,31.12577571332483
SMAP-6169,91.95539419087432,31.12577571332483
SMAP-6170,91.9657676348577,31.12577571332483
SMAP-6171,91.97614107884111,31.12577571332483
SMAP-6172,91.9865145228245,31.12577571332483
SMAP-6173,91.99688796680792,31.12577571332483
SMAP-6174,92.00726141079133,31.12577571332483
SMAP-6175,92.01763485477473,31.12577571332483
SMAP-6176,92.02800829875814,31.12577571332483
SMAP-6177,92.03838174274154,31.12577571332483
SMAP-6178,92.04875518672495,31.12577571332483
SMAP-6179,92.05912863070836,31.12577571332483
SMAP-6180,92.06950207469175,31.12577571332483
SMAP-6181,92.07987551867517,31.12577571332483
SMAP-6182,92.09024896265855,31.12577571332483
SMAP-6183,92.10062240664196,31.12577571332483
SMAP-6184,92.11099585062534,31.12577571332483
SMAP-6185,92.12136929460875,31.12577571332483
SMAP-6186,92.13174273859217,31.12577571332483
SMAP-6187,92.14211618257556,31.12577571332483
SMAP-6188,92.15248962655897,31.12577571332483
SMAP-6189,92.16286307054237,31.12577571332483
SMAP-6190,92.17323651452577,31.12577571332483
SMAP-6191,92.18360995850917,31.12577571332483
SMAP-6192,92.19398340249256,31.12577571332483
SMAP-6193,92.20435684647597,31.12577571332483
SMAP-6194,92.21473029045937,31.12577571332483
SMAP-6195,92.22510373444278,31.12577571332483
SMAP-6196,92.2354771784262,31.12577571332483
SMAP-6197,92.24585062240959,31.12577571332483
SMAP-6198,92.256224066393,31.12577571332483
SMAP-6199,92.26659751037641,31.12577571332483
SMAP-6200,92.27697095435981,31.12577571332483
SMAP-6201,92.28734439834318,31.12577571332483
SMAP-6202,92.29771784232659,31.12577571332483
SMAP-6203,92.30809128631,31.12577571332483
SMAP-6204,92.3184647302934,31.12577571332483
SMAP-6205,92.32883817427681,31.12577571332483
SMAP-6206,92.33921161826022,31.12577571332483
SMAP-6207,92.34958506224362,31.12577571332483
SMAP-6208,92.35995850622703,31.12577571332483
SMAP-6209,92.37033195021043,31.12577571332483
SMAP-6210,92.38070539419382,31.12577571332483
SMAP-6211,92.39107883817722,31.12577571332483
SMAP-6212,92.40145228216062,31.12577571332483
SMAP-6213,92.41182572614403,31.12577571332483
SMAP-6214,92.42219917012743,31.12577571332483
SMAP-6215,92.43257261411084,31.12577571332483
SMAP-6216,92.44294605809425,31.12577571332483
SMAP-6217,91.68568464730585,31.116643798229763
SMAP-6218,91.69605809128926,31.116643798229763
SMAP-6219,91.70643153527266,31.116643798229763
SMAP-6220,91.71680497925605,31.116643798229763
SMAP-6221,91.72717842323947,31.116643798229763
SMAP-6222,91.73755186722286,31.116643798229763
SMAP-6223,91.74792531120627,31.116643798229763
SMAP-6224,91.75829875518967,31.116643798229763
SMAP-6225,91.76867219917305,31.116643798229763
SMAP-6226,91.77904564315645,31.116643798229763
SMAP-6227,91.78941908713986,31.116643798229763
SMAP-6228,91.79979253112327,31.116643798229763
SMAP-6229,91.81016597510667,31.116643798229763
SMAP-6230,91.82053941909008,31.116643798229763
SMAP-6231,91.83091286307348,31.116643798229763
SMAP-6232,91.84128630705689,31.116643798229763
SMAP-6233,91.8516597510403,31.116643798229763
SMAP-6234,91.8620331950237,31.116643798229763
SMAP-6235,91.87240663900711,31.116643798229763
SMAP-6236,91.8827800829905,31.116643798229763
SMAP-6237,91.8931535269739,31.116643798229763
SMAP-6238,91.90352697095732,31.116643798229763
SMAP-6239,91.91390041494071,31.116643798229763
SMAP-6240,91.92427385892411,31.116643798229763
SMAP-6241,91.9346473029075,31.116643798229763
SMAP-6242,91.9450207468909,31.116643798229763
SMAP-6243,91.95539419087432,31.116643798229763
SMAP-6244,91.9657676348577,31.116643798229763
SMAP-6245,91.97614107884111,31.116643798229763
SMAP-6246,91.9865145228245,31.116643798229763
SMAP-6247,91.99688796680792,31.116643798229763
SMAP-6248,92.00726141079133,31.116643798229763
SMAP-6249,92.01763485477473,31.116643798229763
SMAP-6250,92.02800829875814,31.116643798229763
SMAP-6251,92.03838174274154,31.116643798229763
SMAP-6252,92.04875518672495,31.116643798229763
SMAP-6253,92.05912863070836,31.116643798229763
SMAP-6254,92.06950207469175,31.116643798229763
SMAP-6255,92.07987551867517,31.116643798229763
SMAP-6256,92.09024896265855,31.116643798229763
SMAP-6257,92.10062240664196,31.116643798229763
SMAP-6258,92.11099585062534,31.116643798229763
SMAP-6259,92.12136929460875,31.116643798229763
SMAP-6260,92.13174273859217,31.116643798229763
SMAP-6261,92.14211618257556,31.116643798229763
SMAP-6262,92.15248962655897,31.116643798229763
SMAP-6263,92.16286307054237,31.116643798229763
SMAP-6264,92.17323651452577,31.116643798229763
SMAP-6265,92.18360995850917,31.116643798229763
SMAP-6266,92.19398340249256,31.116643798229763
SMAP-6267,92.20435684647597,31.116643798229763
SMAP-6268,92.21473029045937,31.116643798229763
SMAP-6269,92.22510373444278,31.116643798229763
SMAP-6270,92.2354771784262,31.116643798229763
SMAP-6271,92.24585062240959,31.116643798229763
SMAP-6272,92.256224066393,31.116643798229763
SMAP-6273,92.26659751037641,31.116643798229763
SMAP-6274,92.27697095435981,31.116643798229763
SMAP-6275,92.28734439834318,31.116643798229763
SMAP-6276,92.29771784232659,31.116643798229763
SMAP-6277,92.30809128631,31.116643798229763
SMAP-6278,92.3184647302934,31.116643798229763
SMAP-6279,92.32883817427681,31.116643798229763
SMAP-6280,92.33921161826022,31.116643798229763
SMAP-6281,92.34958506224362,31.116643798229763
SMAP-6282,92.35995850622703,31.116643798229763
SMAP-6283,92.37033195021043,31.116643798229763
SMAP-6284,92.38070539419382,31.116643798229763
SMAP-6285,92.39107883817722,31.116643798229763
SMAP-6286,92.40145228216062,31.116643798229763
SMAP-6287,92.41182572614403,31.116643798229763
SMAP-6288,92.42219917012743,31.116643798229763
SMAP-6289,92.43257261411084,31.116643798229763
SMAP-6290,92.44294605809425,31.116643798229763
SMAP-6291,91.68568464730585,31.10751274434763
SMAP-6292,91.69605809128926,31.10751274434763
SMAP-6293,91.70643153527266,31.10751274434763
SMAP-6294,91.71680497925605,31.10751274434763
SMAP-6295,91.72717842323947,31.10751274434763
SMAP-6296,91.73755186722286,31.10751274434763
SMAP-6297,91.74792531120627,31.10751274434763
SMAP-6298,91.75829875518967,31.10751274434763
SMAP-6299,91.76867219917305,31.10751274434763
SMAP-6300,91.77904564315645,31.10751274434763
SMAP-6301,91.78941908713986,31.10751274434763
SMAP-6302,91.79979253112327,31.10751274434763
SMAP-6303,91.81016597510667,31.10751274434763
SMAP-6304,91.82053941909008,31.10751274434763
SMAP-6305,91.83091286307348,31.10751274434763
SMAP-6306,91.84128630705689,31.10751274434763
SMAP-6307,91.8516597510403,31.10751274434763
SMAP-6308,91.8620331950237,31.10751274434763
SMAP-6309,91.87240663900711,31.10751274434763
SMAP-6310,91.8827800829905,31.10751274434763
SMAP-6311,91.8931535269739,31.10751274434763
SMAP-6312,91.90352697095732,31.10751274434763
SMAP-6313,91.91390041494071,31.10751274434763
SMAP-6314,91.92427385892411,31.10751274434763
SMAP-6315,91.9346473029075,31.10751274434763
SMAP-6316,91.9450207468909,31.10751274434763
SMAP-6317,91.95539419087432,31.10751274434763
SMAP-6318,91.9657676348577,31.10751274434763
SMAP-6319,91.97614107884111,31.10751274434763
SMAP-6320,91.9865145228245,31.10751274434763
SMAP-6321,91.99688796680792,31.10751274434763
SMAP-6322,92.00726141079133,31.10751274434763
SMAP-6323,92.01763485477473,31.10751274434763
SMAP-6324,92.02800829875814,31.10751274434763
SMAP-6325,92.03838174274154,31.10751274434763
SMAP-6326,92.04875518672495,31.10751274434763
SMAP-6327,92.05912863070836,31.10751274434763
SMAP-6328,92.06950207469175,31.10751274434763
SMAP-6329,92.07987551867517,31.10751274434763
SMAP-6330,92.09024896265855,31.10751274434763
SMAP-6331,92.10062240664196,31.10751274434763
SMAP-6332,92.11099585062534,31.10751274434763
SMAP-6333,92.12136929460875,31.10751274434763
SMAP-6334,92.13174273859217,31.10751274434763
SMAP-6335,92.14211618257556,31.10751274434763
SMAP-6336,92.15248962655897,31.10751274434763
SMAP-6337,92.16286307054237,31.10751274434763
SMAP-6338,92.17323651452577,31.10751274434763
SMAP-6339,92.18360995850917,31.10751274434763
SMAP-6340,92.19398340249256,31.10751274434763
SMAP-6341,92.20435684647597,31.10751274434763
SMAP-6342,92.21473029045937,31.10751274434763
SMAP-6343,92.22510373444278,31.10751274434763
SMAP-6344,92.2354771784262,31.10751274434763
SMAP-6345,92.24585062240959,31.10751274434763
SMAP-6346,92.256224066393,31.10751274434763
SMAP-6347,92.26659751037641,31.10751274434763
SMAP-6348,92.27697095435981,31.10751274434763
SMAP-6349,92.28734439834318,31.10751274434763
SMAP-6350,92.29771784232659,31.10751274434763
SMAP-6351,92.30809128631,31.10751274434763
SMAP-6352,92.3184647302934,31.10751274434763
SMAP-6353,92.32883817427681,31.10751274434763
SMAP-6354,92.33921161826022,31.10751274434763
SMAP-6355,92.34958506224362,31.10751274434763
SMAP-6356,92.35995850622703,31.10751274434763
SMAP-6357,92.37033195021043,31.10751274434763
SMAP-6358,92.38070539419382,31.10751274434763
SMAP-6359,92.39107883817722,31.10751274434763
SMAP-6360,92.40145228216062,31.10751274434763
SMAP-6361,92.41182572614403,31.10751274434763
SMAP-6362,92.42219917012743,31.10751274434763
SMAP-6363,92.43257261411084,31.10751274434763
SMAP-6364,92.44294605809425,31.10751274434763
SMAP-6365,91.68568464730585,31.098382551202658
SMAP-6366,91.69605809128926,31.098382551202658
SMAP-6367,91.70643153527266,31.098382551202658
SMAP-6368,91.71680497925605,31.098382551202658
SMAP-6369,91.72717842323947,31.098382551202658
SMAP-6370,91.73755186722286,31.098382551202658
SMAP-6371,91.74792531120627,31.098382551202658
SMAP-6372,91.75829875518967,31.098382551202658
SMAP-6373,91.76867219917305,31.098382551202658
SMAP-6374,91.77904564315645,31.098382551202658
SMAP-6375,91.78941908713986,31.098382551202658
SMAP-6376,91.79979253112327,31.098382551202658
SMAP-6377,91.81016597510667,31.098382551202658
SMAP-6378,91.82053941909008,31.098382551202658
SMAP-6379,91.83091286307348,31.098382551202658
SMAP-6380,91.84128630705689,31.098382551202658
SMAP-6381,91.8516597510403,31.098382551202658
SMAP-6382,91.8620331950237,31.098382551202658
SMAP-6383,91.87240663900711,31.098382551202658
SMAP-6384,91.8827800829905,31.098382551202658
SMAP-6385,91.8931535269739,31.098382551202658
SMAP-6386,91.90352697095732,31.098382551202658
SMAP-6387,91.91390041494071,31.098382551202658
SMAP-6388,91.92427385892411,31.098382551202658
SMAP-6389,91.9346473029075,31.098382551202658
SMAP-6390,91.9450207468909,31.098382551202658
SMAP-6391,91.95539419087432,31.098382551202658
SMAP-6392,91.9657676348577,31.098382551202658
SMAP-6393,91.97614107884111,31.098382551202658
SMAP-6394,91.9865145228245,31.098382551202658
SMAP-6395,91.99688796680792,31.098382551202658
SMAP-6396,92.00726141079133,31.098382551202658
SMAP-6397,92.01763485477473,31.098382551202658
SMAP-6398,92.02800829875814,31.098382551202658
SMAP-6399,92.03838174274154,31.098382551202658
SMAP-6400,92.04875518672495,31.098382551202658
SMAP-6401,92.05912863070836,31.098382551202658
SMAP-6402,92.06950207469175,31.098382551202658
SMAP-6403,92.07987551867517,31.098382551202658
SMAP-6404,92.09024896265855,31.098382551202658
SMAP-6405,92.10062240664196,31.098382551202658
SMAP-6406,92.11099585062534,31.098382551202658
SMAP-6407,92.12136929460875,31.098382551202658
SMAP-6408,92.13174273859217,31.098382551202658
SMAP-6409,92.14211618257556,31.098382551202658
SMAP-6410,92.15248962655897,31.098382551202658
SMAP-6411,92.16286307054237,31.098382551202658
SMAP-6412,92.17323651452577,31.098382551202658
SMAP-6413,92.18360995850917,31.098382551202658
SMAP-6414,92.19398340249256,31.098382551202658
SMAP-6415,92.20435684647597,31.098382551202658
SMAP-6416,92.21473029045937,31.098382551202658
SMAP-6417,92.22510373444278,31.098382551202658
SMAP-6418,92.2354771784262,31.098382551202658
SMAP-6419,92.24585062240959,31.098382551202658
SMAP-6420,92.256224066393,31.098382551202658
SMAP-6421,92.26659751037641,31.098382551202658
SMAP-6422,92.27697095435981,31.098382551202658
SMAP-6423,92.28734439834318,31.098382551202658
SMAP-6424,92.29771784232659,31.098382551202658
SMAP-6425,92.30809128631,31.098382551202658
SMAP-6426,92.3184647302934,31.098382551202658
SMAP-6427,92.32883817427681,31.098382551202658
SMAP-6428,92.33921161826022,31.098382551202658
SMAP-6429,92.34958506224362,31.098382551202658
SMAP-6430,92.35995850622703,31.098382551202658
SMAP-6431,92.37033195021043,31.098382551202658
SMAP-6432,92.38070539419382,31.098382551202658
SMAP-6433,92.39107883817722,31.098382551202658
SMAP-6434,92.40145228216062,31.098382551202658
SMAP-6435,92.41182572614403,31.098382551202658
SMAP-6436,92.42219917012743,31.098382551202658
SMAP-6437,92.43257261411084,31.098382551202658
SMAP-6438,92.44294605809425,31.098382551202658
SMAP-6439,91.68568464730585,31.089253218319282
SMAP-6440,91.69605809128926,31.089253218319282
SMAP-6441,91.70643153527266,31.089253218319282
SMAP-6442,91.71680497925605,31.089253218319282
SMAP-6443,91.72717842323947,31.089253218319282
SMAP-6444,91.73755186722286,31.089253218319282
SMAP-6445,91.74792531120627,31.089253218319282
SMAP-6446,91.75829875518967,31.089253218319282
SMAP-6447,91.76867219917305,31.089253218319282
SMAP-6448,91.77904564315645,31.089253218319282
SMAP-6449,91.78941908713986,31.089253218319282
SMAP-6450,91.79979253112327,31.089253218319282
SMAP-6451,91.81016597510667,31.089253218319282
SMAP-6452,91.82053941909008,31.089253218319282
SMAP-6453,91.83091286307348,31.089253218319282
SMAP-6454,91.84128630705689,31.089253218319282
SMAP-6455,91.8516597510403,31.089253218319282
SMAP-6456,91.8620331950237,31.089253218319282
SMAP-6457,91.87240663900711,31.089253218319282
SMAP-6458,91.8827800829905,31.089253218319282
SMAP-6459,91.8931535269739,31.089253218319282
SMAP-6460,91.90352697095732,31.089253218319282
SMAP-6461,91.91390041494071,31.089253218319282
SMAP-6462,91.92427385892411,31.089253218319282
SMAP-6463,91.9346473029075,31.089253218319282
SMAP-6464,91.9450207468909,31.089253218319282
SMAP-6465,91.95539419087432,31.089253218319282
SMAP-6466,91.9657676348577,31.089253218319282
SMAP-6467,91.97614107884111,31.089253218319282
SMAP-6468,91.9865145228245,31.089253218319282
SMAP-6469,91.99688796680792,31.089253218319282
SMAP-6470,92.00726141079133,31.089253218319282
SMAP-6471,92.01763485477473,31.089253218319282
SMAP-6472,92.02800829875814,31.089253218319282
SMAP-6473,92.03838174274154,31.089253218319282
SMAP-6474,92.04875518672495,31.089253218319282
SMAP-6475,92.05912863070836,31.089253218319282
SMAP-6476,92.06950207469175,31.089253218319282
SMAP-6477,92.07987551867517,31.089253218319282
SMAP-6478,92.09024896265855,31.089253218319282
SMAP-6479,92.10062240664196,31.089253218319282
SMAP-6480,92.11099585062534,31.089253218319282
SMAP-6481,92.12136929460875,31.089253218319282
SMAP-6482,92.13174273859217,31.089253218319282
SMAP-6483,92.14211618257556,31.089253218319282
SMAP-6484,92.15248962655897,31.089253218319282
SMAP-6485,92.16286307054237,31.089253218319282
SMAP-6486,92.17323651452577,31.089253218319282
SMAP-6487,92.18360995850917,31.089253218319282
SMAP-6488,92.19398340249256,31.089253218319282
SMAP-6489,92.20435684647597,31.089253218319282
SMAP-6490,92.21473029045937,31.089253218319282
SMAP-6491,92.22510373444278,31.089253218319282
SMAP-6492,92.2354771784262,31.089253218319282
SMAP-6493,92.24585062240959,31.089253218319282
SMAP-6494,92.256224066393,31.089253218319282
SMAP-6495,92.26659751037641,31.089253218319282
SMAP-6496,92.27697095435981,31.089253218319282
SMAP-6497,92.28734439834318,31.089253218319282
SMAP-6498,92.29771784232659,31.089253218319282
SMAP-6499,92.30809128631,31.089253218319282
SMAP-6500,92.3184647302934,31.089253218319282
SMAP-6501,92.32883817427681,31.089253218319282
SMAP-6502,92.33921161826022,31.089253218319282
SMAP-6503,92.34958506224362,31.089253218319282
SMAP-6504,92.35995850622703,31.089253218319282
SMAP-6505,92.37033195021043,31.089253218319282
SMAP-6506,92.38070539419382,31.089253218319282
SMAP-6507,92.39107883817722,31.089253218319282
SMAP-6508,92.40145228216062,31.089253218319282
SMAP-6509,92.41182572614403,31.089253218319282
SMAP-6510,92.42219917012743,31.089253218319282
SMAP-6511,92.43257261411084,31.089253218319282
SMAP-6512,92.44294605809425,31.089253218319282
SMAP-6513,91.68568464730585,31.080124745222314
SMAP-6514,91.69605809128926,31.080124745222314
SMAP-6515,91.70643153527266,31.080124745222314
SMAP-6516,91.71680497925605,31.080124745222314
SMAP-6517,91.72717842323947,31.080124745222314
SMAP-6518,91.73755186722286,31.080124745222314
SMAP-6519,91.74792531120627,31.080124745222314
SMAP-6520,91.75829875518967,31.080124745222314
SMAP-6521,91.76867219917305,31.080124745222314
SMAP-6522,91.77904564315645,31.080124745222314
SMAP-6523,91.78941908713986,31.080124745222314
SMAP-6524,91.79979253112327,31.080124745222314
SMAP-6525,91.81016597510667,31.080124745222314
SMAP-6526,91.82053941909008,31.080124745222314
SMAP-6527,91.83091286307348,31.080124745222314
SMAP-6528,91.84128630705689,31.080124745222314
SMAP-6529,91.8516597510403,31.080124745222314
SMAP-6530,91.8620331950237,31.080124745222314
SMAP-6531,91.87240663900711,31.080124745222314
SMAP-6532,91.8827800829905,31.080124745222314
SMAP-6533,91.8931535269739,31.080124745222314
SMAP-6534,91.90352697095732,31.080124745222314
SMAP-6535,91.91390041494071,31.080124745222314
SMAP-6536,91.92427385892411,31.080124745222314
SMAP-6537,91.9346473029075,31.080124745222314
SMAP-6538,91.9450207468909,31.080124745222314
SMAP-6539,91.95539419087432,31.080124745222314
SMAP-6540,91.9657676348577,31.080124745222314
SMAP-6541,91.97614107884111,31.080124745222314
SMAP-6542,91.9865145228245,31.080124745222314
SMAP-6543,91.99688796680792,31.080124745222314
SMAP-6544,92.00726141079133,31.080124745222314
SMAP-6545,92.01763485477473,31.080124745222314
SMAP-6546,92.02800829875814,31.080124745222314
SMAP-6547,92.03838174274154,31.080124745222314
SMAP-6548,92.04875518672495,31.080124745222314
SMAP-6549,92.05912863070836,31.080124745222314
SMAP-6550,92.06950207469175,31.080124745222314
SMAP-6551,92.07987551867517,31.080124745222314
SMAP-6552,92.09024896265855,31.080124745222314
SMAP-6553,92.10062240664196,31.080124745222314
SMAP-6554,92.11099585062534,31.080124745222314
SMAP-6555,92.12136929460875,31.080124745222314
SMAP-6556,92.13174273859217,31.080124745222314
SMAP-6557,92.14211618257556,31.080124745222314
SMAP-6558,92.15248962655897,31.080124745222314
SMAP-6559,92.16286307054237,31.080124745222314
SMAP-6560,92.17323651452577,31.080124745222314
SMAP-6561,92.18360995850917,31.080124745222314
SMAP-6562,92.19398340249256,31.080124745222314
SMAP-6563,92.20435684647597,31.080124745222314
SMAP-6564,92.21473029045937,31.080124745222314
SMAP-6565,92.22510373444278,31.080124745222314
SMAP-6566,92.2354771784262,31.080124745222314
SMAP-6567,92.24585062240959,31.080124745222314
SMAP-6568,92.256224066393,31.080124745222314
SMAP-6569,92.26659751037641,31.080124745222314
SMAP-6570,92.27697095435981,31.080124745222314
SMAP-6571,92.28734439834318,31.080124745222314
SMAP-6572,92.29771784232659,31.080124745222314
SMAP-6573,92.30809128631,31.080124745222314
SMAP-6574,92.3184647302934,31.080124745222314
SMAP-6575,92.32883817427681,31.080124745222314
SMAP-6576,92.33921161826022,31.080124745222314
SMAP-6577,92.34958506224362,31.080124745222314
SMAP-6578,92.35995850622703,31.080124745222314
SMAP-6579,92.37033195021043,31.080124745222314
SMAP-6580,92.38070539419382,31.080124745222314
SMAP-6581,92.39107883817722,31.080124745222314
SMAP-6582,92.40145228216062,31.080124745222314
SMAP-6583,92.41182572614403,31.080124745222314
SMAP-6584,92.42219917012743,31.080124745222314
SMAP-6585,92.43257261411084,31.080124745222314
SMAP-6586,92.44294605809425,31.080124745222314
