station_id,target_station_index,original_node_index,sample_count,MAE,RMSE,R2,analysis_dir,holdout_ratio,seed,holdout_seed
CD01,1,32,18497,0.136589,0.143172,-0.185426,/root/autodl-tmp/over/STGNP/checkpoints/SM_keySite/SM/hierarchical_SM_20260527T151216/analysis,0.1,1000,1000
P11,3,34,18559,0.065687,0.077976,0.602087,/root/autodl-tmp/over/STGNP/checkpoints/SM_keySite/SM/hierarchical_SM_20260527T151216/analysis,0.1,1000,1000
BC03,0,31,18459,0.045622,0.064773,0.717326,/root/autodl-tmp/over/STGNP/checkpoints/SM_keySite/SM/hierarchical_SM_20260527T151216/analysis,0.1,1000,1000
MS3513,2,33,18366,0.044715,0.051193,0.727626,/root/autodl-tmp/over/STGNP/checkpoints/SM_keySite/SM/hierarchical_SM_20260527T151216/analysis,0.1,1000,1000
P2,3,34,13389,0.060769,0.066846,0.413423,/root/autodl-tmp/over/STGNP/checkpoints/SM_keySite/SM/hierarchical_SM_20260527T152746/analysis,0.1,1001,1001
BC07,0,31,1891,0.059328,0.060889,-10.496562,/root/autodl-tmp/over/STGNP/checkpoints/SM_keySite/SM/hierarchical_SM_20260527T152746/analysis,0.1,1001,1001
F4,1,32,18552,0.050899,0.057585,0.714692,/root/autodl-tmp/over/STGNP/checkpoints/SM_keySite/SM/hierarchical_SM_20260527T152746/analysis,0.1,1001,1001
MS3527,2,33,14599,0.033701,0.064839,0.233338,/root/autodl-tmp/over/STGNP/checkpoints/SM_keySite/SM/hierarchical_SM_20260527T152746/analysis,0.1,1001,1001
MS3501,1,32,1852,0.08545,0.090437,-39.830441,/root/autodl-tmp/over/STGNP/checkpoints/SM_keySite/SM/hierarchical_SM_20260527T154409/analysis,0.1,1002,1002
BC04,0,31,18063,0.077741,0.086699,0.580983,/root/autodl-tmp/over/STGNP/checkpoints/SM_keySite/SM/hierarchical_SM_20260527T154409/analysis,0.1,1002,1002
MS3603,3,34,18624,0.040076,0.046614,0.675875,/root/autodl-tmp/over/STGNP/checkpoints/SM_keySite/SM/hierarchical_SM_20260527T154409/analysis,0.1,1002,1002
MS3576,2,33,14807,0.033157,0.037697,0.48854,/root/autodl-tmp/over/STGNP/checkpoints/SM_keySite/SM/hierarchical_SM_20260527T154409/analysis,0.1,1002,1002
MS3576,2,33,14807,0.095514,0.099244,-2.545005,/root/autodl-tmp/over/STGNP/checkpoints/SM_keySite/SM/hierarchical_SM_20260527T155945/analysis,0.1,1003,1003
MS3614,3,34,18624,0.039276,0.051488,0.406467,/root/autodl-tmp/over/STGNP/checkpoints/SM_keySite/SM/hierarchical_SM_20260527T155945/analysis,0.1,1003,1003
MS3518,1,32,18601,0.030086,0.03742,0.905148,/root/autodl-tmp/over/STGNP/checkpoints/SM_keySite/SM/hierarchical_SM_20260527T155945/analysis,0.1,1003,1003
MS3494,0,31,18558,0.025754,0.030429,0.957332,/root/autodl-tmp/over/STGNP/checkpoints/SM_keySite/SM/hierarchical_SM_20260527T155945/analysis,0.1,1003,1003
BC04,0,31,18063,0.061661,0.072209,0.70934,/root/autodl-tmp/over/STGNP/checkpoints/SM_keySite/SM/hierarchical_SM_20260527T161552/analysis,0.1,1004,1004
MS3533,1,32,18606,0.058786,0.073135,0.68153,/root/autodl-tmp/over/STGNP/checkpoints/SM_keySite/SM/hierarchical_SM_20260527T161552/analysis,0.1,1004,1004
P11,3,34,18559,0.057074,0.068257,0.695094,/root/autodl-tmp/over/STGNP/checkpoints/SM_keySite/SM/hierarchical_SM_20260527T161552/analysis,0.1,1004,1004
MS3627,2,33,18625,0.018162,0.02793,0.862952,/root/autodl-tmp/over/STGNP/checkpoints/SM_keySite/SM/hierarchical_SM_20260527T161552/analysis,0.1,1004,1004
BC04,0,31,18063,0.045177,0.055353,0.829201,/root/autodl-tmp/over/STGNP/checkpoints/SM_keySite/SM/hierarchical_SM_20260527T163207/analysis,0.1,1005,1005
MS3523,2,33,18600,0.033959,0.041796,0.857558,/root/autodl-tmp/over/STGNP/checkpoints/SM_keySite/SM/hierarchical_SM_20260527T163207/analysis,0.1,1005,1005
MS3513,1,32,18366,0.024258,0.035351,0.870117,/root/autodl-tmp/over/STGNP/checkpoints/SM_keySite/SM/hierarchical_SM_20260527T163207/analysis,0.1,1005,1005
MS3627,3,34,18625,0.022527,0.026392,0.877634,/root/autodl-tmp/over/STGNP/checkpoints/SM_keySite/SM/hierarchical_SM_20260527T163207/analysis,0.1,1005,1005
MS3576,2,33,14807,0.081762,0.086423,-1.68826,/root/autodl-tmp/over/STGNP/checkpoints/SM_keySite/SM/hierarchical_SM_20260527T164830/analysis,0.1,1006,1006
BC08,0,31,18465,0.073982,0.083456,-0.825642,/root/autodl-tmp/over/STGNP/checkpoints/SM_keySite/SM/hierarchical_SM_20260527T164830/analysis,0.1,1006,1006
CD01,1,32,18497,0.05332,0.076168,0.664491,/root/autodl-tmp/over/STGNP/checkpoints/SM_keySite/SM/hierarchical_SM_20260527T164830/analysis,0.1,1006,1006
P2,3,34,13389,0.032335,0.036481,0.825295,/root/autodl-tmp/over/STGNP/checkpoints/SM_keySite/SM/hierarchical_SM_20260527T164830/analysis,0.1,1006,1006
MS3488,2,33,16699,0.100874,0.10639,-0.216293,/root/autodl-tmp/over/STGNP/checkpoints/SM_keySite/SM/hierarchical_SM_20260527T170454/analysis,0.1,1007,1007
F3,1,32,18565,0.066806,0.081,0.721153,/root/autodl-tmp/over/STGNP/checkpoints/SM_keySite/SM/hierarchical_SM_20260527T170454/analysis,0.1,1007,1007
MS3576,3,34,14807,0.055007,0.060685,-0.325482,/root/autodl-tmp/over/STGNP/checkpoints/SM_keySite/SM/hierarchical_SM_20260527T170454/analysis,0.1,1007,1007
BC05,0,31,18459,0.035043,0.045108,0.617512,/root/autodl-tmp/over/STGNP/checkpoints/SM_keySite/SM/hierarchical_SM_20260527T170454/analysis,0.1,1007,1007
BC08,0,31,18465,0.091116,0.10038,-1.641197,/root/autodl-tmp/over/STGNP/checkpoints/SM_keySite/SM/hierarchical_SM_20260527T172116/analysis,0.1,1008,1008
F4,1,32,18552,0.043417,0.051343,0.773197,/root/autodl-tmp/over/STGNP/checkpoints/SM_keySite/SM/hierarchical_SM_20260527T172116/analysis,0.1,1008,1008
MS3603,2,33,18624,0.034398,0.045395,0.692595,/root/autodl-tmp/over/STGNP/checkpoints/SM_keySite/SM/hierarchical_SM_20260527T172116/analysis,0.1,1008,1008
MSBJ,3,34,18621,0.029715,0.041958,0.662219,/root/autodl-tmp/over/STGNP/checkpoints/SM_keySite/SM/hierarchical_SM_20260527T172116/analysis,0.1,1008,1008
MS3488,2,33,16699,0.107058,0.110311,-0.307589,/root/autodl-tmp/over/STGNP/checkpoints/SM_keySite/SM/hierarchical_SM_20260527T173658/analysis,0.1,1009,1009
C2,0,31,12996,0.066891,0.074817,0.512135,/root/autodl-tmp/over/STGNP/checkpoints/SM_keySite/SM/hierarchical_SM_20260527T173658/analysis,0.1,1009,1009
MS3518,3,34,18601,0.032304,0.036954,0.907495,/root/autodl-tmp/over/STGNP/checkpoints/SM_keySite/SM/hierarchical_SM_20260527T173658/analysis,0.1,1009,1009
F5,1,32,18552,0.023155,0.030003,0.924707,/root/autodl-tmp/over/STGNP/checkpoints/SM_keySite/SM/hierarchical_SM_20260527T173658/analysis,0.1,1009,1009
MS3627,3,34,18625,0.103517,0.10962,-1.111117,/root/autodl-tmp/over/STGNP/checkpoints/SM_keySite/SM/hierarchical_SM_20260527T175231/analysis,0.1,1010,1010
BC04,1,32,18063,0.100688,0.110321,0.321553,/root/autodl-tmp/over/STGNP/checkpoints/SM_keySite/SM/hierarchical_SM_20260527T175231/analysis,0.1,1010,1010
BC02,0,31,10543,0.068677,0.088951,0.413718,/root/autodl-tmp/over/STGNP/checkpoints/SM_keySite/SM/hierarchical_SM_20260527T175231/analysis,0.1,1010,1010
F4,2,33,18552,0.041384,0.057144,0.719046,/root/autodl-tmp/over/STGNP/checkpoints/SM_keySite/SM/hierarchical_SM_20260527T175231/analysis,0.1,1010,1010
CD01,2,30,18497,0.122315,0.1402,-0.136728,/root/autodl-tmp/over/STGNP/checkpoints/SM_keySite/SM/hierarchical_SM_20260527T180810/analysis,0.2,1000,2000
BC08,0,28,18465,0.064703,0.073855,-0.429777,/root/autodl-tmp/over/STGNP/checkpoints/SM_keySite/SM/hierarchical_SM_20260527T180810/analysis,0.2,1000,2000
P2,6,34,13389,0.050899,0.055438,0.596541,/root/autodl-tmp/over/STGNP/checkpoints/SM_keySite/SM/hierarchical_SM_20260527T180810/analysis,0.2,1000,2000
F4,3,31,18552,0.042954,0.052986,0.758444,/root/autodl-tmp/over/STGNP/checkpoints/SM_keySite/SM/hierarchical_SM_20260527T180810/analysis,0.2,1000,2000
C1,1,29,18551,0.033986,0.03912,0.786035,/root/autodl-tmp/over/STGNP/checkpoints/SM_keySite/SM/hierarchical_SM_20260527T180810/analysis,0.2,1000,2000
MS3513,4,32,18366,0.027159,0.036782,0.859387,/root/autodl-tmp/over/STGNP/checkpoints/SM_keySite/SM/hierarchical_SM_20260527T180810/analysis,0.2,1000,2000
MS3523,5,33,18600,0.022208,0.032932,0.911565,/root/autodl-tmp/over/STGNP/checkpoints/SM_keySite/SM/hierarchical_SM_20260527T180810/analysis,0.2,1000,2000
MS3482,3,31,11271,0.144347,0.15387,-0.013039,/root/autodl-tmp/over/STGNP/checkpoints/SM_keySite/SM/hierarchical_SM_20260527T182407/analysis,0.2,1001,2001
CD03,1,29,325,0.123192,0.125387,-76.037073,/root/autodl-tmp/over/STGNP/checkpoints/SM_keySite/SM/hierarchical_SM_20260527T182407/analysis,0.2,1001,2001
P2,6,34,13389,0.063516,0.070876,0.340546,/root/autodl-tmp/over/STGNP/checkpoints/SM_keySite/SM/hierarchical_SM_20260527T182407/analysis,0.2,1001,2001
BC05,0,28,18459,0.053291,0.067564,0.141886,/root/autodl-tmp/over/STGNP/checkpoints/SM_keySite/SM/hierarchical_SM_20260527T182407/analysis,0.2,1001,2001
F4,2,30,18552,0.046608,0.056946,0.720991,/root/autodl-tmp/over/STGNP/checkpoints/SM_keySite/SM/hierarchical_SM_20260527T182407/analysis,0.2,1001,2001
MS3513,4,32,18366,0.035429,0.044268,0.796333,/root/autodl-tmp/over/STGNP/checkpoints/SM_keySite/SM/hierarchical_SM_20260527T182407/analysis,0.2,1001,2001
MS3614,5,33,18624,0.024232,0.036051,0.709014,/root/autodl-tmp/over/STGNP/checkpoints/SM_keySite/SM/hierarchical_SM_20260527T182407/analysis,0.2,1001,2001
MS3482,2,30,11271,0.114533,0.137389,0.192352,/root/autodl-tmp/over/STGNP/checkpoints/SM_keySite/SM/hierarchical_SM_20260527T183957/analysis,0.2,1002,2002
BC08,0,28,18465,0.095219,0.101067,-1.677448,/root/autodl-tmp/over/STGNP/checkpoints/SM_keySite/SM/hierarchical_SM_20260527T183957/analysis,0.2,1002,2002
P10,6,34,18558,0.04882,0.054283,0.837151,/root/autodl-tmp/over/STGNP/checkpoints/SM_keySite/SM/hierarchical_SM_20260527T183957/analysis,0.2,1002,2002
P1,5,33,18545,0.047346,0.060179,0.063885,/root/autodl-tmp/over/STGNP/checkpoints/SM_keySite/SM/hierarchical_SM_20260527T183957/analysis,0.2,1002,2002
MS3533,4,32,18606,0.045626,0.053455,0.829864,/root/autodl-tmp/over/STGNP/checkpoints/SM_keySite/SM/hierarchical_SM_20260527T183957/analysis,0.2,1002,2002
MS3523,3,31,18600,0.042345,0.051627,0.782664,/root/autodl-tmp/over/STGNP/checkpoints/SM_keySite/SM/hierarchical_SM_20260527T183957/analysis,0.2,1002,2002
C2,1,29,12996,0.030709,0.039245,0.865764,/root/autodl-tmp/over/STGNP/checkpoints/SM_keySite/SM/hierarchical_SM_20260527T183957/analysis,0.2,1002,2002
MSBJ,5,33,18621,0.05481,0.060789,0.291001,/root/autodl-tmp/over/STGNP/checkpoints/SM_keySite/SM/hierarchical_SM_20260527T185607/analysis,0.2,1003,2003
BC05,0,28,18459,0.047615,0.056409,0.401846,/root/autodl-tmp/over/STGNP/checkpoints/SM_keySite/SM/hierarchical_SM_20260527T185607/analysis,0.2,1003,2003
P1,6,34,18545,0.043951,0.059795,0.075789,/root/autodl-tmp/over/STGNP/checkpoints/SM_keySite/SM/hierarchical_SM_20260527T185607/analysis,0.2,1003,2003
MS3576,3,31,14807,0.037356,0.040434,0.411568,/root/autodl-tmp/over/STGNP/checkpoints/SM_keySite/SM/hierarchical_SM_20260527T185607/analysis,0.2,1003,2003
MS3513,2,30,18366,0.036249,0.041146,0.824046,/root/autodl-tmp/over/STGNP/checkpoints/SM_keySite/SM/hierarchical_SM_20260527T185607/analysis,0.2,1003,2003
MS3620,4,32,18623,0.025602,0.03217,0.801784,/root/autodl-tmp/over/STGNP/checkpoints/SM_keySite/SM/hierarchical_SM_20260527T185607/analysis,0.2,1003,2003
BC07,1,29,1891,0.023729,0.031029,-1.985514,/root/autodl-tmp/over/STGNP/checkpoints/SM_keySite/SM/hierarchical_SM_20260527T185607/analysis,0.2,1003,2003
CD07,2,30,18501,0.048632,0.05159,0.79584,/root/autodl-tmp/over/STGNP/checkpoints/SM_keySite/SM/hierarchical_SM_20260527T191208/analysis,0.2,1004,2004
MSBJ,5,33,18621,0.044843,0.052788,0.465347,/root/autodl-tmp/over/STGNP/checkpoints/SM_keySite/SM/hierarchical_SM_20260527T191208/analysis,0.2,1004,2004
BC04,0,28,18063,0.040967,0.049517,0.863317,/root/autodl-tmp/over/STGNP/checkpoints/SM_keySite/SM/hierarchical_SM_20260527T191208/analysis,0.2,1004,2004
C2,1,29,12996,0.04021,0.04799,0.799277,/root/autodl-tmp/over/STGNP/checkpoints/SM_keySite/SM/hierarchical_SM_20260527T191208/analysis,0.2,1004,2004
P2,6,34,13389,0.037214,0.039438,0.79582,/root/autodl-tmp/over/STGNP/checkpoints/SM_keySite/SM/hierarchical_SM_20260527T191208/analysis,0.2,1004,2004
MS3603,3,31,18624,0.027843,0.033834,0.829241,/root/autodl-tmp/over/STGNP/checkpoints/SM_keySite/SM/hierarchical_SM_20260527T191208/analysis,0.2,1004,2004
MS3614,4,32,18624,0.025962,0.03303,0.755734,/root/autodl-tmp/over/STGNP/checkpoints/SM_keySite/SM/hierarchical_SM_20260527T191208/analysis,0.2,1004,2004
MS3482,3,31,11271,0.108068,0.129637,0.280925,/root/autodl-tmp/over/STGNP/checkpoints/SM_keySite/SM/hierarchical_SM_20260527T192815/analysis,0.2,1005,2005
C2,1,29,12996,0.07889,0.083976,0.385373,/root/autodl-tmp/over/STGNP/checkpoints/SM_keySite/SM/hierarchical_SM_20260527T192815/analysis,0.2,1005,2005
MS3576,5,33,14807,0.078696,0.082795,-1.467266,/root/autodl-tmp/over/STGNP/checkpoints/SM_keySite/SM/hierarchical_SM_20260527T192815/analysis,0.2,1005,2005
P11,6,34,18559,0.05833,0.066227,0.712964,/root/autodl-tmp/over/STGNP/checkpoints/SM_keySite/SM/hierarchical_SM_20260527T192815/analysis,0.2,1005,2005
BC08,0,28,18465,0.036059,0.044754,0.474988,/root/autodl-tmp/over/STGNP/checkpoints/SM_keySite/SM/hierarchical_SM_20260527T192815/analysis,0.2,1005,2005
MS3518,4,32,18601,0.024256,0.034788,0.918021,/root/autodl-tmp/over/STGNP/checkpoints/SM_keySite/SM/hierarchical_SM_20260527T192815/analysis,0.2,1005,2005
F5,2,30,18552,0.016176,0.024927,0.948032,/root/autodl-tmp/over/STGNP/checkpoints/SM_keySite/SM/hierarchical_SM_20260527T192815/analysis,0.2,1005,2005
MS3482,1,29,11271,0.172012,0.18815,-0.514704,/root/autodl-tmp/over/STGNP/checkpoints/SM_keySite/SM/hierarchical_SM_20260527T194413/analysis,0.2,1006,2006
P2,6,34,13389,0.04921,0.051451,0.652491,/root/autodl-tmp/over/STGNP/checkpoints/SM_keySite/SM/hierarchical_SM_20260527T194413/analysis,0.2,1006,2006
MS3518,3,31,18601,0.031134,0.034746,0.918219,/root/autodl-tmp/over/STGNP/checkpoints/SM_keySite/SM/hierarchical_SM_20260527T194413/analysis,0.2,1006,2006
MS3523,4,32,18600,0.027044,0.033458,0.908722,/root/autodl-tmp/over/STGNP/checkpoints/SM_keySite/SM/hierarchical_SM_20260527T194413/analysis,0.2,1006,2006
F5,0,28,18552,0.023912,0.03017,0.923871,/root/autodl-tmp/over/STGNP/checkpoints/SM_keySite/SM/hierarchical_SM_20260527T194413/analysis,0.2,1006,2006
MS3513,2,30,18366,0.020301,0.029502,0.90954,/root/autodl-tmp/over/STGNP/checkpoints/SM_keySite/SM/hierarchical_SM_20260527T194413/analysis,0.2,1006,2006
MSNQRW,5,33,18639,0.018735,0.025166,0.905234,/root/autodl-tmp/over/STGNP/checkpoints/SM_keySite/SM/hierarchical_SM_20260527T194413/analysis,0.2,1006,2006
CD01,2,30,18497,0.082778,0.099111,0.431929,/root/autodl-tmp/over/STGNP/checkpoints/SM_keySite/SM/hierarchical_SM_20260527T195939/analysis,0.2,1007,2007
MS3518,5,33,18601,0.082249,0.092196,0.424208,/root/autodl-tmp/over/STGNP/checkpoints/SM_keySite/SM/hierarchical_SM_20260527T195939/analysis,0.2,1007,2007
BC04,0,28,18063,0.080419,0.092094,0.52721,/root/autodl-tmp/over/STGNP/checkpoints/SM_keySite/SM/hierarchical_SM_20260527T195939/analysis,0.2,1007,2007
MSNQRW,6,34,18639,0.080402,0.094381,-0.332934,/root/autodl-tmp/over/STGNP/checkpoints/SM_keySite/SM/hierarchical_SM_20260527T195939/analysis,0.2,1007,2007
F5,4,32,18552,0.06217,0.070531,0.583926,/root/autodl-tmp/over/STGNP/checkpoints/SM_keySite/SM/hierarchical_SM_20260527T195939/analysis,0.2,1007,2007
F4,3,31,18552,0.057985,0.070244,0.575463,/root/autodl-tmp/over/STGNP/checkpoints/SM_keySite/SM/hierarchical_SM_20260527T195939/analysis,0.2,1007,2007
BC07,1,29,1891,0.019365,0.02211,-0.515923,/root/autodl-tmp/over/STGNP/checkpoints/SM_keySite/SM/hierarchical_SM_20260527T195939/analysis,0.2,1007,2007
MS3501,1,29,1852,0.083418,0.088138,-37.781031,/root/autodl-tmp/over/STGNP/checkpoints/SM_keySite/SM/hierarchical_SM_20260527T201533/analysis,0.2,1008,2008
P2,6,34,13389,0.073224,0.075847,0.244816,/root/autodl-tmp/over/STGNP/checkpoints/SM_keySite/SM/hierarchical_SM_20260527T201533/analysis,0.2,1008,2008
P1,5,33,18545,0.059154,0.063485,-0.041821,/root/autodl-tmp/over/STGNP/checkpoints/SM_keySite/SM/hierarchical_SM_20260527T201533/analysis,0.2,1008,2008
MS3527,2,30,14599,0.045909,0.076428,-0.065231,/root/autodl-tmp/over/STGNP/checkpoints/SM_keySite/SM/hierarchical_SM_20260527T201533/analysis,0.2,1008,2008
MS3614,4,32,18624,0.023863,0.030844,0.786996,/root/autodl-tmp/over/STGNP/checkpoints/SM_keySite/SM/hierarchical_SM_20260527T201533/analysis,0.2,1008,2008
BC07,0,28,1891,0.023452,0.028796,-1.571307,/root/autodl-tmp/over/STGNP/checkpoints/SM_keySite/SM/hierarchical_SM_20260527T201533/analysis,0.2,1008,2008
MS3603,3,31,18624,0.02186,0.026942,0.891718,/root/autodl-tmp/over/STGNP/checkpoints/SM_keySite/SM/hierarchical_SM_20260527T201533/analysis,0.2,1008,2008
BC04,0,28,18063,0.118106,0.130541,0.050061,/root/autodl-tmp/over/STGNP/checkpoints/SM_keySite/SM/hierarchical_SM_20260527T203129/analysis,0.2,1009,2009
CD01,2,30,18497,0.096524,0.110828,0.289679,/root/autodl-tmp/over/STGNP/checkpoints/SM_keySite/SM/hierarchical_SM_20260527T203129/analysis,0.2,1009,2009
P2,6,34,13389,0.069734,0.073851,0.28403,/root/autodl-tmp/over/STGNP/checkpoints/SM_keySite/SM/hierarchical_SM_20260527T203129/analysis,0.2,1009,2009
BC06,1,29,14678,0.041994,0.052525,0.016211,/root/autodl-tmp/over/STGNP/checkpoints/SM_keySite/SM/hierarchical_SM_20260527T203129/analysis,0.2,1009,2009
MS3603,4,32,18624,0.02953,0.041615,0.74167,/root/autodl-tmp/over/STGNP/checkpoints/SM_keySite/SM/hierarchical_SM_20260527T203129/analysis,0.2,1009,2009
MSNQRW,5,33,18639,0.026729,0.031144,0.854858,/root/autodl-tmp/over/STGNP/checkpoints/SM_keySite/SM/hierarchical_SM_20260527T203129/analysis,0.2,1009,2009
MS3523,3,31,18600,0.022351,0.031881,0.917125,/root/autodl-tmp/over/STGNP/checkpoints/SM_keySite/SM/hierarchical_SM_20260527T203129/analysis,0.2,1009,2009
MS3482,0,28,11271,0.165219,0.179775,-0.382858,/root/autodl-tmp/over/STGNP/checkpoints/SM_keySite/SM/hierarchical_SM_20260527T204730/analysis,0.2,1010,2010
MS3576,3,31,14807,0.083911,0.096853,-2.376243,/root/autodl-tmp/over/STGNP/checkpoints/SM_keySite/SM/hierarchical_SM_20260527T204730/analysis,0.2,1010,2010
MS3494,1,29,18558,0.054511,0.065763,0.800705,/root/autodl-tmp/over/STGNP/checkpoints/SM_keySite/SM/hierarchical_SM_20260527T204730/analysis,0.2,1010,2010
P10,6,34,18558,0.051919,0.062336,0.785253,/root/autodl-tmp/over/STGNP/checkpoints/SM_keySite/SM/hierarchical_SM_20260527T204730/analysis,0.2,1010,2010
MSNQRW,5,33,18639,0.047839,0.054291,0.558949,/root/autodl-tmp/over/STGNP/checkpoints/SM_keySite/SM/hierarchical_SM_20260527T204730/analysis,0.2,1010,2010
MS3603,4,32,18624,0.029342,0.036996,0.795828,/root/autodl-tmp/over/STGNP/checkpoints/SM_keySite/SM/hierarchical_SM_20260527T204730/analysis,0.2,1010,2010
MS3518,2,30,18601,0.023008,0.029486,0.941105,/root/autodl-tmp/over/STGNP/checkpoints/SM_keySite/SM/hierarchical_SM_20260527T204730/analysis,0.2,1010,2010
MS3482,4,29,11271,0.161731,0.168914,-0.220811,/root/autodl-tmp/over/STGNP/checkpoints/SM_keySite/SM/hierarchical_SM_20260527T210340/analysis,0.3,1000,3000
CD01,1,26,18497,0.110171,0.12251,0.132038,/root/autodl-tmp/over/STGNP/checkpoints/SM_keySite/SM/hierarchical_SM_20260527T210340/analysis,0.3,1000,3000
F5,3,28,18552,0.047843,0.058696,0.711847,/root/autodl-tmp/over/STGNP/checkpoints/SM_keySite/SM/hierarchical_SM_20260527T210340/analysis,0.3,1000,3000
BC05,0,25,18459,0.046047,0.059527,0.333897,/root/autodl-tmp/over/STGNP/checkpoints/SM_keySite/SM/hierarchical_SM_20260527T210340/analysis,0.3,1000,3000
MS3501,5,30,1852,0.037343,0.042374,-7.963934,/root/autodl-tmp/over/STGNP/checkpoints/SM_keySite/SM/hierarchical_SM_20260527T210340/analysis,0.3,1000,3000
F4,2,27,18552,0.035589,0.04528,0.8236,/root/autodl-tmp/over/STGNP/checkpoints/SM_keySite/SM/hierarchical_SM_20260527T210340/analysis,0.3,1000,3000
MSBJ,7,32,18621,0.033665,0.046535,0.584508,/root/autodl-tmp/over/STGNP/checkpoints/SM_keySite/SM/hierarchical_SM_20260527T210340/analysis,0.3,1000,3000
MSNQRW,8,33,18639,0.032776,0.042914,0.724424,/root/autodl-tmp/over/STGNP/checkpoints/SM_keySite/SM/hierarchical_SM_20260527T210340/analysis,0.3,1000,3000
P10,9,34,18558,0.027394,0.042132,0.901898,/root/autodl-tmp/over/STGNP/checkpoints/SM_keySite/SM/hierarchical_SM_20260527T210340/analysis,0.3,1000,3000
MS3603,6,31,18624,0.017879,0.028798,0.876286,/root/autodl-tmp/over/STGNP/checkpoints/SM_keySite/SM/hierarchical_SM_20260527T210340/analysis,0.3,1000,3000
CD01,2,27,18497,0.145074,0.155928,-0.406072,/root/autodl-tmp/over/STGNP/checkpoints/SM_keySite/SM/hierarchical_SM_20260527T211928/analysis,0.3,1001,3001
MS3501,4,29,1852,0.087635,0.092196,-41.434206,/root/autodl-tmp/over/STGNP/checkpoints/SM_keySite/SM/hierarchical_SM_20260527T211928/analysis,0.3,1001,3001
BC08,1,26,18465,0.07197,0.078384,-0.610476,/root/autodl-tmp/over/STGNP/checkpoints/SM_keySite/SM/hierarchical_SM_20260527T211928/analysis,0.3,1001,3001
MS3488,3,28,16699,0.068156,0.073149,0.425022,/root/autodl-tmp/over/STGNP/checkpoints/SM_keySite/SM/hierarchical_SM_20260527T211928/analysis,0.3,1001,3001
P1,9,34,18545,0.048208,0.053194,0.268576,/root/autodl-tmp/over/STGNP/checkpoints/SM_keySite/SM/hierarchical_SM_20260527T211928/analysis,0.3,1001,3001
BC06,0,25,14678,0.046753,0.050529,0.08954,/root/autodl-tmp/over/STGNP/checkpoints/SM_keySite/SM/hierarchical_SM_20260527T211928/analysis,0.3,1001,3001
MSBJ,8,33,18621,0.044892,0.054633,0.427334,/root/autodl-tmp/over/STGNP/checkpoints/SM_keySite/SM/hierarchical_SM_20260527T211928/analysis,0.3,1001,3001
MS3533,6,31,18606,0.039486,0.051218,0.843806,/root/autodl-tmp/over/STGNP/checkpoints/SM_keySite/SM/hierarchical_SM_20260527T211928/analysis,0.3,1001,3001
MS3620,7,32,18623,0.022017,0.025542,0.875041,/root/autodl-tmp/over/STGNP/checkpoints/SM_keySite/SM/hierarchical_SM_20260527T211928/analysis,0.3,1001,3001
MS3513,5,30,18366,0.01733,0.028399,0.916177,/root/autodl-tmp/over/STGNP/checkpoints/SM_keySite/SM/hierarchical_SM_20260527T211928/analysis,0.3,1001,3001
MS3627,8,33,18625,0.079509,0.087033,-0.330768,/root/autodl-tmp/over/STGNP/checkpoints/SM_keySite/SM/hierarchical_SM_20260527T213521/analysis,0.3,1002,3002
MS3576,5,30,14807,0.068587,0.077338,-1.15277,/root/autodl-tmp/over/STGNP/checkpoints/SM_keySite/SM/hierarchical_SM_20260527T213521/analysis,0.3,1002,3002
C2,2,27,12996,0.066898,0.070683,0.564556,/root/autodl-tmp/over/STGNP/checkpoints/SM_keySite/SM/hierarchical_SM_20260527T213521/analysis,0.3,1002,3002
P2,9,34,13389,0.065286,0.067125,0.408501,/root/autodl-tmp/over/STGNP/checkpoints/SM_keySite/SM/hierarchical_SM_20260527T213521/analysis,0.3,1002,3002
BC08,1,26,18465,0.051055,0.060996,0.024757,/root/autodl-tmp/over/STGNP/checkpoints/SM_keySite/SM/hierarchical_SM_20260527T213521/analysis,0.3,1002,3002
MS3620,7,32,18623,0.046881,0.052558,0.470923,/root/autodl-tmp/over/STGNP/checkpoints/SM_keySite/SM/hierarchical_SM_20260527T213521/analysis,0.3,1002,3002
MS3614,6,31,18624,0.034204,0.04477,0.55124,/root/autodl-tmp/over/STGNP/checkpoints/SM_keySite/SM/hierarchical_SM_20260527T213521/analysis,0.3,1002,3002
MS3513,3,28,18366,0.024937,0.034523,0.876129,/root/autodl-tmp/over/STGNP/checkpoints/SM_keySite/SM/hierarchical_SM_20260527T213521/analysis,0.3,1002,3002
MS3523,4,29,18600,0.018589,0.027125,0.940004,/root/autodl-tmp/over/STGNP/checkpoints/SM_keySite/SM/hierarchical_SM_20260527T213521/analysis,0.3,1002,3002
BC07,0,25,1891,0.016972,0.020693,-0.327764,/root/autodl-tmp/over/STGNP/checkpoints/SM_keySite/SM/hierarchical_SM_20260527T213521/analysis,0.3,1002,3002
CD03,3,28,325,0.176986,0.178726,-155.52062,/root/autodl-tmp/over/STGNP/checkpoints/SM_keySite/SM/hierarchical_SM_20260527T215117/analysis,0.3,1003,3003
BC02,0,25,10543,0.107411,0.132416,-0.299244,/root/autodl-tmp/over/STGNP/checkpoints/SM_keySite/SM/hierarchical_SM_20260527T215117/analysis,0.3,1003,3003
P2,9,34,13389,0.071772,0.073136,0.297823,/root/autodl-tmp/over/STGNP/checkpoints/SM_keySite/SM/hierarchical_SM_20260527T215117/analysis,0.3,1003,3003
MS3494,5,30,18558,0.069885,0.086979,0.651381,/root/autodl-tmp/over/STGNP/checkpoints/SM_keySite/SM/hierarchical_SM_20260527T215117/analysis,0.3,1003,3003
MS3488,4,29,16699,0.060054,0.066982,0.517879,/root/autodl-tmp/over/STGNP/checkpoints/SM_keySite/SM/hierarchical_SM_20260527T215117/analysis,0.3,1003,3003
BC04,1,26,18063,0.057478,0.065254,0.762638,/root/autodl-tmp/over/STGNP/checkpoints/SM_keySite/SM/hierarchical_SM_20260527T215117/analysis,0.3,1003,3003
MS3614,7,32,18624,0.046929,0.058588,0.231485,/root/autodl-tmp/over/STGNP/checkpoints/SM_keySite/SM/hierarchical_SM_20260527T215117/analysis,0.3,1003,3003
BC08,2,27,18465,0.041721,0.047711,0.403332,/root/autodl-tmp/over/STGNP/checkpoints/SM_keySite/SM/hierarchical_SM_20260527T215117/analysis,0.3,1003,3003
MS3527,6,31,14599,0.030782,0.059741,0.349161,/root/autodl-tmp/over/STGNP/checkpoints/SM_keySite/SM/hierarchical_SM_20260527T215117/analysis,0.3,1003,3003
MSNQRW,8,33,18639,0.029554,0.03921,0.769949,/root/autodl-tmp/over/STGNP/checkpoints/SM_keySite/SM/hierarchical_SM_20260527T215117/analysis,0.3,1003,3003
CD01,2,27,18497,0.103572,0.1179,0.196125,/root/autodl-tmp/over/STGNP/checkpoints/SM_keySite/SM/hierarchical_SM_20260527T220720/analysis,0.3,1004,3004
MSBJ,9,34,18621,0.06178,0.071888,0.008457,/root/autodl-tmp/over/STGNP/checkpoints/SM_keySite/SM/hierarchical_SM_20260527T220720/analysis,0.3,1004,3004
F3,4,29,18565,0.056858,0.078234,0.73987,/root/autodl-tmp/over/STGNP/checkpoints/SM_keySite/SM/hierarchical_SM_20260527T220720/analysis,0.3,1004,3004
CD07,3,28,18501,0.049402,0.055096,0.767148,/root/autodl-tmp/over/STGNP/checkpoints/SM_keySite/SM/hierarchical_SM_20260527T220720/analysis,0.3,1004,3004
MS3523,7,32,18600,0.046424,0.055602,0.747907,/root/autodl-tmp/over/STGNP/checkpoints/SM_keySite/SM/hierarchical_SM_20260527T220720/analysis,0.3,1004,3004
MS3518,6,31,18601,0.044763,0.054983,0.795215,/root/autodl-tmp/over/STGNP/checkpoints/SM_keySite/SM/hierarchical_SM_20260527T220720/analysis,0.3,1004,3004
BC04,0,25,18063,0.042578,0.050026,0.860494,/root/autodl-tmp/over/STGNP/checkpoints/SM_keySite/SM/hierarchical_SM_20260527T220720/analysis,0.3,1004,3004
C2,1,26,12996,0.038431,0.048483,0.795131,/root/autodl-tmp/over/STGNP/checkpoints/SM_keySite/SM/hierarchical_SM_20260527T220720/analysis,0.3,1004,3004
F4,5,30,18552,0.030587,0.044498,0.82964,/root/autodl-tmp/over/STGNP/checkpoints/SM_keySite/SM/hierarchical_SM_20260527T220720/analysis,0.3,1004,3004
MS3614,8,33,18624,0.029589,0.034587,0.732169,/root/autodl-tmp/over/STGNP/checkpoints/SM_keySite/SM/hierarchical_SM_20260527T220720/analysis,0.3,1004,3004
CD01,1,26,18497,0.10409,0.120065,0.166336,/root/autodl-tmp/over/STGNP/checkpoints/SM_keySite/SM/hierarchical_SM_20260527T222328/analysis,0.3,1005,3005
MS3614,6,31,18624,0.069685,0.080581,-0.453782,/root/autodl-tmp/over/STGNP/checkpoints/SM_keySite/SM/hierarchical_SM_20260527T222328/analysis,0.3,1005,3005
P2,9,34,13389,0.060568,0.064552,0.452991,/root/autodl-tmp/over/STGNP/checkpoints/SM_keySite/SM/hierarchical_SM_20260527T222328/analysis,0.3,1005,3005
F3,2,27,18565,0.056316,0.080265,0.726191,/root/autodl-tmp/over/STGNP/checkpoints/SM_keySite/SM/hierarchical_SM_20260527T222328/analysis,0.3,1005,3005
P11,8,33,18559,0.049412,0.061674,0.751075,/root/autodl-tmp/over/STGNP/checkpoints/SM_keySite/SM/hierarchical_SM_20260527T222328/analysis,0.3,1005,3005
C2,0,25,12996,0.049166,0.053515,0.750401,/root/autodl-tmp/over/STGNP/checkpoints/SM_keySite/SM/hierarchical_SM_20260527T222328/analysis,0.3,1005,3005
MSBJ,7,32,18621,0.039537,0.049749,0.525147,/root/autodl-tmp/over/STGNP/checkpoints/SM_keySite/SM/hierarchical_SM_20260527T222328/analysis,0.3,1005,3005
MS3513,3,28,18366,0.033473,0.042162,0.81525,/root/autodl-tmp/over/STGNP/checkpoints/SM_keySite/SM/hierarchical_SM_20260527T222328/analysis,0.3,1005,3005
MS3523,5,30,18600,0.030175,0.039145,0.87505,/root/autodl-tmp/over/STGNP/checkpoints/SM_keySite/SM/hierarchical_SM_20260527T222328/analysis,0.3,1005,3005
MS3518,4,29,18601,0.024931,0.032638,0.927842,/root/autodl-tmp/over/STGNP/checkpoints/SM_keySite/SM/hierarchical_SM_20260527T222328/analysis,0.3,1005,3005
MS3482,2,27,11271,0.120898,0.131854,0.256122,/root/autodl-tmp/over/STGNP/checkpoints/SM_keySite/SM/hierarchical_SM_20260527T223924/analysis,0.3,1006,3006
CD01,1,26,18497,0.094513,0.108688,0.316837,/root/autodl-tmp/over/STGNP/checkpoints/SM_keySite/SM/hierarchical_SM_20260527T223924/analysis,0.3,1006,3006
BC04,0,25,18063,0.085631,0.095506,0.491528,/root/autodl-tmp/over/STGNP/checkpoints/SM_keySite/SM/hierarchical_SM_20260527T223924/analysis,0.3,1006,3006
MS3627,8,33,18625,0.073452,0.078731,-0.088997,/root/autodl-tmp/over/STGNP/checkpoints/SM_keySite/SM/hierarchical_SM_20260527T223924/analysis,0.3,1006,3006
MS3527,5,30,14599,0.069109,0.087281,-0.389241,/root/autodl-tmp/over/STGNP/checkpoints/SM_keySite/SM/hierarchical_SM_20260527T223924/analysis,0.3,1006,3006
MS3620,7,32,18623,0.063396,0.067769,0.120356,/root/autodl-tmp/over/STGNP/checkpoints/SM_keySite/SM/hierarchical_SM_20260527T223924/analysis,0.3,1006,3006
P1,9,34,18545,0.056017,0.060956,0.039527,/root/autodl-tmp/over/STGNP/checkpoints/SM_keySite/SM/hierarchical_SM_20260527T223924/analysis,0.3,1006,3006
MS3523,4,29,18600,0.034272,0.041214,0.861498,/root/autodl-tmp/over/STGNP/checkpoints/SM_keySite/SM/hierarchical_SM_20260527T223924/analysis,0.3,1006,3006
MS3603,6,31,18624,0.027571,0.040579,0.754365,/root/autodl-tmp/over/STGNP/checkpoints/SM_keySite/SM/hierarchical_SM_20260527T223924/analysis,0.3,1006,3006
MS3513,3,28,18366,0.024574,0.033888,0.880647,/root/autodl-tmp/over/STGNP/checkpoints/SM_keySite/SM/hierarchical_SM_20260527T223924/analysis,0.3,1006,3006
CD01,1,26,18497,0.12131,0.132105,-0.009255,/root/autodl-tmp/over/STGNP/checkpoints/SM_keySite/SM/hierarchical_SM_20260527T225454/analysis,0.3,1007,3007
MS3488,4,29,16699,0.103224,0.115519,-0.433969,/root/autodl-tmp/over/STGNP/checkpoints/SM_keySite/SM/hierarchical_SM_20260527T225454/analysis,0.3,1007,3007
MS3527,6,31,14599,0.086288,0.10759,-1.11096,/root/autodl-tmp/over/STGNP/checkpoints/SM_keySite/SM/hierarchical_SM_20260527T225454/analysis,0.3,1007,3007
BC04,0,25,18063,0.070448,0.075395,0.683122,/root/autodl-tmp/over/STGNP/checkpoints/SM_keySite/SM/hierarchical_SM_20260527T225454/analysis,0.3,1007,3007
P11,9,34,18559,0.061868,0.073351,0.647891,/root/autodl-tmp/over/STGNP/checkpoints/SM_keySite/SM/hierarchical_SM_20260527T225454/analysis,0.3,1007,3007
MS3576,8,33,14807,0.044721,0.050356,0.087326,/root/autodl-tmp/over/STGNP/checkpoints/SM_keySite/SM/hierarchical_SM_20260527T225454/analysis,0.3,1007,3007
F3,3,28,18565,0.043925,0.06319,0.830292,/root/autodl-tmp/over/STGNP/checkpoints/SM_keySite/SM/hierarchical_SM_20260527T225454/analysis,0.3,1007,3007
CD07,2,27,18501,0.042201,0.045413,0.8418,/root/autodl-tmp/over/STGNP/checkpoints/SM_keySite/SM/hierarchical_SM_20260527T225454/analysis,0.3,1007,3007
MS3533,7,32,18606,0.038478,0.04436,0.882833,/root/autodl-tmp/over/STGNP/checkpoints/SM_keySite/SM/hierarchical_SM_20260527T225454/analysis,0.3,1007,3007
MS3518,5,30,18601,0.038327,0.047622,0.846376,/root/autodl-tmp/over/STGNP/checkpoints/SM_keySite/SM/hierarchical_SM_20260527T225454/analysis,0.3,1007,3007
CD03,2,27,325,0.093438,0.095484,-43.674064,/root/autodl-tmp/over/STGNP/checkpoints/SM_keySite/SM/hierarchical_SM_20260527T231113/analysis,0.3,1008,3008
MS3488,5,30,16699,0.079789,0.086011,0.205048,/root/autodl-tmp/over/STGNP/checkpoints/SM_keySite/SM/hierarchical_SM_20260527T231113/analysis,0.3,1008,3008
F3,4,29,18565,0.075103,0.097667,0.594589,/root/autodl-tmp/over/STGNP/checkpoints/SM_keySite/SM/hierarchical_SM_20260527T231113/analysis,0.3,1008,3008
MS3494,6,31,18558,0.069176,0.0798,0.706552,/root/autodl-tmp/over/STGNP/checkpoints/SM_keySite/SM/hierarchical_SM_20260527T231113/analysis,0.3,1008,3008
MS3614,8,33,18624,0.049875,0.056586,0.283104,/root/autodl-tmp/over/STGNP/checkpoints/SM_keySite/SM/hierarchical_SM_20260527T231113/analysis,0.3,1008,3008
MS3518,7,32,18601,0.0465,0.049932,0.831111,/root/autodl-tmp/over/STGNP/checkpoints/SM_keySite/SM/hierarchical_SM_20260527T231113/analysis,0.3,1008,3008
CD07,3,28,18501,0.038223,0.043809,0.852779,/root/autodl-tmp/over/STGNP/checkpoints/SM_keySite/SM/hierarchical_SM_20260527T231113/analysis,0.3,1008,3008
MS3620,9,34,18623,0.031735,0.036651,0.742719,/root/autodl-tmp/over/STGNP/checkpoints/SM_keySite/SM/hierarchical_SM_20260527T231113/analysis,0.3,1008,3008
BC06,0,25,14678,0.031253,0.036293,0.53031,/root/autodl-tmp/over/STGNP/checkpoints/SM_keySite/SM/hierarchical_SM_20260527T231113/analysis,0.3,1008,3008
C1,1,26,18551,0.020951,0.029855,0.875385,/root/autodl-tmp/over/STGNP/checkpoints/SM_keySite/SM/hierarchical_SM_20260527T231113/analysis,0.3,1008,3008
CD01,1,26,18497,0.123423,0.132349,-0.012979,/root/autodl-tmp/over/STGNP/checkpoints/SM_keySite/SM/hierarchical_SM_20260527T232707/analysis,0.3,1009,3009
MS3501,4,29,1852,0.074818,0.077982,-29.358325,/root/autodl-tmp/over/STGNP/checkpoints/SM_keySite/SM/hierarchical_SM_20260527T232707/analysis,0.3,1009,3009
MS3576,7,32,14807,0.069377,0.072025,-0.867131,/root/autodl-tmp/over/STGNP/checkpoints/SM_keySite/SM/hierarchical_SM_20260527T232707/analysis,0.3,1009,3009
MS3527,6,31,14599,0.061677,0.08204,-0.227413,/root/autodl-tmp/over/STGNP/checkpoints/SM_keySite/SM/hierarchical_SM_20260527T232707/analysis,0.3,1009,3009
MS3494,3,28,18558,0.052392,0.067279,0.791414,/root/autodl-tmp/over/STGNP/checkpoints/SM_keySite/SM/hierarchical_SM_20260527T232707/analysis,0.3,1009,3009
P1,9,34,18545,0.038133,0.041193,0.561375,/root/autodl-tmp/over/STGNP/checkpoints/SM_keySite/SM/hierarchical_SM_20260527T232707/analysis,0.3,1009,3009
BC03,0,25,18459,0.035299,0.044968,0.863761,/root/autodl-tmp/over/STGNP/checkpoints/SM_keySite/SM/hierarchical_SM_20260527T232707/analysis,0.3,1009,3009
MSBJ,8,33,18621,0.025905,0.032213,0.800909,/root/autodl-tmp/over/STGNP/checkpoints/SM_keySite/SM/hierarchical_SM_20260527T232707/analysis,0.3,1009,3009
CD03,2,27,325,0.020828,0.027365,-2.669443,/root/autodl-tmp/over/STGNP/checkpoints/SM_keySite/SM/hierarchical_SM_20260527T232707/analysis,0.3,1009,3009
MS3513,5,30,18366,0.020655,0.029244,0.911118,/root/autodl-tmp/over/STGNP/checkpoints/SM_keySite/SM/hierarchical_SM_20260527T232707/analysis,0.3,1009,3009
CD01,2,27,18497,0.127587,0.149174,-0.286894,/root/autodl-tmp/over/STGNP/checkpoints/SM_keySite/SM/hierarchical_SM_20260527T234248/analysis,0.3,1010,3010
MS3501,5,30,1852,0.055938,0.062219,-18.32567,/root/autodl-tmp/over/STGNP/checkpoints/SM_keySite/SM/hierarchical_SM_20260527T234248/analysis,0.3,1010,3010
CD07,3,28,18501,0.054602,0.058879,0.73407,/root/autodl-tmp/over/STGNP/checkpoints/SM_keySite/SM/hierarchical_SM_20260527T234248/analysis,0.3,1010,3010
BC04,0,25,18063,0.053324,0.062337,0.78338,/root/autodl-tmp/over/STGNP/checkpoints/SM_keySite/SM/hierarchical_SM_20260527T234248/analysis,0.3,1010,3010
MS3523,6,31,18600,0.041974,0.047016,0.819752,/root/autodl-tmp/over/STGNP/checkpoints/SM_keySite/SM/hierarchical_SM_20260527T234248/analysis,0.3,1010,3010
MS3494,4,29,18558,0.040652,0.049731,0.886034,/root/autodl-tmp/over/STGNP/checkpoints/SM_keySite/SM/hierarchical_SM_20260527T234248/analysis,0.3,1010,3010
P2,9,34,13389,0.033177,0.036982,0.820463,/root/autodl-tmp/over/STGNP/checkpoints/SM_keySite/SM/hierarchical_SM_20260527T234248/analysis,0.3,1010,3010
MS3627,8,33,18625,0.029774,0.040901,0.706097,/root/autodl-tmp/over/STGNP/checkpoints/SM_keySite/SM/hierarchical_SM_20260527T234248/analysis,0.3,1010,3010
MS3614,7,32,18624,0.023293,0.030014,0.798309,/root/autodl-tmp/over/STGNP/checkpoints/SM_keySite/SM/hierarchical_SM_20260527T234248/analysis,0.3,1010,3010
BC07,1,26,1891,0.00831,0.011301,0.603978,/root/autodl-tmp/over/STGNP/checkpoints/SM_keySite/SM/hierarchical_SM_20260527T234248/analysis,0.3,1010,3010
BC02,0,21,10543,0.175612,0.189159,-1.651314,/root/autodl-tmp/over/STGNP/checkpoints/SM_keySite/SM/hierarchical_SM_20260527T235906/analysis,0.4,1000,4000
MS3488,7,28,16699,0.103402,0.126434,-0.71776,/root/autodl-tmp/over/STGNP/checkpoints/SM_keySite/SM/hierarchical_SM_20260527T235906/analysis,0.4,1000,4000
MS3576,9,30,14807,0.080984,0.096845,-2.375666,/root/autodl-tmp/over/STGNP/checkpoints/SM_keySite/SM/hierarchical_SM_20260527T235906/analysis,0.4,1000,4000
BC04,1,22,18063,0.063967,0.073895,0.695608,/root/autodl-tmp/over/STGNP/checkpoints/SM_keySite/SM/hierarchical_SM_20260527T235906/analysis,0.4,1000,4000
CD01,6,27,18497,0.063711,0.072991,0.691898,/root/autodl-tmp/over/STGNP/checkpoints/SM_keySite/SM/hierarchical_SM_20260527T235906/analysis,0.4,1000,4000
P2,13,34,13389,0.058342,0.068757,0.3794,/root/autodl-tmp/over/STGNP/checkpoints/SM_keySite/SM/hierarchical_SM_20260527T235906/analysis,0.4,1000,4000
C1,5,26,18551,0.058163,0.066134,0.388524,/root/autodl-tmp/over/STGNP/checkpoints/SM_keySite/SM/hierarchical_SM_20260527T235906/analysis,0.4,1000,4000
BC07,3,24,1891,0.056878,0.062154,-10.979288,/root/autodl-tmp/over/STGNP/checkpoints/SM_keySite/SM/hierarchical_SM_20260527T235906/analysis,0.4,1000,4000
BC08,4,25,18465,0.056101,0.079345,-0.650214,/root/autodl-tmp/over/STGNP/checkpoints/SM_keySite/SM/hierarchical_SM_20260527T235906/analysis,0.4,1000,4000
MS3614,10,31,18624,0.039329,0.054223,0.341725,/root/autodl-tmp/over/STGNP/checkpoints/SM_keySite/SM/hierarchical_SM_20260527T235906/analysis,0.4,1000,4000
MSBJ,12,33,18621,0.038007,0.04894,0.54045,/root/autodl-tmp/over/STGNP/checkpoints/SM_keySite/SM/hierarchical_SM_20260527T235906/analysis,0.4,1000,4000
MS3494,8,29,18558,0.033301,0.041235,0.921646,/root/autodl-tmp/over/STGNP/checkpoints/SM_keySite/SM/hierarchical_SM_20260527T235906/analysis,0.4,1000,4000
BC06,2,23,14678,0.027064,0.036442,0.526437,/root/autodl-tmp/over/STGNP/checkpoints/SM_keySite/SM/hierarchical_SM_20260527T235906/analysis,0.4,1000,4000
MS3627,11,32,18625,0.021411,0.02902,0.852044,/root/autodl-tmp/over/STGNP/checkpoints/SM_keySite/SM/hierarchical_SM_20260527T235906/analysis,0.4,1000,4000
BC02,0,21,10543,0.158919,0.176666,-1.31266,/root/autodl-tmp/over/STGNP/checkpoints/SM_keySite/SM/hierarchical_SM_20260528T001447/analysis,0.4,1001,4001
CD01,5,26,18497,0.122781,0.138775,-0.113738,/root/autodl-tmp/over/STGNP/checkpoints/SM_keySite/SM/hierarchical_SM_20260528T001447/analysis,0.4,1001,4001
BC08,4,25,18465,0.094666,0.099142,-1.576414,/root/autodl-tmp/over/STGNP/checkpoints/SM_keySite/SM/hierarchical_SM_20260528T001447/analysis,0.4,1001,4001
BC04,2,23,18063,0.077865,0.088257,0.565792,/root/autodl-tmp/over/STGNP/checkpoints/SM_keySite/SM/hierarchical_SM_20260528T001447/analysis,0.4,1001,4001
MS3527,9,30,14599,0.070795,0.097036,-0.717123,/root/autodl-tmp/over/STGNP/checkpoints/SM_keySite/SM/hierarchical_SM_20260528T001447/analysis,0.4,1001,4001
MS3620,11,32,18623,0.055542,0.059162,0.329612,/root/autodl-tmp/over/STGNP/checkpoints/SM_keySite/SM/hierarchical_SM_20260528T001447/analysis,0.4,1001,4001
MS3494,6,27,18558,0.055539,0.06726,0.791534,/root/autodl-tmp/over/STGNP/checkpoints/SM_keySite/SM/hierarchical_SM_20260528T001447/analysis,0.4,1001,4001
MSBJ,12,33,18621,0.054017,0.062346,0.254219,/root/autodl-tmp/over/STGNP/checkpoints/SM_keySite/SM/hierarchical_SM_20260528T001447/analysis,0.4,1001,4001
BC03,1,22,18459,0.053403,0.063322,0.729845,/root/autodl-tmp/over/STGNP/checkpoints/SM_keySite/SM/hierarchical_SM_20260528T001447/analysis,0.4,1001,4001
MS3614,10,31,18624,0.050748,0.056949,0.273881,/root/autodl-tmp/over/STGNP/checkpoints/SM_keySite/SM/hierarchical_SM_20260528T001447/analysis,0.4,1001,4001
P10,13,34,18558,0.047215,0.059212,0.806236,/root/autodl-tmp/over/STGNP/checkpoints/SM_keySite/SM/hierarchical_SM_20260528T001447/analysis,0.4,1001,4001
MS3523,8,29,18600,0.035796,0.044265,0.840229,/root/autodl-tmp/over/STGNP/checkpoints/SM_keySite/SM/hierarchical_SM_20260528T001447/analysis,0.4,1001,4001
MS3513,7,28,18366,0.02627,0.036629,0.86056,/root/autodl-tmp/over/STGNP/checkpoints/SM_keySite/SM/hierarchical_SM_20260528T001447/analysis,0.4,1001,4001
BC07,3,24,1891,0.012038,0.016011,0.205026,/root/autodl-tmp/over/STGNP/checkpoints/SM_keySite/SM/hierarchical_SM_20260528T001447/analysis,0.4,1001,4001
BC02,0,21,10543,0.120718,0.142082,-0.495832,/root/autodl-tmp/over/STGNP/checkpoints/SM_keySite/SM/hierarchical_SM_20260528T003105/analysis,0.4,1002,4002
MS3501,7,28,1852,0.071329,0.078841,-30.031127,/root/autodl-tmp/over/STGNP/checkpoints/SM_keySite/SM/hierarchical_SM_20260528T003105/analysis,0.4,1002,4002
MS3494,6,27,18558,0.064302,0.08443,0.671511,/root/autodl-tmp/over/STGNP/checkpoints/SM_keySite/SM/hierarchical_SM_20260528T003105/analysis,0.4,1002,4002
CD03,3,24,325,0.058936,0.086134,-35.353466,/root/autodl-tmp/over/STGNP/checkpoints/SM_keySite/SM/hierarchical_SM_20260528T003105/analysis,0.4,1002,4002
F3,4,25,18565,0.055372,0.078918,0.735304,/root/autodl-tmp/over/STGNP/checkpoints/SM_keySite/SM/hierarchical_SM_20260528T003105/analysis,0.4,1002,4002
MS3527,9,30,14599,0.054369,0.087583,-0.398848,/root/autodl-tmp/over/STGNP/checkpoints/SM_keySite/SM/hierarchical_SM_20260528T003105/analysis,0.4,1002,4002
P1,13,34,18545,0.053315,0.061407,0.02529,/root/autodl-tmp/over/STGNP/checkpoints/SM_keySite/SM/hierarchical_SM_20260528T003105/analysis,0.4,1002,4002
BC05,2,23,18459,0.042421,0.050972,0.511596,/root/autodl-tmp/over/STGNP/checkpoints/SM_keySite/SM/hierarchical_SM_20260528T003105/analysis,0.4,1002,4002
BC03,1,22,18459,0.04184,0.056876,0.78205,/root/autodl-tmp/over/STGNP/checkpoints/SM_keySite/SM/hierarchical_SM_20260528T003105/analysis,0.4,1002,4002
F4,5,26,18552,0.040765,0.05056,0.780058,/root/autodl-tmp/over/STGNP/checkpoints/SM_keySite/SM/hierarchical_SM_20260528T003105/analysis,0.4,1002,4002
MS3627,12,33,18625,0.040463,0.050715,0.548145,/root/autodl-tmp/over/STGNP/checkpoints/SM_keySite/SM/hierarchical_SM_20260528T003105/analysis,0.4,1002,4002
MS3614,10,31,18624,0.032529,0.042974,0.586529,/root/autodl-tmp/over/STGNP/checkpoints/SM_keySite/SM/hierarchical_SM_20260528T003105/analysis,0.4,1002,4002
MS3620,11,32,18623,0.025724,0.036533,0.744375,/root/autodl-tmp/over/STGNP/checkpoints/SM_keySite/SM/hierarchical_SM_20260528T003105/analysis,0.4,1002,4002
MS3518,8,29,18601,0.017091,0.024362,0.959798,/root/autodl-tmp/over/STGNP/checkpoints/SM_keySite/SM/hierarchical_SM_20260528T003105/analysis,0.4,1002,4002
BC02,0,21,10543,0.197411,0.207493,-2.19017,/root/autodl-tmp/over/STGNP/checkpoints/SM_keySite/SM/hierarchical_SM_20260528T004658/analysis,0.4,1003,4003
MS3482,5,26,11271,0.180195,0.198832,-0.691565,/root/autodl-tmp/over/STGNP/checkpoints/SM_keySite/SM/hierarchical_SM_20260528T004658/analysis,0.4,1003,4003
MS3620,10,31,18623,0.133768,0.146945,-3.135752,/root/autodl-tmp/over/STGNP/checkpoints/SM_keySite/SM/hierarchical_SM_20260528T004658/analysis,0.4,1003,4003
MS3576,9,30,14807,0.073734,0.083679,-1.520271,/root/autodl-tmp/over/STGNP/checkpoints/SM_keySite/SM/hierarchical_SM_20260528T004658/analysis,0.4,1003,4003
P10,12,33,18558,0.072117,0.085983,0.59142,/root/autodl-tmp/over/STGNP/checkpoints/SM_keySite/SM/hierarchical_SM_20260528T004658/analysis,0.4,1003,4003
BC04,2,23,18063,0.06269,0.071484,0.715146,/root/autodl-tmp/over/STGNP/checkpoints/SM_keySite/SM/hierarchical_SM_20260528T004658/analysis,0.4,1003,4003
MS3533,8,29,18606,0.061442,0.079695,0.621841,/root/autodl-tmp/over/STGNP/checkpoints/SM_keySite/SM/hierarchical_SM_20260528T004658/analysis,0.4,1003,4003
CD01,4,25,18497,0.055418,0.070618,0.711601,/root/autodl-tmp/over/STGNP/checkpoints/SM_keySite/SM/hierarchical_SM_20260528T004658/analysis,0.4,1003,4003
MS3527,7,28,14599,0.052436,0.070031,0.105638,/root/autodl-tmp/over/STGNP/checkpoints/SM_keySite/SM/hierarchical_SM_20260528T004658/analysis,0.4,1003,4003
P2,13,34,13389,0.049637,0.05539,0.59725,/root/autodl-tmp/over/STGNP/checkpoints/SM_keySite/SM/hierarchical_SM_20260528T004658/analysis,0.4,1003,4003
MS3518,6,27,18601,0.047919,0.05568,0.789989,/root/autodl-tmp/over/STGNP/checkpoints/SM_keySite/SM/hierarchical_SM_20260528T004658/analysis,0.4,1003,4003
C1,3,24,18551,0.043586,0.047286,0.687396,/root/autodl-tmp/over/STGNP/checkpoints/SM_keySite/SM/hierarchical_SM_20260528T004658/analysis,0.4,1003,4003
BC03,1,22,18459,0.039279,0.057477,0.777415,/root/autodl-tmp/over/STGNP/checkpoints/SM_keySite/SM/hierarchical_SM_20260528T004658/analysis,0.4,1003,4003
MSBJ,11,32,18621,0.028209,0.042572,0.652264,/root/autodl-tmp/over/STGNP/checkpoints/SM_keySite/SM/hierarchical_SM_20260528T004658/analysis,0.4,1003,4003
CD01,3,24,18497,0.10615,0.116346,0.217177,/root/autodl-tmp/over/STGNP/checkpoints/SM_keySite/SM/hierarchical_SM_20260528T010247/analysis,0.4,1004,4004
MS3576,7,28,14807,0.090127,0.092459,-2.076892,/root/autodl-tmp/over/STGNP/checkpoints/SM_keySite/SM/hierarchical_SM_20260528T010247/analysis,0.4,1004,4004
C2,2,23,12996,0.074575,0.080181,0.439676,/root/autodl-tmp/over/STGNP/checkpoints/SM_keySite/SM/hierarchical_SM_20260528T010247/analysis,0.4,1004,4004
P1,11,32,18545,0.061481,0.064426,-0.072935,/root/autodl-tmp/over/STGNP/checkpoints/SM_keySite/SM/hierarchical_SM_20260528T010247/analysis,0.4,1004,4004
P2,13,34,13389,0.057083,0.060601,0.517891,/root/autodl-tmp/over/STGNP/checkpoints/SM_keySite/SM/hierarchical_SM_20260528T010247/analysis,0.4,1004,4004
BC05,0,21,18459,0.054887,0.069506,0.091845,/root/autodl-tmp/over/STGNP/checkpoints/SM_keySite/SM/hierarchical_SM_20260528T010247/analysis,0.4,1004,4004
P11,12,33,18559,0.043836,0.052861,0.81713,/root/autodl-tmp/over/STGNP/checkpoints/SM_keySite/SM/hierarchical_SM_20260528T010247/analysis,0.4,1004,4004
BC07,1,22,1891,0.042694,0.048069,-6.16514,/root/autodl-tmp/over/STGNP/checkpoints/SM_keySite/SM/hierarchical_SM_20260528T010247/analysis,0.4,1004,4004
MS3494,4,25,18558,0.040019,0.050186,0.883938,/root/autodl-tmp/over/STGNP/checkpoints/SM_keySite/SM/hierarchical_SM_20260528T010247/analysis,0.4,1004,4004
MS3614,8,29,18624,0.039851,0.056562,0.283704,/root/autodl-tmp/over/STGNP/checkpoints/SM_keySite/SM/hierarchical_SM_20260528T010247/analysis,0.4,1004,4004
MS3627,9,30,18625,0.029402,0.041213,0.701595,/root/autodl-tmp/over/STGNP/checkpoints/SM_keySite/SM/hierarchical_SM_20260528T010247/analysis,0.4,1004,4004
MS3518,5,26,18601,0.021082,0.027508,0.94874,/root/autodl-tmp/over/STGNP/checkpoints/SM_keySite/SM/hierarchical_SM_20260528T010247/analysis,0.4,1004,4004
MSBJ,10,31,18621,0.019114,0.026764,0.862563,/root/autodl-tmp/over/STGNP/checkpoints/SM_keySite/SM/hierarchical_SM_20260528T010247/analysis,0.4,1004,4004
MS3523,6,27,18600,0.018253,0.022981,0.956935,/root/autodl-tmp/over/STGNP/checkpoints/SM_keySite/SM/hierarchical_SM_20260528T010247/analysis,0.4,1004,4004
CD03,2,23,325,0.150557,0.15175,-111.837495,/root/autodl-tmp/over/STGNP/checkpoints/SM_keySite/SM/hierarchical_SM_20260528T011840/analysis,0.4,1005,4005
MS3488,6,27,16699,0.104979,0.117992,-0.496016,/root/autodl-tmp/over/STGNP/checkpoints/SM_keySite/SM/hierarchical_SM_20260528T011840/analysis,0.4,1005,4005
MS3576,10,31,14807,0.084882,0.08676,-1.709265,/root/autodl-tmp/over/STGNP/checkpoints/SM_keySite/SM/hierarchical_SM_20260528T011840/analysis,0.4,1005,4005
P1,13,34,18545,0.065082,0.074096,-0.419179,/root/autodl-tmp/over/STGNP/checkpoints/SM_keySite/SM/hierarchical_SM_20260528T011840/analysis,0.4,1005,4005
BC05,0,21,18459,0.064537,0.082064,-0.265943,/root/autodl-tmp/over/STGNP/checkpoints/SM_keySite/SM/hierarchical_SM_20260528T011840/analysis,0.4,1005,4005
F3,3,24,18565,0.047931,0.069025,0.797503,/root/autodl-tmp/over/STGNP/checkpoints/SM_keySite/SM/hierarchical_SM_20260528T011840/analysis,0.4,1005,4005
C2,1,22,12996,0.047026,0.051121,0.772232,/root/autodl-tmp/over/STGNP/checkpoints/SM_keySite/SM/hierarchical_SM_20260528T011840/analysis,0.4,1005,4005
MS3533,9,30,18606,0.041854,0.055326,0.817749,/root/autodl-tmp/over/STGNP/checkpoints/SM_keySite/SM/hierarchical_SM_20260528T011840/analysis,0.4,1005,4005
MS3501,8,29,1852,0.040156,0.045377,-9.279266,/root/autodl-tmp/over/STGNP/checkpoints/SM_keySite/SM/hierarchical_SM_20260528T011840/analysis,0.4,1005,4005
F4,4,25,18552,0.036352,0.044094,0.832718,/root/autodl-tmp/over/STGNP/checkpoints/SM_keySite/SM/hierarchical_SM_20260528T011840/analysis,0.4,1005,4005
F5,5,26,18552,0.029739,0.040348,0.863839,/root/autodl-tmp/over/STGNP/checkpoints/SM_keySite/SM/hierarchical_SM_20260528T011840/analysis,0.4,1005,4005
MS3494,7,28,18558,0.024026,0.032454,0.951464,/root/autodl-tmp/over/STGNP/checkpoints/SM_keySite/SM/hierarchical_SM_20260528T011840/analysis,0.4,1005,4005
MS3620,12,33,18623,0.023118,0.028254,0.847105,/root/autodl-tmp/over/STGNP/checkpoints/SM_keySite/SM/hierarchical_SM_20260528T011840/analysis,0.4,1005,4005
MS3614,11,32,18624,0.022123,0.029758,0.801731,/root/autodl-tmp/over/STGNP/checkpoints/SM_keySite/SM/hierarchical_SM_20260528T011840/analysis,0.4,1005,4005
BC02,0,21,10543,0.174002,0.181234,-1.433821,/root/autodl-tmp/over/STGNP/checkpoints/SM_keySite/SM/hierarchical_SM_20260528T013440/analysis,0.4,1006,4006
BC08,3,24,18465,0.100441,0.109713,-2.155139,/root/autodl-tmp/over/STGNP/checkpoints/SM_keySite/SM/hierarchical_SM_20260528T013440/analysis,0.4,1006,4006
BC05,1,22,18459,0.058203,0.071894,0.028394,/root/autodl-tmp/over/STGNP/checkpoints/SM_keySite/SM/hierarchical_SM_20260528T013440/analysis,0.4,1006,4006
MS3576,10,31,14807,0.057505,0.066044,-0.569919,/root/autodl-tmp/over/STGNP/checkpoints/SM_keySite/SM/hierarchical_SM_20260528T013440/analysis,0.4,1006,4006
BC06,2,23,14678,0.05487,0.059346,-0.255896,/root/autodl-tmp/over/STGNP/checkpoints/SM_keySite/SM/hierarchical_SM_20260528T013440/analysis,0.4,1006,4006
F3,6,27,18565,0.052036,0.069561,0.794349,/root/autodl-tmp/over/STGNP/checkpoints/SM_keySite/SM/hierarchical_SM_20260528T013440/analysis,0.4,1006,4006
F5,7,28,18552,0.048659,0.055196,0.745185,/root/autodl-tmp/over/STGNP/checkpoints/SM_keySite/SM/hierarchical_SM_20260528T013440/analysis,0.4,1006,4006
MS3523,8,29,18600,0.040814,0.04867,0.806849,/root/autodl-tmp/over/STGNP/checkpoints/SM_keySite/SM/hierarchical_SM_20260528T013440/analysis,0.4,1006,4006
C2,4,25,12996,0.04036,0.048645,0.793762,/root/autodl-tmp/over/STGNP/checkpoints/SM_keySite/SM/hierarchical_SM_20260528T013440/analysis,0.4,1006,4006
MS3533,9,30,18606,0.039216,0.05145,0.842389,/root/autodl-tmp/over/STGNP/checkpoints/SM_keySite/SM/hierarchical_SM_20260528T013440/analysis,0.4,1006,4006
MSBJ,12,33,18621,0.037983,0.049787,0.524406,/root/autodl-tmp/over/STGNP/checkpoints/SM_keySite/SM/hierarchical_SM_20260528T013440/analysis,0.4,1006,4006
P10,13,34,18558,0.034897,0.04287,0.898433,/root/autodl-tmp/over/STGNP/checkpoints/SM_keySite/SM/hierarchical_SM_20260528T013440/analysis,0.4,1006,4006
CD07,5,26,18501,0.030724,0.035217,0.904865,/root/autodl-tmp/over/STGNP/checkpoints/SM_keySite/SM/hierarchical_SM_20260528T013440/analysis,0.4,1006,4006
MS3627,11,32,18625,0.026765,0.033815,0.79912,/root/autodl-tmp/over/STGNP/checkpoints/SM_keySite/SM/hierarchical_SM_20260528T013440/analysis,0.4,1006,4006
MS3482,6,27,11271,0.163045,0.183398,-0.439152,/root/autodl-tmp/over/STGNP/checkpoints/SM_keySite/SM/hierarchical_SM_20260528T015028/analysis,0.4,1007,4007
CD03,3,24,325,0.13705,0.141083,-96.532045,/root/autodl-tmp/over/STGNP/checkpoints/SM_keySite/SM/hierarchical_SM_20260528T015028/analysis,0.4,1007,4007
MS3488,7,28,16699,0.078042,0.081402,0.287957,/root/autodl-tmp/over/STGNP/checkpoints/SM_keySite/SM/hierarchical_SM_20260528T015028/analysis,0.4,1007,4007
MS3494,8,29,18558,0.061305,0.077747,0.721453,/root/autodl-tmp/over/STGNP/checkpoints/SM_keySite/SM/hierarchical_SM_20260528T015028/analysis,0.4,1007,4007
P10,12,33,18558,0.05639,0.07053,0.725085,/root/autodl-tmp/over/STGNP/checkpoints/SM_keySite/SM/hierarchical_SM_20260528T015028/analysis,0.4,1007,4007
P11,13,34,18559,0.053394,0.060327,0.76183,/root/autodl-tmp/over/STGNP/checkpoints/SM_keySite/SM/hierarchical_SM_20260528T015028/analysis,0.4,1007,4007
BC05,0,21,18459,0.045166,0.058839,0.3492,/root/autodl-tmp/over/STGNP/checkpoints/SM_keySite/SM/hierarchical_SM_20260528T015028/analysis,0.4,1007,4007
BC06,1,22,14678,0.042254,0.054297,-0.051302,/root/autodl-tmp/over/STGNP/checkpoints/SM_keySite/SM/hierarchical_SM_20260528T015028/analysis,0.4,1007,4007
CD07,4,25,18501,0.039519,0.052991,0.7846,/root/autodl-tmp/over/STGNP/checkpoints/SM_keySite/SM/hierarchical_SM_20260528T015028/analysis,0.4,1007,4007
MSNQRW,11,32,18639,0.029264,0.034528,0.821602,/root/autodl-tmp/over/STGNP/checkpoints/SM_keySite/SM/hierarchical_SM_20260528T015028/analysis,0.4,1007,4007
MS3513,9,30,18366,0.02835,0.034297,0.877746,/root/autodl-tmp/over/STGNP/checkpoints/SM_keySite/SM/hierarchical_SM_20260528T015028/analysis,0.4,1007,4007
F5,5,26,18552,0.021279,0.031749,0.915691,/root/autodl-tmp/over/STGNP/checkpoints/SM_keySite/SM/hierarchical_SM_20260528T015028/analysis,0.4,1007,4007
MS3523,10,31,18600,0.019731,0.029827,0.927457,/root/autodl-tmp/over/STGNP/checkpoints/SM_keySite/SM/hierarchical_SM_20260528T015028/analysis,0.4,1007,4007
BC07,2,23,1891,0.014543,0.017017,0.101991,/root/autodl-tmp/over/STGNP/checkpoints/SM_keySite/SM/hierarchical_SM_20260528T015028/analysis,0.4,1007,4007
MS3482,5,26,11271,0.171047,0.190965,-0.560365,/root/autodl-tmp/over/STGNP/checkpoints/SM_keySite/SM/hierarchical_SM_20260528T020622/analysis,0.4,1008,4008
CD03,2,23,325,0.112913,0.132812,-85.432264,/root/autodl-tmp/over/STGNP/checkpoints/SM_keySite/SM/hierarchical_SM_20260528T020622/analysis,0.4,1008,4008
F3,4,25,18565,0.064181,0.091779,0.641998,/root/autodl-tmp/over/STGNP/checkpoints/SM_keySite/SM/hierarchical_SM_20260528T020622/analysis,0.4,1008,4008
P2,13,34,13389,0.060892,0.063481,0.470978,/root/autodl-tmp/over/STGNP/checkpoints/SM_keySite/SM/hierarchical_SM_20260528T020622/analysis,0.4,1008,4008
BC03,0,21,18459,0.059222,0.075275,0.618229,/root/autodl-tmp/over/STGNP/checkpoints/SM_keySite/SM/hierarchical_SM_20260528T020622/analysis,0.4,1008,4008
MSBJ,9,30,18621,0.056596,0.064333,0.205924,/root/autodl-tmp/over/STGNP/checkpoints/SM_keySite/SM/hierarchical_SM_20260528T020622/analysis,0.4,1008,4008
CD07,3,24,18501,0.048157,0.054216,0.774528,/root/autodl-tmp/over/STGNP/checkpoints/SM_keySite/SM/hierarchical_SM_20260528T020622/analysis,0.4,1008,4008
P11,12,33,18559,0.044623,0.050108,0.835685,/root/autodl-tmp/over/STGNP/checkpoints/SM_keySite/SM/hierarchical_SM_20260528T020622/analysis,0.4,1008,4008
MSNQRW,10,31,18639,0.044591,0.051868,0.597433,/root/autodl-tmp/over/STGNP/checkpoints/SM_keySite/SM/hierarchical_SM_20260528T020622/analysis,0.4,1008,4008
P1,11,32,18545,0.042557,0.04731,0.421427,/root/autodl-tmp/over/STGNP/checkpoints/SM_keySite/SM/hierarchical_SM_20260528T020622/analysis,0.4,1008,4008
MS3576,7,28,14807,0.041452,0.04751,0.187587,/root/autodl-tmp/over/STGNP/checkpoints/SM_keySite/SM/hierarchical_SM_20260528T020622/analysis,0.4,1008,4008
MS3518,6,27,18601,0.039454,0.044092,0.868307,/root/autodl-tmp/over/STGNP/checkpoints/SM_keySite/SM/hierarchical_SM_20260528T020622/analysis,0.4,1008,4008
MS3603,8,29,18624,0.03292,0.040179,0.75919,/root/autodl-tmp/over/STGNP/checkpoints/SM_keySite/SM/hierarchical_SM_20260528T020622/analysis,0.4,1008,4008
BC07,1,22,1891,0.012078,0.014419,0.355286,/root/autodl-tmp/over/STGNP/checkpoints/SM_keySite/SM/hierarchical_SM_20260528T020622/analysis,0.4,1008,4008
CD03,4,25,325,0.189414,0.191465,-178.628632,/root/autodl-tmp/over/STGNP/checkpoints/SM_keySite/SM/hierarchical_SM_20260528T022130/analysis,0.4,1009,4009
MS3488,9,30,16699,0.105889,0.123934,-0.650512,/root/autodl-tmp/over/STGNP/checkpoints/SM_keySite/SM/hierarchical_SM_20260528T022130/analysis,0.4,1009,4009
BC05,1,22,18459,0.073761,0.087777,-0.448334,/root/autodl-tmp/over/STGNP/checkpoints/SM_keySite/SM/hierarchical_SM_20260528T022130/analysis,0.4,1009,4009
BC08,2,23,18465,0.070066,0.085985,-0.937987,/root/autodl-tmp/over/STGNP/checkpoints/SM_keySite/SM/hierarchical_SM_20260528T022130/analysis,0.4,1009,4009
C2,3,24,12996,0.06404,0.069467,0.579416,/root/autodl-tmp/over/STGNP/checkpoints/SM_keySite/SM/hierarchical_SM_20260528T022130/analysis,0.4,1009,4009
BC04,0,21,18063,0.061283,0.073354,0.70005,/root/autodl-tmp/over/STGNP/checkpoints/SM_keySite/SM/hierarchical_SM_20260528T022130/analysis,0.4,1009,4009
F3,6,27,18565,0.05953,0.078984,0.734855,/root/autodl-tmp/over/STGNP/checkpoints/SM_keySite/SM/hierarchical_SM_20260528T022130/analysis,0.4,1009,4009
F4,7,28,18552,0.047962,0.056526,0.725094,/root/autodl-tmp/over/STGNP/checkpoints/SM_keySite/SM/hierarchical_SM_20260528T022130/analysis,0.4,1009,4009
MS3620,12,33,18623,0.042111,0.047549,0.566969,/root/autodl-tmp/over/STGNP/checkpoints/SM_keySite/SM/hierarchical_SM_20260528T022130/analysis,0.4,1009,4009
P10,13,34,18558,0.035042,0.044267,0.891704,/root/autodl-tmp/over/STGNP/checkpoints/SM_keySite/SM/hierarchical_SM_20260528T022130/analysis,0.4,1009,4009
F5,8,29,18552,0.029108,0.03668,0.887472,/root/autodl-tmp/over/STGNP/checkpoints/SM_keySite/SM/hierarchical_SM_20260528T022130/analysis,0.4,1009,4009
CD07,5,26,18501,0.026153,0.03658,0.897354,/root/autodl-tmp/over/STGNP/checkpoints/SM_keySite/SM/hierarchical_SM_20260528T022130/analysis,0.4,1009,4009
MS3523,10,31,18600,0.021063,0.030586,0.923717,/root/autodl-tmp/over/STGNP/checkpoints/SM_keySite/SM/hierarchical_SM_20260528T022130/analysis,0.4,1009,4009
MS3603,11,32,18624,0.0208,0.031324,0.853638,/root/autodl-tmp/over/STGNP/checkpoints/SM_keySite/SM/hierarchical_SM_20260528T022130/analysis,0.4,1009,4009
MS3482,7,28,11271,0.168351,0.182551,-0.425895,/root/autodl-tmp/over/STGNP/checkpoints/SM_keySite/SM/hierarchical_SM_20260528T023748/analysis,0.4,1010,4010
BC08,2,23,18465,0.073633,0.078398,-0.611088,/root/autodl-tmp/over/STGNP/checkpoints/SM_keySite/SM/hierarchical_SM_20260528T023748/analysis,0.4,1010,4010
C2,4,25,12996,0.063576,0.067773,0.599678,/root/autodl-tmp/over/STGNP/checkpoints/SM_keySite/SM/hierarchical_SM_20260528T023748/analysis,0.4,1010,4010
MS3527,10,31,14599,0.059249,0.079947,-0.165586,/root/autodl-tmp/over/STGNP/checkpoints/SM_keySite/SM/hierarchical_SM_20260528T023748/analysis,0.4,1010,4010
P10,13,34,18558,0.053321,0.066502,0.755587,/root/autodl-tmp/over/STGNP/checkpoints/SM_keySite/SM/hierarchical_SM_20260528T023748/analysis,0.4,1010,4010
CD07,5,26,18501,0.04852,0.051933,0.793116,/root/autodl-tmp/over/STGNP/checkpoints/SM_keySite/SM/hierarchical_SM_20260528T023748/analysis,0.4,1010,4010
MS3533,11,32,18606,0.047697,0.062301,0.7689,/root/autodl-tmp/over/STGNP/checkpoints/SM_keySite/SM/hierarchical_SM_20260528T023748/analysis,0.4,1010,4010
BC05,0,21,18459,0.047632,0.061635,0.285892,/root/autodl-tmp/over/STGNP/checkpoints/SM_keySite/SM/hierarchical_SM_20260528T023748/analysis,0.4,1010,4010
F4,6,27,18552,0.040678,0.049208,0.791661,/root/autodl-tmp/over/STGNP/checkpoints/SM_keySite/SM/hierarchical_SM_20260528T023748/analysis,0.4,1010,4010
MS3518,9,30,18601,0.034408,0.036849,0.90802,/root/autodl-tmp/over/STGNP/checkpoints/SM_keySite/SM/hierarchical_SM_20260528T023748/analysis,0.4,1010,4010
MSBJ,12,33,18621,0.032428,0.037953,0.72363,/root/autodl-tmp/over/STGNP/checkpoints/SM_keySite/SM/hierarchical_SM_20260528T023748/analysis,0.4,1010,4010
C1,3,24,18551,0.03182,0.034976,0.828964,/root/autodl-tmp/over/STGNP/checkpoints/SM_keySite/SM/hierarchical_SM_20260528T023748/analysis,0.4,1010,4010
BC07,1,22,1891,0.022614,0.026679,-1.207112,/root/autodl-tmp/over/STGNP/checkpoints/SM_keySite/SM/hierarchical_SM_20260528T023748/analysis,0.4,1010,4010
MS3513,8,29,18366,0.020583,0.029901,0.907081,/root/autodl-tmp/over/STGNP/checkpoints/SM_keySite/SM/hierarchical_SM_20260528T023748/analysis,0.4,1010,4010
CD03,7,24,325,0.152123,0.153345,-114.22287,/root/autodl-tmp/over/STGNP/checkpoints/SM_keySite/SM/hierarchical_SM_20260528T025406/analysis,0.5,1000,5000
BC02,0,17,10543,0.115798,0.131796,-0.287102,/root/autodl-tmp/over/STGNP/checkpoints/SM_keySite/SM/hierarchical_SM_20260528T025406/analysis,0.5,1000,5000
MS3576,13,30,14807,0.072206,0.077912,-1.184851,/root/autodl-tmp/over/STGNP/checkpoints/SM_keySite/SM/hierarchical_SM_20260528T025406/analysis,0.5,1000,5000
F3,8,25,18565,0.066056,0.092964,0.632693,/root/autodl-tmp/over/STGNP/checkpoints/SM_keySite/SM/hierarchical_SM_20260528T025406/analysis,0.5,1000,5000
P2,17,34,13389,0.061992,0.066849,0.413365,/root/autodl-tmp/over/STGNP/checkpoints/SM_keySite/SM/hierarchical_SM_20260528T025406/analysis,0.5,1000,5000
BC08,5,22,18465,0.053419,0.062835,-0.034905,/root/autodl-tmp/over/STGNP/checkpoints/SM_keySite/SM/hierarchical_SM_20260528T025406/analysis,0.5,1000,5000
BC04,1,18,18063,0.051467,0.056458,0.822314,/root/autodl-tmp/over/STGNP/checkpoints/SM_keySite/SM/hierarchical_SM_20260528T025406/analysis,0.5,1000,5000
MS3494,9,26,18558,0.048093,0.064211,0.810005,/root/autodl-tmp/over/STGNP/checkpoints/SM_keySite/SM/hierarchical_SM_20260528T025406/analysis,0.5,1000,5000
MS3533,12,29,18606,0.047278,0.060406,0.782741,/root/autodl-tmp/over/STGNP/checkpoints/SM_keySite/SM/hierarchical_SM_20260528T025406/analysis,0.5,1000,5000
BC06,3,20,14678,0.046351,0.050656,0.084968,/root/autodl-tmp/over/STGNP/checkpoints/SM_keySite/SM/hierarchical_SM_20260528T025406/analysis,0.5,1000,5000
BC05,2,19,18459,0.046253,0.063007,0.253754,/root/autodl-tmp/over/STGNP/checkpoints/SM_keySite/SM/hierarchical_SM_20260528T025406/analysis,0.5,1000,5000
P10,16,33,18558,0.044721,0.057677,0.816155,/root/autodl-tmp/over/STGNP/checkpoints/SM_keySite/SM/hierarchical_SM_20260528T025406/analysis,0.5,1000,5000
C1,6,23,18551,0.038607,0.046873,0.692826,/root/autodl-tmp/over/STGNP/checkpoints/SM_keySite/SM/hierarchical_SM_20260528T025406/analysis,0.5,1000,5000
MS3614,14,31,18624,0.030829,0.039841,0.644622,/root/autodl-tmp/over/STGNP/checkpoints/SM_keySite/SM/hierarchical_SM_20260528T025406/analysis,0.5,1000,5000
MS3513,10,27,18366,0.029854,0.039846,0.834992,/root/autodl-tmp/over/STGNP/checkpoints/SM_keySite/SM/hierarchical_SM_20260528T025406/analysis,0.5,1000,5000
MS3620,15,32,18623,0.02977,0.033348,0.787003,/root/autodl-tmp/over/STGNP/checkpoints/SM_keySite/SM/hierarchical_SM_20260528T025406/analysis,0.5,1000,5000
MS3518,11,28,18601,0.029193,0.036221,0.911127,/root/autodl-tmp/over/STGNP/checkpoints/SM_keySite/SM/hierarchical_SM_20260528T025406/analysis,0.5,1000,5000
BC07,4,21,1891,0.022638,0.026971,-1.255699,/root/autodl-tmp/over/STGNP/checkpoints/SM_keySite/SM/hierarchical_SM_20260528T025406/analysis,0.5,1000,5000
MS3482,6,23,11271,0.140821,0.158982,-0.081467,/root/autodl-tmp/over/STGNP/checkpoints/SM_keySite/SM/hierarchical_SM_20260528T031014/analysis,0.5,1001,5001
MS3527,9,26,14599,0.093828,0.109548,-1.188471,/root/autodl-tmp/over/STGNP/checkpoints/SM_keySite/SM/hierarchical_SM_20260528T031014/analysis,0.5,1001,5001
MS3627,13,30,18625,0.073993,0.081401,-0.164095,/root/autodl-tmp/over/STGNP/checkpoints/SM_keySite/SM/hierarchical_SM_20260528T031014/analysis,0.5,1001,5001
MS3620,12,29,18623,0.069092,0.075759,-0.099293,/root/autodl-tmp/over/STGNP/checkpoints/SM_keySite/SM/hierarchical_SM_20260528T031014/analysis,0.5,1001,5001
P11,16,33,18559,0.064528,0.074097,0.640689,/root/autodl-tmp/over/STGNP/checkpoints/SM_keySite/SM/hierarchical_SM_20260528T031014/analysis,0.5,1001,5001
CD03,4,21,325,0.063347,0.065775,-20.19952,/root/autodl-tmp/over/STGNP/checkpoints/SM_keySite/SM/hierarchical_SM_20260528T031014/analysis,0.5,1001,5001
F5,5,22,18552,0.051465,0.05679,0.730256,/root/autodl-tmp/over/STGNP/checkpoints/SM_keySite/SM/hierarchical_SM_20260528T031014/analysis,0.5,1001,5001
MS3494,7,24,18558,0.049826,0.054461,0.863323,/root/autodl-tmp/over/STGNP/checkpoints/SM_keySite/SM/hierarchical_SM_20260528T031014/analysis,0.5,1001,5001
MSNQRW,14,31,18639,0.045137,0.048552,0.647257,/root/autodl-tmp/over/STGNP/checkpoints/SM_keySite/SM/hierarchical_SM_20260528T031014/analysis,0.5,1001,5001
BC05,1,18,18459,0.04402,0.0557,0.416786,/root/autodl-tmp/over/STGNP/checkpoints/SM_keySite/SM/hierarchical_SM_20260528T031014/analysis,0.5,1001,5001
MS3603,11,28,18624,0.041447,0.047342,0.665673,/root/autodl-tmp/over/STGNP/checkpoints/SM_keySite/SM/hierarchical_SM_20260528T031014/analysis,0.5,1001,5001
MS3513,8,25,18366,0.039633,0.046538,0.774905,/root/autodl-tmp/over/STGNP/checkpoints/SM_keySite/SM/hierarchical_SM_20260528T031014/analysis,0.5,1001,5001
P1,15,32,18545,0.039066,0.051329,0.318954,/root/autodl-tmp/over/STGNP/checkpoints/SM_keySite/SM/hierarchical_SM_20260528T031014/analysis,0.5,1001,5001
BC03,0,17,18459,0.034991,0.045181,0.862462,/root/autodl-tmp/over/STGNP/checkpoints/SM_keySite/SM/hierarchical_SM_20260528T031014/analysis,0.5,1001,5001
MS3576,10,27,14807,0.031707,0.036852,0.51119,/root/autodl-tmp/over/STGNP/checkpoints/SM_keySite/SM/hierarchical_SM_20260528T031014/analysis,0.5,1001,5001
CD01,3,20,18497,0.03013,0.043389,0.891127,/root/autodl-tmp/over/STGNP/checkpoints/SM_keySite/SM/hierarchical_SM_20260528T031014/analysis,0.5,1001,5001
BC07,2,19,1891,0.025964,0.033593,-2.499434,/root/autodl-tmp/over/STGNP/checkpoints/SM_keySite/SM/hierarchical_SM_20260528T031014/analysis,0.5,1001,5001
P2,17,34,13389,0.01821,0.02156,0.938978,/root/autodl-tmp/over/STGNP/checkpoints/SM_keySite/SM/hierarchical_SM_20260528T031014/analysis,0.5,1001,5001
MS3488,5,22,16699,0.102746,0.122856,-0.621903,/root/autodl-tmp/over/STGNP/checkpoints/SM_keySite/SM/hierarchical_SM_20260528T032620/analysis,0.5,1002,5002
P1,14,31,18545,0.076245,0.087949,-0.999418,/root/autodl-tmp/over/STGNP/checkpoints/SM_keySite/SM/hierarchical_SM_20260528T032620/analysis,0.5,1002,5002
MS3576,10,27,14807,0.07356,0.078457,-1.215497,/root/autodl-tmp/over/STGNP/checkpoints/SM_keySite/SM/hierarchical_SM_20260528T032620/analysis,0.5,1002,5002
P11,16,33,18559,0.073401,0.080289,0.578131,/root/autodl-tmp/over/STGNP/checkpoints/SM_keySite/SM/hierarchical_SM_20260528T032620/analysis,0.5,1002,5002
MS3527,9,26,14599,0.058751,0.083788,-0.280251,/root/autodl-tmp/over/STGNP/checkpoints/SM_keySite/SM/hierarchical_SM_20260528T032620/analysis,0.5,1002,5002
C2,2,19,12996,0.056924,0.065242,0.629024,/root/autodl-tmp/over/STGNP/checkpoints/SM_keySite/SM/hierarchical_SM_20260528T032620/analysis,0.5,1002,5002
MS3501,7,24,1852,0.055959,0.059204,-16.49828,/root/autodl-tmp/over/STGNP/checkpoints/SM_keySite/SM/hierarchical_SM_20260528T032620/analysis,0.5,1002,5002
F3,3,20,18565,0.054451,0.07517,0.759848,/root/autodl-tmp/over/STGNP/checkpoints/SM_keySite/SM/hierarchical_SM_20260528T032620/analysis,0.5,1002,5002
BC08,0,17,18465,0.05234,0.059316,0.077746,/root/autodl-tmp/over/STGNP/checkpoints/SM_keySite/SM/hierarchical_SM_20260528T032620/analysis,0.5,1002,5002
MS3620,12,29,18623,0.051309,0.058617,0.341902,/root/autodl-tmp/over/STGNP/checkpoints/SM_keySite/SM/hierarchical_SM_20260528T032620/analysis,0.5,1002,5002
MS3614,11,28,18624,0.0427,0.050011,0.440023,/root/autodl-tmp/over/STGNP/checkpoints/SM_keySite/SM/hierarchical_SM_20260528T032620/analysis,0.5,1002,5002
P2,17,34,13389,0.038113,0.043221,0.754775,/root/autodl-tmp/over/STGNP/checkpoints/SM_keySite/SM/hierarchical_SM_20260528T032620/analysis,0.5,1002,5002
C1,1,18,18551,0.029744,0.035122,0.827539,/root/autodl-tmp/over/STGNP/checkpoints/SM_keySite/SM/hierarchical_SM_20260528T032620/analysis,0.5,1002,5002
F5,4,21,18552,0.025814,0.033763,0.904659,/root/autodl-tmp/over/STGNP/checkpoints/SM_keySite/SM/hierarchical_SM_20260528T032620/analysis,0.5,1002,5002
P10,15,32,18558,0.024111,0.033873,0.936589,/root/autodl-tmp/over/STGNP/checkpoints/SM_keySite/SM/hierarchical_SM_20260528T032620/analysis,0.5,1002,5002
MS3494,6,23,18558,0.023335,0.032429,0.951539,/root/autodl-tmp/over/STGNP/checkpoints/SM_keySite/SM/hierarchical_SM_20260528T032620/analysis,0.5,1002,5002
MS3513,8,25,18366,0.019224,0.028709,0.914341,/root/autodl-tmp/over/STGNP/checkpoints/SM_keySite/SM/hierarchical_SM_20260528T032620/analysis,0.5,1002,5002
MSNQRW,13,30,18639,0.015474,0.022197,0.926273,/root/autodl-tmp/over/STGNP/checkpoints/SM_keySite/SM/hierarchical_SM_20260528T032620/analysis,0.5,1002,5002
BC02,0,17,10543,0.09914,0.121791,-0.099094,/root/autodl-tmp/over/STGNP/checkpoints/SM_keySite/SM/hierarchical_SM_20260528T034132/analysis,0.5,1003,5003
MS3527,9,26,14599,0.079878,0.098466,-0.768115,/root/autodl-tmp/over/STGNP/checkpoints/SM_keySite/SM/hierarchical_SM_20260528T034132/analysis,0.5,1003,5003
MS3620,13,30,18623,0.067474,0.079538,-0.211704,/root/autodl-tmp/over/STGNP/checkpoints/SM_keySite/SM/hierarchical_SM_20260528T034132/analysis,0.5,1003,5003
MS3501,6,23,1852,0.067224,0.070589,-23.87491,/root/autodl-tmp/over/STGNP/checkpoints/SM_keySite/SM/hierarchical_SM_20260528T034132/analysis,0.5,1003,5003
MS3576,11,28,14807,0.061352,0.065979,-0.566849,/root/autodl-tmp/over/STGNP/checkpoints/SM_keySite/SM/hierarchical_SM_20260528T034132/analysis,0.5,1003,5003
MS3614,12,29,18624,0.054631,0.069956,-0.095674,/root/autodl-tmp/over/STGNP/checkpoints/SM_keySite/SM/hierarchical_SM_20260528T034132/analysis,0.5,1003,5003
P11,17,34,18559,0.053265,0.060908,0.757216,/root/autodl-tmp/over/STGNP/checkpoints/SM_keySite/SM/hierarchical_SM_20260528T034132/analysis,0.5,1003,5003
CD07,5,22,18501,0.051592,0.059526,0.728192,/root/autodl-tmp/over/STGNP/checkpoints/SM_keySite/SM/hierarchical_SM_20260528T034132/analysis,0.5,1003,5003
BC05,1,18,18459,0.040684,0.052082,0.490103,/root/autodl-tmp/over/STGNP/checkpoints/SM_keySite/SM/hierarchical_SM_20260528T034132/analysis,0.5,1003,5003
MS3533,10,27,18606,0.039888,0.046715,0.870063,/root/autodl-tmp/over/STGNP/checkpoints/SM_keySite/SM/hierarchical_SM_20260528T034132/analysis,0.5,1003,5003
MS3523,8,25,18600,0.038831,0.048027,0.811923,/root/autodl-tmp/over/STGNP/checkpoints/SM_keySite/SM/hierarchical_SM_20260528T034132/analysis,0.5,1003,5003
BC06,2,19,14678,0.038237,0.044507,0.293619,/root/autodl-tmp/over/STGNP/checkpoints/SM_keySite/SM/hierarchical_SM_20260528T034132/analysis,0.5,1003,5003
P1,16,33,18545,0.034105,0.040794,0.569834,/root/autodl-tmp/over/STGNP/checkpoints/SM_keySite/SM/hierarchical_SM_20260528T034132/analysis,0.5,1003,5003
MSBJ,14,31,18621,0.030076,0.03618,0.748856,/root/autodl-tmp/over/STGNP/checkpoints/SM_keySite/SM/hierarchical_SM_20260528T034132/analysis,0.5,1003,5003
MS3513,7,24,18366,0.029094,0.040155,0.832417,/root/autodl-tmp/over/STGNP/checkpoints/SM_keySite/SM/hierarchical_SM_20260528T034132/analysis,0.5,1003,5003
MSNQRW,15,32,18639,0.025123,0.031273,0.853652,/root/autodl-tmp/over/STGNP/checkpoints/SM_keySite/SM/hierarchical_SM_20260528T034132/analysis,0.5,1003,5003
BC07,3,20,1891,0.024663,0.032997,-2.376392,/root/autodl-tmp/over/STGNP/checkpoints/SM_keySite/SM/hierarchical_SM_20260528T034132/analysis,0.5,1003,5003
C1,4,21,18551,0.017263,0.023153,0.925056,/root/autodl-tmp/over/STGNP/checkpoints/SM_keySite/SM/hierarchical_SM_20260528T034132/analysis,0.5,1003,5003
BC02,0,17,10543,0.149605,0.157906,-0.847597,/root/autodl-tmp/over/STGNP/checkpoints/SM_keySite/SM/hierarchical_SM_20260528T035715/analysis,0.5,1004,5004
MS3482,6,23,11271,0.148012,0.160681,-0.104708,/root/autodl-tmp/over/STGNP/checkpoints/SM_keySite/SM/hierarchical_SM_20260528T035715/analysis,0.5,1004,5004
CD03,2,19,325,0.136087,0.137078,-91.073605,/root/autodl-tmp/over/STGNP/checkpoints/SM_keySite/SM/hierarchical_SM_20260528T035715/analysis,0.5,1004,5004
BC08,1,18,18465,0.072204,0.086079,-0.942203,/root/autodl-tmp/over/STGNP/checkpoints/SM_keySite/SM/hierarchical_SM_20260528T035715/analysis,0.5,1004,5004
MS3527,10,27,14599,0.067409,0.096581,-0.701057,/root/autodl-tmp/over/STGNP/checkpoints/SM_keySite/SM/hierarchical_SM_20260528T035715/analysis,0.5,1004,5004
MS3576,11,28,14807,0.062415,0.072934,-0.914584,/root/autodl-tmp/over/STGNP/checkpoints/SM_keySite/SM/hierarchical_SM_20260528T035715/analysis,0.5,1004,5004
P11,17,34,18559,0.048777,0.057391,0.784443,/root/autodl-tmp/over/STGNP/checkpoints/SM_keySite/SM/hierarchical_SM_20260528T035715/analysis,0.5,1004,5004
F3,3,20,18565,0.047326,0.068957,0.797907,/root/autodl-tmp/over/STGNP/checkpoints/SM_keySite/SM/hierarchical_SM_20260528T035715/analysis,0.5,1004,5004
MS3614,12,29,18624,0.04202,0.055394,0.312987,/root/autodl-tmp/over/STGNP/checkpoints/SM_keySite/SM/hierarchical_SM_20260528T035715/analysis,0.5,1004,5004
F4,4,21,18552,0.034721,0.042516,0.844474,/root/autodl-tmp/over/STGNP/checkpoints/SM_keySite/SM/hierarchical_SM_20260528T035715/analysis,0.5,1004,5004
P10,16,33,18558,0.034284,0.047067,0.877569,/root/autodl-tmp/over/STGNP/checkpoints/SM_keySite/SM/hierarchical_SM_20260528T035715/analysis,0.5,1004,5004
MSBJ,14,31,18621,0.032812,0.048063,0.556777,/root/autodl-tmp/over/STGNP/checkpoints/SM_keySite/SM/hierarchical_SM_20260528T035715/analysis,0.5,1004,5004
F5,5,22,18552,0.031866,0.04195,0.852812,/root/autodl-tmp/over/STGNP/checkpoints/SM_keySite/SM/hierarchical_SM_20260528T035715/analysis,0.5,1004,5004
MS3501,7,24,1852,0.031147,0.036793,-5.758121,/root/autodl-tmp/over/STGNP/checkpoints/SM_keySite/SM/hierarchical_SM_20260528T035715/analysis,0.5,1004,5004
MS3627,13,30,18625,0.030331,0.035652,0.776692,/root/autodl-tmp/over/STGNP/checkpoints/SM_keySite/SM/hierarchical_SM_20260528T035715/analysis,0.5,1004,5004
MS3513,8,25,18366,0.029904,0.040877,0.826338,/root/autodl-tmp/over/STGNP/checkpoints/SM_keySite/SM/hierarchical_SM_20260528T035715/analysis,0.5,1004,5004
MSNQRW,15,32,18639,0.026005,0.035421,0.812263,/root/autodl-tmp/over/STGNP/checkpoints/SM_keySite/SM/hierarchical_SM_20260528T035715/analysis,0.5,1004,5004
MS3518,9,26,18601,0.025869,0.033887,0.922213,/root/autodl-tmp/over/STGNP/checkpoints/SM_keySite/SM/hierarchical_SM_20260528T035715/analysis,0.5,1004,5004
BC02,0,17,10543,0.117986,0.137286,-0.396562,/root/autodl-tmp/over/STGNP/checkpoints/SM_keySite/SM/hierarchical_SM_20260528T041328/analysis,0.5,1005,5005
CD03,5,22,325,0.092619,0.09404,-42.333591,/root/autodl-tmp/over/STGNP/checkpoints/SM_keySite/SM/hierarchical_SM_20260528T041328/analysis,0.5,1005,5005
MS3576,12,29,14807,0.089052,0.09145,-2.010096,/root/autodl-tmp/over/STGNP/checkpoints/SM_keySite/SM/hierarchical_SM_20260528T041328/analysis,0.5,1005,5005
F3,7,24,18565,0.076265,0.106679,0.516324,/root/autodl-tmp/over/STGNP/checkpoints/SM_keySite/SM/hierarchical_SM_20260528T041328/analysis,0.5,1005,5005
P2,17,34,13389,0.068454,0.071713,0.324883,/root/autodl-tmp/over/STGNP/checkpoints/SM_keySite/SM/hierarchical_SM_20260528T041328/analysis,0.5,1005,5005
P10,16,33,18558,0.063737,0.080721,0.639898,/root/autodl-tmp/over/STGNP/checkpoints/SM_keySite/SM/hierarchical_SM_20260528T041328/analysis,0.5,1005,5005
F4,8,25,18552,0.056567,0.06726,0.610769,/root/autodl-tmp/over/STGNP/checkpoints/SM_keySite/SM/hierarchical_SM_20260528T041328/analysis,0.5,1005,5005
MS3533,11,28,18606,0.056404,0.074497,0.669561,/root/autodl-tmp/over/STGNP/checkpoints/SM_keySite/SM/hierarchical_SM_20260528T041328/analysis,0.5,1005,5005
BC04,1,18,18063,0.054031,0.065092,0.763813,/root/autodl-tmp/over/STGNP/checkpoints/SM_keySite/SM/hierarchical_SM_20260528T041328/analysis,0.5,1005,5005
BC07,4,21,1891,0.050167,0.052289,-7.478384,/root/autodl-tmp/over/STGNP/checkpoints/SM_keySite/SM/hierarchical_SM_20260528T041328/analysis,0.5,1005,5005
CD07,6,23,18501,0.048539,0.067516,0.65033,/root/autodl-tmp/over/STGNP/checkpoints/SM_keySite/SM/hierarchical_SM_20260528T041328/analysis,0.5,1005,5005
BC06,3,20,14678,0.048411,0.052337,0.023245,/root/autodl-tmp/over/STGNP/checkpoints/SM_keySite/SM/hierarchical_SM_20260528T041328/analysis,0.5,1005,5005
MS3527,10,27,14599,0.047978,0.071376,0.070952,/root/autodl-tmp/over/STGNP/checkpoints/SM_keySite/SM/hierarchical_SM_20260528T041328/analysis,0.5,1005,5005
MS3620,14,31,18623,0.037575,0.041719,0.666641,/root/autodl-tmp/over/STGNP/checkpoints/SM_keySite/SM/hierarchical_SM_20260528T041328/analysis,0.5,1005,5005
MS3627,15,32,18625,0.034181,0.037587,0.7518,/root/autodl-tmp/over/STGNP/checkpoints/SM_keySite/SM/hierarchical_SM_20260528T041328/analysis,0.5,1005,5005
MS3614,13,30,18624,0.033617,0.039661,0.647814,/root/autodl-tmp/over/STGNP/checkpoints/SM_keySite/SM/hierarchical_SM_20260528T041328/analysis,0.5,1005,5005
MS3513,9,26,18366,0.03044,0.040569,0.828944,/root/autodl-tmp/over/STGNP/checkpoints/SM_keySite/SM/hierarchical_SM_20260528T041328/analysis,0.5,1005,5005
BC05,2,19,18459,0.016498,0.023932,0.89234,/root/autodl-tmp/over/STGNP/checkpoints/SM_keySite/SM/hierarchical_SM_20260528T041328/analysis,0.5,1005,5005
MS3627,14,31,18625,0.096098,0.10607,-0.97659,/root/autodl-tmp/over/STGNP/checkpoints/SM_keySite/SM/hierarchical_SM_20260528T042902/analysis,0.5,1006,5006
MS3620,13,30,18623,0.093991,0.101565,-0.975755,/root/autodl-tmp/over/STGNP/checkpoints/SM_keySite/SM/hierarchical_SM_20260528T042902/analysis,0.5,1006,5006
CD01,7,24,18497,0.092542,0.100532,0.415527,/root/autodl-tmp/over/STGNP/checkpoints/SM_keySite/SM/hierarchical_SM_20260528T042902/analysis,0.5,1006,5006
MS3488,9,26,16699,0.091277,0.10322,-0.144887,/root/autodl-tmp/over/STGNP/checkpoints/SM_keySite/SM/hierarchical_SM_20260528T042902/analysis,0.5,1006,5006
BC08,4,21,18465,0.086607,0.097716,-1.502853,/root/autodl-tmp/over/STGNP/checkpoints/SM_keySite/SM/hierarchical_SM_20260528T042902/analysis,0.5,1006,5006
BC04,1,18,18063,0.068786,0.081103,0.633327,/root/autodl-tmp/over/STGNP/checkpoints/SM_keySite/SM/hierarchical_SM_20260528T042902/analysis,0.5,1006,5006
P1,16,33,18545,0.064983,0.070725,-0.292963,/root/autodl-tmp/over/STGNP/checkpoints/SM_keySite/SM/hierarchical_SM_20260528T042902/analysis,0.5,1006,5006
BC02,0,17,10543,0.054698,0.07411,0.593027,/root/autodl-tmp/over/STGNP/checkpoints/SM_keySite/SM/hierarchical_SM_20260528T042902/analysis,0.5,1006,5006
C2,6,23,12996,0.052347,0.055479,0.731745,/root/autodl-tmp/over/STGNP/checkpoints/SM_keySite/SM/hierarchical_SM_20260528T042902/analysis,0.5,1006,5006
MS3501,10,27,1852,0.047651,0.051215,-12.094253,/root/autodl-tmp/over/STGNP/checkpoints/SM_keySite/SM/hierarchical_SM_20260528T042902/analysis,0.5,1006,5006
P2,17,34,13389,0.045214,0.051802,0.647726,/root/autodl-tmp/over/STGNP/checkpoints/SM_keySite/SM/hierarchical_SM_20260528T042902/analysis,0.5,1006,5006
MS3533,12,29,18606,0.03772,0.049004,0.857018,/root/autodl-tmp/over/STGNP/checkpoints/SM_keySite/SM/hierarchical_SM_20260528T042902/analysis,0.5,1006,5006
F4,8,25,18552,0.035913,0.046387,0.814864,/root/autodl-tmp/over/STGNP/checkpoints/SM_keySite/SM/hierarchical_SM_20260528T042902/analysis,0.5,1006,5006
BC06,2,19,14678,0.034673,0.040568,0.413133,/root/autodl-tmp/over/STGNP/checkpoints/SM_keySite/SM/hierarchical_SM_20260528T042902/analysis,0.5,1006,5006
C1,5,22,18551,0.032456,0.039065,0.786639,/root/autodl-tmp/over/STGNP/checkpoints/SM_keySite/SM/hierarchical_SM_20260528T042902/analysis,0.5,1006,5006
BC07,3,20,1891,0.031521,0.039512,-3.841173,/root/autodl-tmp/over/STGNP/checkpoints/SM_keySite/SM/hierarchical_SM_20260528T042902/analysis,0.5,1006,5006
MS3518,11,28,18601,0.026886,0.031938,0.930904,/root/autodl-tmp/over/STGNP/checkpoints/SM_keySite/SM/hierarchical_SM_20260528T042902/analysis,0.5,1006,5006
MSNQRW,15,32,18639,0.024023,0.033241,0.834652,/root/autodl-tmp/over/STGNP/checkpoints/SM_keySite/SM/hierarchical_SM_20260528T042902/analysis,0.5,1006,5006
MS3488,6,23,16699,0.141723,0.152588,-1.501931,/root/autodl-tmp/over/STGNP/checkpoints/SM_keySite/SM/hierarchical_SM_20260528T044445/analysis,0.5,1007,5007
CD01,4,21,18497,0.111336,0.128156,0.050194,/root/autodl-tmp/over/STGNP/checkpoints/SM_keySite/SM/hierarchical_SM_20260528T044445/analysis,0.5,1007,5007
P11,16,33,18559,0.084497,0.094893,0.410703,/root/autodl-tmp/over/STGNP/checkpoints/SM_keySite/SM/hierarchical_SM_20260528T044445/analysis,0.5,1007,5007
BC04,0,17,18063,0.07966,0.089596,0.552517,/root/autodl-tmp/over/STGNP/checkpoints/SM_keySite/SM/hierarchical_SM_20260528T044445/analysis,0.5,1007,5007
MS3620,12,29,18623,0.060968,0.068886,0.091122,/root/autodl-tmp/over/STGNP/checkpoints/SM_keySite/SM/hierarchical_SM_20260528T044445/analysis,0.5,1007,5007
P1,14,31,18545,0.060652,0.082019,-0.73891,/root/autodl-tmp/over/STGNP/checkpoints/SM_keySite/SM/hierarchical_SM_20260528T044445/analysis,0.5,1007,5007
MS3627,13,30,18625,0.058251,0.067167,0.207433,/root/autodl-tmp/over/STGNP/checkpoints/SM_keySite/SM/hierarchical_SM_20260528T044445/analysis,0.5,1007,5007
MS3614,11,28,18624,0.05041,0.057251,0.266151,/root/autodl-tmp/over/STGNP/checkpoints/SM_keySite/SM/hierarchical_SM_20260528T044445/analysis,0.5,1007,5007
MS3501,8,25,1852,0.049797,0.056039,-14.677195,/root/autodl-tmp/over/STGNP/checkpoints/SM_keySite/SM/hierarchical_SM_20260528T044445/analysis,0.5,1007,5007
MS3518,9,26,18601,0.047003,0.053164,0.808543,/root/autodl-tmp/over/STGNP/checkpoints/SM_keySite/SM/hierarchical_SM_20260528T044445/analysis,0.5,1007,5007
MS3494,7,24,18558,0.039012,0.045529,0.904478,/root/autodl-tmp/over/STGNP/checkpoints/SM_keySite/SM/hierarchical_SM_20260528T044445/analysis,0.5,1007,5007
P10,15,32,18558,0.03765,0.044946,0.888357,/root/autodl-tmp/over/STGNP/checkpoints/SM_keySite/SM/hierarchical_SM_20260528T044445/analysis,0.5,1007,5007
MS3533,10,27,18606,0.032181,0.038884,0.909976,/root/autodl-tmp/over/STGNP/checkpoints/SM_keySite/SM/hierarchical_SM_20260528T044445/analysis,0.5,1007,5007
C1,3,20,18551,0.032082,0.041225,0.762393,/root/autodl-tmp/over/STGNP/checkpoints/SM_keySite/SM/hierarchical_SM_20260528T044445/analysis,0.5,1007,5007
P2,17,34,13389,0.027181,0.032251,0.863459,/root/autodl-tmp/over/STGNP/checkpoints/SM_keySite/SM/hierarchical_SM_20260528T044445/analysis,0.5,1007,5007
F4,5,22,18552,0.023976,0.036695,0.884145,/root/autodl-tmp/over/STGNP/checkpoints/SM_keySite/SM/hierarchical_SM_20260528T044445/analysis,0.5,1007,5007
BC07,2,19,1891,0.022802,0.029726,-1.740157,/root/autodl-tmp/over/STGNP/checkpoints/SM_keySite/SM/hierarchical_SM_20260528T044445/analysis,0.5,1007,5007
BC06,1,18,14678,0.01964,0.024033,0.794032,/root/autodl-tmp/over/STGNP/checkpoints/SM_keySite/SM/hierarchical_SM_20260528T044445/analysis,0.5,1007,5007
MS3482,11,28,11271,0.176766,0.196198,-0.647054,/root/autodl-tmp/over/STGNP/checkpoints/SM_keySite/SM/hierarchical_SM_20260528T050051/analysis,0.5,1008,5008
CD01,8,25,18497,0.112426,0.130956,0.00823,/root/autodl-tmp/over/STGNP/checkpoints/SM_keySite/SM/hierarchical_SM_20260528T050051/analysis,0.5,1008,5008
BC04,1,18,18063,0.085347,0.097474,0.47036,/root/autodl-tmp/over/STGNP/checkpoints/SM_keySite/SM/hierarchical_SM_20260528T050051/analysis,0.5,1008,5008
BC02,0,17,10543,0.084972,0.105096,0.181572,/root/autodl-tmp/over/STGNP/checkpoints/SM_keySite/SM/hierarchical_SM_20260528T050051/analysis,0.5,1008,5008
BC08,5,22,18465,0.084307,0.08891,-1.072091,/root/autodl-tmp/over/STGNP/checkpoints/SM_keySite/SM/hierarchical_SM_20260528T050051/analysis,0.5,1008,5008
BC05,2,19,18459,0.076231,0.083068,-0.297109,/root/autodl-tmp/over/STGNP/checkpoints/SM_keySite/SM/hierarchical_SM_20260528T050051/analysis,0.5,1008,5008
MS3494,12,29,18558,0.072372,0.088056,0.642694,/root/autodl-tmp/over/STGNP/checkpoints/SM_keySite/SM/hierarchical_SM_20260528T050051/analysis,0.5,1008,5008
C2,7,24,12996,0.066684,0.075971,0.496967,/root/autodl-tmp/over/STGNP/checkpoints/SM_keySite/SM/hierarchical_SM_20260528T050051/analysis,0.5,1008,5008
MS3527,13,30,14599,0.062355,0.079155,-0.1426,/root/autodl-tmp/over/STGNP/checkpoints/SM_keySite/SM/hierarchical_SM_20260528T050051/analysis,0.5,1008,5008
MS3620,15,32,18623,0.048376,0.053988,0.441747,/root/autodl-tmp/over/STGNP/checkpoints/SM_keySite/SM/hierarchical_SM_20260528T050051/analysis,0.5,1008,5008
CD07,9,26,18501,0.0473,0.050334,0.805658,/root/autodl-tmp/over/STGNP/checkpoints/SM_keySite/SM/hierarchical_SM_20260528T050051/analysis,0.5,1008,5008
F4,10,27,18552,0.040457,0.055331,0.736596,/root/autodl-tmp/over/STGNP/checkpoints/SM_keySite/SM/hierarchical_SM_20260528T050051/analysis,0.5,1008,5008
C1,6,23,18551,0.033626,0.036955,0.809068,/root/autodl-tmp/over/STGNP/checkpoints/SM_keySite/SM/hierarchical_SM_20260528T050051/analysis,0.5,1008,5008
MS3627,16,33,18625,0.032525,0.042973,0.675572,/root/autodl-tmp/over/STGNP/checkpoints/SM_keySite/SM/hierarchical_SM_20260528T050051/analysis,0.5,1008,5008
MS3603,14,31,18624,0.030047,0.035265,0.81449,/root/autodl-tmp/over/STGNP/checkpoints/SM_keySite/SM/hierarchical_SM_20260528T050051/analysis,0.5,1008,5008
MSNQRW,17,34,18639,0.027881,0.032055,0.846242,/root/autodl-tmp/over/STGNP/checkpoints/SM_keySite/SM/hierarchical_SM_20260528T050051/analysis,0.5,1008,5008
BC06,3,20,14678,0.020689,0.031942,0.63616,/root/autodl-tmp/over/STGNP/checkpoints/SM_keySite/SM/hierarchical_SM_20260528T050051/analysis,0.5,1008,5008
BC07,4,21,1891,0.019132,0.025539,-1.02248,/root/autodl-tmp/over/STGNP/checkpoints/SM_keySite/SM/hierarchical_SM_20260528T050051/analysis,0.5,1008,5008
BC02,0,17,10543,0.193228,0.203863,-2.079537,/root/autodl-tmp/over/STGNP/checkpoints/SM_keySite/SM/hierarchical_SM_20260528T051706/analysis,0.5,1009,5009
MS3482,7,24,11271,0.131597,0.152536,0.004453,/root/autodl-tmp/over/STGNP/checkpoints/SM_keySite/SM/hierarchical_SM_20260528T051706/analysis,0.5,1009,5009
BC08,3,20,18465,0.112608,0.118785,-2.698507,/root/autodl-tmp/over/STGNP/checkpoints/SM_keySite/SM/hierarchical_SM_20260528T051706/analysis,0.5,1009,5009
MS3488,8,25,16699,0.106998,0.110567,-0.313675,/root/autodl-tmp/over/STGNP/checkpoints/SM_keySite/SM/hierarchical_SM_20260528T051706/analysis,0.5,1009,5009
CD01,4,21,18497,0.085402,0.104108,0.373199,/root/autodl-tmp/over/STGNP/checkpoints/SM_keySite/SM/hierarchical_SM_20260528T051706/analysis,0.5,1009,5009
P11,16,33,18559,0.072057,0.082187,0.557952,/root/autodl-tmp/over/STGNP/checkpoints/SM_keySite/SM/hierarchical_SM_20260528T051706/analysis,0.5,1009,5009
BC03,1,18,18459,0.068668,0.089428,0.461168,/root/autodl-tmp/over/STGNP/checkpoints/SM_keySite/SM/hierarchical_SM_20260528T051706/analysis,0.5,1009,5009
MS3614,12,29,18624,0.06796,0.077494,-0.344538,/root/autodl-tmp/over/STGNP/checkpoints/SM_keySite/SM/hierarchical_SM_20260528T051706/analysis,0.5,1009,5009
MS3620,13,30,18623,0.062312,0.067034,0.139341,/root/autodl-tmp/over/STGNP/checkpoints/SM_keySite/SM/hierarchical_SM_20260528T051706/analysis,0.5,1009,5009
F5,6,23,18552,0.058013,0.065826,0.637582,/root/autodl-tmp/over/STGNP/checkpoints/SM_keySite/SM/hierarchical_SM_20260528T051706/analysis,0.5,1009,5009
CD07,5,22,18501,0.048951,0.059041,0.732602,/root/autodl-tmp/over/STGNP/checkpoints/SM_keySite/SM/hierarchical_SM_20260528T051706/analysis,0.5,1009,5009
MS3513,11,28,18366,0.046894,0.057047,0.661775,/root/autodl-tmp/over/STGNP/checkpoints/SM_keySite/SM/hierarchical_SM_20260528T051706/analysis,0.5,1009,5009
MS3501,10,27,1852,0.045257,0.050372,-11.667003,/root/autodl-tmp/over/STGNP/checkpoints/SM_keySite/SM/hierarchical_SM_20260528T051706/analysis,0.5,1009,5009
MS3494,9,26,18558,0.044905,0.050643,0.881815,/root/autodl-tmp/over/STGNP/checkpoints/SM_keySite/SM/hierarchical_SM_20260528T051706/analysis,0.5,1009,5009
MS3627,14,31,18625,0.044618,0.049414,0.571029,/root/autodl-tmp/over/STGNP/checkpoints/SM_keySite/SM/hierarchical_SM_20260528T051706/analysis,0.5,1009,5009
P10,15,32,18558,0.036495,0.043253,0.896611,/root/autodl-tmp/over/STGNP/checkpoints/SM_keySite/SM/hierarchical_SM_20260528T051706/analysis,0.5,1009,5009
BC06,2,19,14678,0.024653,0.030534,0.667537,/root/autodl-tmp/over/STGNP/checkpoints/SM_keySite/SM/hierarchical_SM_20260528T051706/analysis,0.5,1009,5009
P2,17,34,13389,0.01799,0.02288,0.931279,/root/autodl-tmp/over/STGNP/checkpoints/SM_keySite/SM/hierarchical_SM_20260528T051706/analysis,0.5,1009,5009
MS3482,9,26,11271,0.114562,0.13502,0.219967,/root/autodl-tmp/over/STGNP/checkpoints/SM_keySite/SM/hierarchical_SM_20260528T053154/analysis,0.5,1010,5010
BC03,0,17,18459,0.111619,0.126082,-0.071055,/root/autodl-tmp/over/STGNP/checkpoints/SM_keySite/SM/hierarchical_SM_20260528T053154/analysis,0.5,1010,5010
MS3488,10,27,16699,0.109413,0.114744,-0.41479,/root/autodl-tmp/over/STGNP/checkpoints/SM_keySite/SM/hierarchical_SM_20260528T053154/analysis,0.5,1010,5010
CD01,6,23,18497,0.093852,0.108827,0.31509,/root/autodl-tmp/over/STGNP/checkpoints/SM_keySite/SM/hierarchical_SM_20260528T053154/analysis,0.5,1010,5010
BC08,4,21,18465,0.09055,0.100806,-1.663671,/root/autodl-tmp/over/STGNP/checkpoints/SM_keySite/SM/hierarchical_SM_20260528T053154/analysis,0.5,1010,5010
BC07,3,20,1891,0.074333,0.077329,-17.542626,/root/autodl-tmp/over/STGNP/checkpoints/SM_keySite/SM/hierarchical_SM_20260528T053154/analysis,0.5,1010,5010
F3,8,25,18565,0.053174,0.068376,0.801295,/root/autodl-tmp/over/STGNP/checkpoints/SM_keySite/SM/hierarchical_SM_20260528T053154/analysis,0.5,1010,5010
BC05,1,18,18459,0.049733,0.057753,0.373021,/root/autodl-tmp/over/STGNP/checkpoints/SM_keySite/SM/hierarchical_SM_20260528T053154/analysis,0.5,1010,5010
P1,17,34,18545,0.048323,0.063518,-0.042907,/root/autodl-tmp/over/STGNP/checkpoints/SM_keySite/SM/hierarchical_SM_20260528T053154/analysis,0.5,1010,5010
MS3576,14,31,14807,0.04644,0.053463,-0.028772,/root/autodl-tmp/over/STGNP/checkpoints/SM_keySite/SM/hierarchical_SM_20260528T053154/analysis,0.5,1010,5010
MS3523,13,30,18600,0.046055,0.050186,0.794633,/root/autodl-tmp/over/STGNP/checkpoints/SM_keySite/SM/hierarchical_SM_20260528T053154/analysis,0.5,1010,5010
MS3494,11,28,18558,0.045004,0.050973,0.880269,/root/autodl-tmp/over/STGNP/checkpoints/SM_keySite/SM/hierarchical_SM_20260528T053154/analysis,0.5,1010,5010
BC06,2,19,14678,0.041247,0.048868,0.148426,/root/autodl-tmp/over/STGNP/checkpoints/SM_keySite/SM/hierarchical_SM_20260528T053154/analysis,0.5,1010,5010
MSNQRW,16,33,18639,0.037007,0.045944,0.684138,/root/autodl-tmp/over/STGNP/checkpoints/SM_keySite/SM/hierarchical_SM_20260528T053154/analysis,0.5,1010,5010
MS3620,15,32,18623,0.035571,0.040748,0.681984,/root/autodl-tmp/over/STGNP/checkpoints/SM_keySite/SM/hierarchical_SM_20260528T053154/analysis,0.5,1010,5010
MS3513,12,29,18366,0.034979,0.044376,0.795333,/root/autodl-tmp/over/STGNP/checkpoints/SM_keySite/SM/hierarchical_SM_20260528T053154/analysis,0.5,1010,5010
CD07,7,24,18501,0.032449,0.038748,0.884831,/root/autodl-tmp/over/STGNP/checkpoints/SM_keySite/SM/hierarchical_SM_20260528T053154/analysis,0.5,1010,5010
C2,5,22,12996,0.02906,0.037063,0.880278,/root/autodl-tmp/over/STGNP/checkpoints/SM_keySite/SM/hierarchical_SM_20260528T053154/analysis,0.5,1010,5010
MS3482,9,23,11271,0.122319,0.137728,0.188363,/root/autodl-tmp/over/STGNP/checkpoints/SM_keySite/SM/hierarchical_SM_20260528T054806/analysis,0.6,1000,6000
MS3488,10,24,16699,0.104349,0.113188,-0.376687,/root/autodl-tmp/over/STGNP/checkpoints/SM_keySite/SM/hierarchical_SM_20260528T054806/analysis,0.6,1000,6000
CD01,5,19,18497,0.093727,0.111248,0.284275,/root/autodl-tmp/over/STGNP/checkpoints/SM_keySite/SM/hierarchical_SM_20260528T054806/analysis,0.6,1000,6000
CD03,6,20,325,0.076153,0.080456,-30.718307,/root/autodl-tmp/over/STGNP/checkpoints/SM_keySite/SM/hierarchical_SM_20260528T054806/analysis,0.6,1000,6000
MS3523,13,27,18600,0.07034,0.075798,0.531522,/root/autodl-tmp/over/STGNP/checkpoints/SM_keySite/SM/hierarchical_SM_20260528T054806/analysis,0.6,1000,6000
F5,8,22,18552,0.067486,0.074344,0.537718,/root/autodl-tmp/over/STGNP/checkpoints/SM_keySite/SM/hierarchical_SM_20260528T054806/analysis,0.6,1000,6000
MS3518,12,26,18601,0.063179,0.069372,0.674006,/root/autodl-tmp/over/STGNP/checkpoints/SM_keySite/SM/hierarchical_SM_20260528T054806/analysis,0.6,1000,6000
BC04,0,14,18063,0.061294,0.072042,0.710681,/root/autodl-tmp/over/STGNP/checkpoints/SM_keySite/SM/hierarchical_SM_20260528T054806/analysis,0.6,1000,6000
MSBJ,18,32,18621,0.054835,0.065431,0.178575,/root/autodl-tmp/over/STGNP/checkpoints/SM_keySite/SM/hierarchical_SM_20260528T054806/analysis,0.6,1000,6000
MS3513,11,25,18366,0.053761,0.063412,0.58208,/root/autodl-tmp/over/STGNP/checkpoints/SM_keySite/SM/hierarchical_SM_20260528T054806/analysis,0.6,1000,6000
BC06,1,15,14678,0.042554,0.047414,0.198352,/root/autodl-tmp/over/STGNP/checkpoints/SM_keySite/SM/hierarchical_SM_20260528T054806/analysis,0.6,1000,6000
MSNQRW,19,33,18639,0.040444,0.047015,0.669244,/root/autodl-tmp/over/STGNP/checkpoints/SM_keySite/SM/hierarchical_SM_20260528T054806/analysis,0.6,1000,6000
MS3533,14,28,18606,0.038807,0.054898,0.820557,/root/autodl-tmp/over/STGNP/checkpoints/SM_keySite/SM/hierarchical_SM_20260528T054806/analysis,0.6,1000,6000
CD07,7,21,18501,0.038187,0.044023,0.851336,/root/autodl-tmp/over/STGNP/checkpoints/SM_keySite/SM/hierarchical_SM_20260528T054806/analysis,0.6,1000,6000
C1,3,17,18551,0.035804,0.047274,0.687545,/root/autodl-tmp/over/STGNP/checkpoints/SM_keySite/SM/hierarchical_SM_20260528T054806/analysis,0.6,1000,6000
P10,20,34,18558,0.031739,0.043243,0.896659,/root/autodl-tmp/over/STGNP/checkpoints/SM_keySite/SM/hierarchical_SM_20260528T054806/analysis,0.6,1000,6000
C2,4,18,12996,0.026972,0.040365,0.857995,/root/autodl-tmp/over/STGNP/checkpoints/SM_keySite/SM/hierarchical_SM_20260528T054806/analysis,0.6,1000,6000
MS3614,16,30,18624,0.026439,0.040524,0.632334,/root/autodl-tmp/over/STGNP/checkpoints/SM_keySite/SM/hierarchical_SM_20260528T054806/analysis,0.6,1000,6000
MS3603,15,29,18624,0.021665,0.034671,0.820684,/root/autodl-tmp/over/STGNP/checkpoints/SM_keySite/SM/hierarchical_SM_20260528T054806/analysis,0.6,1000,6000
MS3627,17,31,18625,0.017631,0.025462,0.886102,/root/autodl-tmp/over/STGNP/checkpoints/SM_keySite/SM/hierarchical_SM_20260528T054806/analysis,0.6,1000,6000
BC07,2,16,1891,0.016948,0.021207,-0.394546,/root/autodl-tmp/over/STGNP/checkpoints/SM_keySite/SM/hierarchical_SM_20260528T054806/analysis,0.6,1000,6000
BC02,0,14,10543,0.14636,0.170922,-1.164737,/root/autodl-tmp/over/STGNP/checkpoints/SM_keySite/SM/hierarchical_SM_20260528T060245/analysis,0.6,1001,6001
MS3482,12,26,11271,0.117726,0.132667,0.246916,/root/autodl-tmp/over/STGNP/checkpoints/SM_keySite/SM/hierarchical_SM_20260528T060245/analysis,0.6,1001,6001
MS3488,13,27,16699,0.115135,0.122805,-0.620558,/root/autodl-tmp/over/STGNP/checkpoints/SM_keySite/SM/hierarchical_SM_20260528T060245/analysis,0.6,1001,6001
BC08,6,20,18465,0.104925,0.111133,-2.237348,/root/autodl-tmp/over/STGNP/checkpoints/SM_keySite/SM/hierarchical_SM_20260528T060245/analysis,0.6,1001,6001
BC04,2,16,18063,0.084304,0.105356,0.381244,/root/autodl-tmp/over/STGNP/checkpoints/SM_keySite/SM/hierarchical_SM_20260528T060245/analysis,0.6,1001,6001
P11,20,34,18559,0.07745,0.087441,0.499617,/root/autodl-tmp/over/STGNP/checkpoints/SM_keySite/SM/hierarchical_SM_20260528T060245/analysis,0.6,1001,6001
BC03,1,15,18459,0.076875,0.083128,0.534421,/root/autodl-tmp/over/STGNP/checkpoints/SM_keySite/SM/hierarchical_SM_20260528T060245/analysis,0.6,1001,6001
MSBJ,18,32,18621,0.076727,0.087071,-0.454614,/root/autodl-tmp/over/STGNP/checkpoints/SM_keySite/SM/hierarchical_SM_20260528T060245/analysis,0.6,1001,6001
CD01,8,22,18497,0.070935,0.092058,0.509904,/root/autodl-tmp/over/STGNP/checkpoints/SM_keySite/SM/hierarchical_SM_20260528T060245/analysis,0.6,1001,6001
BC05,3,17,18459,0.069669,0.078148,-0.148009,/root/autodl-tmp/over/STGNP/checkpoints/SM_keySite/SM/hierarchical_SM_20260528T060245/analysis,0.6,1001,6001
MS3501,14,28,1852,0.061051,0.071961,-24.851307,/root/autodl-tmp/over/STGNP/checkpoints/SM_keySite/SM/hierarchical_SM_20260528T060245/analysis,0.6,1001,6001
CD07,9,23,18501,0.057306,0.065613,0.669761,/root/autodl-tmp/over/STGNP/checkpoints/SM_keySite/SM/hierarchical_SM_20260528T060245/analysis,0.6,1001,6001
F5,11,25,18552,0.056053,0.061718,0.681413,/root/autodl-tmp/over/STGNP/checkpoints/SM_keySite/SM/hierarchical_SM_20260528T060245/analysis,0.6,1001,6001
MS3614,17,31,18624,0.043534,0.055892,0.300588,/root/autodl-tmp/over/STGNP/checkpoints/SM_keySite/SM/hierarchical_SM_20260528T060245/analysis,0.6,1001,6001
MSNQRW,19,33,18639,0.04323,0.054914,0.548765,/root/autodl-tmp/over/STGNP/checkpoints/SM_keySite/SM/hierarchical_SM_20260528T060245/analysis,0.6,1001,6001
MS3603,16,30,18624,0.040016,0.047685,0.660811,/root/autodl-tmp/over/STGNP/checkpoints/SM_keySite/SM/hierarchical_SM_20260528T060245/analysis,0.6,1001,6001
BC06,4,18,14678,0.039625,0.044399,0.297067,/root/autodl-tmp/over/STGNP/checkpoints/SM_keySite/SM/hierarchical_SM_20260528T060245/analysis,0.6,1001,6001
MS3533,15,29,18606,0.036418,0.047762,0.864173,/root/autodl-tmp/over/STGNP/checkpoints/SM_keySite/SM/hierarchical_SM_20260528T060245/analysis,0.6,1001,6001
C2,7,21,12996,0.032658,0.041133,0.852539,/root/autodl-tmp/over/STGNP/checkpoints/SM_keySite/SM/hierarchical_SM_20260528T060245/analysis,0.6,1001,6001
BC07,5,19,1891,0.032108,0.033329,-2.444515,/root/autodl-tmp/over/STGNP/checkpoints/SM_keySite/SM/hierarchical_SM_20260528T060245/analysis,0.6,1001,6001
F4,10,24,18552,0.021822,0.031232,0.916074,/root/autodl-tmp/over/STGNP/checkpoints/SM_keySite/SM/hierarchical_SM_20260528T060245/analysis,0.6,1001,6001
CD03,7,21,325,0.163931,0.173194,-145.982003,/root/autodl-tmp/over/STGNP/checkpoints/SM_keySite/SM/hierarchical_SM_20260528T061852/analysis,0.6,1002,6002
MS3482,11,25,11271,0.121846,0.145291,0.096777,/root/autodl-tmp/over/STGNP/checkpoints/SM_keySite/SM/hierarchical_SM_20260528T061852/analysis,0.6,1002,6002
MS3488,12,26,16699,0.103003,0.109914,-0.29819,/root/autodl-tmp/over/STGNP/checkpoints/SM_keySite/SM/hierarchical_SM_20260528T061852/analysis,0.6,1002,6002
BC04,1,15,18063,0.096408,0.109917,0.32651,/root/autodl-tmp/over/STGNP/checkpoints/SM_keySite/SM/hierarchical_SM_20260528T061852/analysis,0.6,1002,6002
BC02,0,14,10543,0.088343,0.107895,0.137398,/root/autodl-tmp/over/STGNP/checkpoints/SM_keySite/SM/hierarchical_SM_20260528T061852/analysis,0.6,1002,6002
MS3576,14,28,14807,0.07766,0.089231,-1.865764,/root/autodl-tmp/over/STGNP/checkpoints/SM_keySite/SM/hierarchical_SM_20260528T061852/analysis,0.6,1002,6002
BC08,4,18,18465,0.077566,0.101666,-1.709274,/root/autodl-tmp/over/STGNP/checkpoints/SM_keySite/SM/hierarchical_SM_20260528T061852/analysis,0.6,1002,6002
MS3501,13,27,1852,0.075077,0.086657,-36.488665,/root/autodl-tmp/over/STGNP/checkpoints/SM_keySite/SM/hierarchical_SM_20260528T061852/analysis,0.6,1002,6002
BC05,2,16,18459,0.072449,0.094574,-0.68132,/root/autodl-tmp/over/STGNP/checkpoints/SM_keySite/SM/hierarchical_SM_20260528T061852/analysis,0.6,1002,6002
MS3627,16,30,18625,0.070762,0.075189,0.006793,/root/autodl-tmp/over/STGNP/checkpoints/SM_keySite/SM/hierarchical_SM_20260528T061852/analysis,0.6,1002,6002
P11,20,34,18559,0.064565,0.076835,0.61365,/root/autodl-tmp/over/STGNP/checkpoints/SM_keySite/SM/hierarchical_SM_20260528T061852/analysis,0.6,1002,6002
C2,6,20,12996,0.05404,0.06774,0.600069,/root/autodl-tmp/over/STGNP/checkpoints/SM_keySite/SM/hierarchical_SM_20260528T061852/analysis,0.6,1002,6002
P1,18,32,18545,0.049778,0.062974,-0.025113,/root/autodl-tmp/over/STGNP/checkpoints/SM_keySite/SM/hierarchical_SM_20260528T061852/analysis,0.6,1002,6002
C1,5,19,18551,0.04919,0.056941,0.546706,/root/autodl-tmp/over/STGNP/checkpoints/SM_keySite/SM/hierarchical_SM_20260528T061852/analysis,0.6,1002,6002
MS3614,15,29,18624,0.04856,0.07095,-0.127033,/root/autodl-tmp/over/STGNP/checkpoints/SM_keySite/SM/hierarchical_SM_20260528T061852/analysis,0.6,1002,6002
F3,8,22,18565,0.047576,0.076339,0.752316,/root/autodl-tmp/over/STGNP/checkpoints/SM_keySite/SM/hierarchical_SM_20260528T061852/analysis,0.6,1002,6002
F5,10,24,18552,0.044697,0.057977,0.718858,/root/autodl-tmp/over/STGNP/checkpoints/SM_keySite/SM/hierarchical_SM_20260528T061852/analysis,0.6,1002,6002
MSBJ,17,31,18621,0.043798,0.055781,0.402999,/root/autodl-tmp/over/STGNP/checkpoints/SM_keySite/SM/hierarchical_SM_20260528T061852/analysis,0.6,1002,6002
P10,19,33,18558,0.040926,0.056121,0.825937,/root/autodl-tmp/over/STGNP/checkpoints/SM_keySite/SM/hierarchical_SM_20260528T061852/analysis,0.6,1002,6002
BC06,3,17,14678,0.039457,0.04888,0.148012,/root/autodl-tmp/over/STGNP/checkpoints/SM_keySite/SM/hierarchical_SM_20260528T061852/analysis,0.6,1002,6002
F4,9,23,18552,0.035414,0.053554,0.753238,/root/autodl-tmp/over/STGNP/checkpoints/SM_keySite/SM/hierarchical_SM_20260528T061852/analysis,0.6,1002,6002
MS3482,9,23,11271,0.153385,0.161049,-0.109778,/root/autodl-tmp/over/STGNP/checkpoints/SM_keySite/SM/hierarchical_SM_20260528T063403/analysis,0.6,1003,6003
CD01,5,19,18497,0.121398,0.130129,0.020713,/root/autodl-tmp/over/STGNP/checkpoints/SM_keySite/SM/hierarchical_SM_20260528T063403/analysis,0.6,1003,6003
MS3576,15,29,14807,0.094064,0.097857,-2.446585,/root/autodl-tmp/over/STGNP/checkpoints/SM_keySite/SM/hierarchical_SM_20260528T063403/analysis,0.6,1003,6003
P1,19,33,18545,0.072642,0.076097,-0.49685,/root/autodl-tmp/over/STGNP/checkpoints/SM_keySite/SM/hierarchical_SM_20260528T063403/analysis,0.6,1003,6003
P2,20,34,13389,0.068494,0.07271,0.305982,/root/autodl-tmp/over/STGNP/checkpoints/SM_keySite/SM/hierarchical_SM_20260528T063403/analysis,0.6,1003,6003
F3,7,21,18565,0.063415,0.08277,0.70883,/root/autodl-tmp/over/STGNP/checkpoints/SM_keySite/SM/hierarchical_SM_20260528T063403/analysis,0.6,1003,6003
F4,8,22,18552,0.054919,0.064055,0.64698,/root/autodl-tmp/over/STGNP/checkpoints/SM_keySite/SM/hierarchical_SM_20260528T063403/analysis,0.6,1003,6003
MS3533,14,28,18606,0.053896,0.061638,0.773791,/root/autodl-tmp/over/STGNP/checkpoints/SM_keySite/SM/hierarchical_SM_20260528T063403/analysis,0.6,1003,6003
MS3527,13,27,14599,0.051229,0.086209,-0.3553,/root/autodl-tmp/over/STGNP/checkpoints/SM_keySite/SM/hierarchical_SM_20260528T063403/analysis,0.6,1003,6003
C1,4,18,18551,0.048947,0.056428,0.554827,/root/autodl-tmp/over/STGNP/checkpoints/SM_keySite/SM/hierarchical_SM_20260528T063403/analysis,0.6,1003,6003
CD03,6,20,325,0.047385,0.053853,-13.210937,/root/autodl-tmp/over/STGNP/checkpoints/SM_keySite/SM/hierarchical_SM_20260528T063403/analysis,0.6,1003,6003
BC04,0,14,18063,0.046929,0.057265,0.817197,/root/autodl-tmp/over/STGNP/checkpoints/SM_keySite/SM/hierarchical_SM_20260528T063403/analysis,0.6,1003,6003
BC06,1,15,14678,0.044121,0.04897,0.144877,/root/autodl-tmp/over/STGNP/checkpoints/SM_keySite/SM/hierarchical_SM_20260528T063403/analysis,0.6,1003,6003
BC07,2,16,1891,0.041107,0.045363,-5.381191,/root/autodl-tmp/over/STGNP/checkpoints/SM_keySite/SM/hierarchical_SM_20260528T063403/analysis,0.6,1003,6003
MS3513,10,24,18366,0.040822,0.051407,0.725349,/root/autodl-tmp/over/STGNP/checkpoints/SM_keySite/SM/hierarchical_SM_20260528T063403/analysis,0.6,1003,6003
BC08,3,17,18465,0.035157,0.044796,0.474003,/root/autodl-tmp/over/STGNP/checkpoints/SM_keySite/SM/hierarchical_SM_20260528T063403/analysis,0.6,1003,6003
MSNQRW,18,32,18639,0.027336,0.032786,0.839154,/root/autodl-tmp/over/STGNP/checkpoints/SM_keySite/SM/hierarchical_SM_20260528T063403/analysis,0.6,1003,6003
MS3620,16,30,18623,0.025503,0.030732,0.819101,/root/autodl-tmp/over/STGNP/checkpoints/SM_keySite/SM/hierarchical_SM_20260528T063403/analysis,0.6,1003,6003
MS3518,11,25,18601,0.021505,0.033887,0.922214,/root/autodl-tmp/over/STGNP/checkpoints/SM_keySite/SM/hierarchical_SM_20260528T063403/analysis,0.6,1003,6003
MS3523,12,26,18600,0.021403,0.036927,0.88881,/root/autodl-tmp/over/STGNP/checkpoints/SM_keySite/SM/hierarchical_SM_20260528T063403/analysis,0.6,1003,6003
MS3627,17,31,18625,0.019755,0.026115,0.880187,/root/autodl-tmp/over/STGNP/checkpoints/SM_keySite/SM/hierarchical_SM_20260528T063403/analysis,0.6,1003,6003
MS3482,10,24,11271,0.148485,0.156253,-0.044656,/root/autodl-tmp/over/STGNP/checkpoints/SM_keySite/SM/hierarchical_SM_20260528T065020/analysis,0.6,1004,6004
BC02,0,14,10543,0.127588,0.15638,-0.812043,/root/autodl-tmp/over/STGNP/checkpoints/SM_keySite/SM/hierarchical_SM_20260528T065020/analysis,0.6,1004,6004
BC04,1,15,18063,0.105158,0.129527,0.064757,/root/autodl-tmp/over/STGNP/checkpoints/SM_keySite/SM/hierarchical_SM_20260528T065020/analysis,0.6,1004,6004
CD01,6,20,18497,0.102158,0.116327,0.217429,/root/autodl-tmp/over/STGNP/checkpoints/SM_keySite/SM/hierarchical_SM_20260528T065020/analysis,0.6,1004,6004
CD03,7,21,325,0.099961,0.105362,-53.395862,/root/autodl-tmp/over/STGNP/checkpoints/SM_keySite/SM/hierarchical_SM_20260528T065020/analysis,0.6,1004,6004
BC05,2,16,18459,0.095539,0.138565,-2.609263,/root/autodl-tmp/over/STGNP/checkpoints/SM_keySite/SM/hierarchical_SM_20260528T065020/analysis,0.6,1004,6004
P2,20,34,13389,0.071202,0.081377,0.13067,/root/autodl-tmp/over/STGNP/checkpoints/SM_keySite/SM/hierarchical_SM_20260528T065020/analysis,0.6,1004,6004
MS3576,15,29,14807,0.071142,0.086491,-1.692491,/root/autodl-tmp/over/STGNP/checkpoints/SM_keySite/SM/hierarchical_SM_20260528T065020/analysis,0.6,1004,6004
BC08,4,18,18465,0.069705,0.095983,-1.41484,/root/autodl-tmp/over/STGNP/checkpoints/SM_keySite/SM/hierarchical_SM_20260528T065020/analysis,0.6,1004,6004
C1,5,19,18551,0.067437,0.075354,0.206126,/root/autodl-tmp/over/STGNP/checkpoints/SM_keySite/SM/hierarchical_SM_20260528T065020/analysis,0.6,1004,6004
F4,9,23,18552,0.056491,0.065287,0.633268,/root/autodl-tmp/over/STGNP/checkpoints/SM_keySite/SM/hierarchical_SM_20260528T065020/analysis,0.6,1004,6004
MSBJ,17,31,18621,0.055142,0.069642,0.069455,/root/autodl-tmp/over/STGNP/checkpoints/SM_keySite/SM/hierarchical_SM_20260528T065020/analysis,0.6,1004,6004
MSNQRW,18,32,18639,0.051057,0.063966,0.387745,/root/autodl-tmp/over/STGNP/checkpoints/SM_keySite/SM/hierarchical_SM_20260528T065020/analysis,0.6,1004,6004
MS3523,13,27,18600,0.050135,0.063232,0.673974,/root/autodl-tmp/over/STGNP/checkpoints/SM_keySite/SM/hierarchical_SM_20260528T065020/analysis,0.6,1004,6004
P10,19,33,18558,0.047671,0.055901,0.827304,/root/autodl-tmp/over/STGNP/checkpoints/SM_keySite/SM/hierarchical_SM_20260528T065020/analysis,0.6,1004,6004
CD07,8,22,18501,0.045593,0.052639,0.78745,/root/autodl-tmp/over/STGNP/checkpoints/SM_keySite/SM/hierarchical_SM_20260528T065020/analysis,0.6,1004,6004
MS3518,12,26,18601,0.042758,0.051898,0.81755,/root/autodl-tmp/over/STGNP/checkpoints/SM_keySite/SM/hierarchical_SM_20260528T065020/analysis,0.6,1004,6004
MS3501,11,25,1852,0.04274,0.048785,-10.881541,/root/autodl-tmp/over/STGNP/checkpoints/SM_keySite/SM/hierarchical_SM_20260528T065020/analysis,0.6,1004,6004
MS3533,14,28,18606,0.037877,0.047637,0.864884,/root/autodl-tmp/over/STGNP/checkpoints/SM_keySite/SM/hierarchical_SM_20260528T065020/analysis,0.6,1004,6004
BC06,3,17,14678,0.035717,0.051381,0.058578,/root/autodl-tmp/over/STGNP/checkpoints/SM_keySite/SM/hierarchical_SM_20260528T065020/analysis,0.6,1004,6004
MS3627,16,30,18625,0.031227,0.041133,0.702758,/root/autodl-tmp/over/STGNP/checkpoints/SM_keySite/SM/hierarchical_SM_20260528T065020/analysis,0.6,1004,6004
MS3482,9,23,11271,0.175167,0.1944,-0.616996,/root/autodl-tmp/over/STGNP/checkpoints/SM_keySite/SM/hierarchical_SM_20260528T070630/analysis,0.6,1005,6005
MS3614,15,29,18624,0.089379,0.097879,-1.144945,/root/autodl-tmp/over/STGNP/checkpoints/SM_keySite/SM/hierarchical_SM_20260528T070630/analysis,0.6,1005,6005
BC08,4,18,18465,0.08817,0.09282,-1.258335,/root/autodl-tmp/over/STGNP/checkpoints/SM_keySite/SM/hierarchical_SM_20260528T070630/analysis,0.6,1005,6005
MS3627,16,30,18625,0.075629,0.084998,-0.269253,/root/autodl-tmp/over/STGNP/checkpoints/SM_keySite/SM/hierarchical_SM_20260528T070630/analysis,0.6,1005,6005
F3,8,22,18565,0.068976,0.093788,0.626151,/root/autodl-tmp/over/STGNP/checkpoints/SM_keySite/SM/hierarchical_SM_20260528T070630/analysis,0.6,1005,6005
MS3494,10,24,18558,0.066108,0.08118,0.696312,/root/autodl-tmp/over/STGNP/checkpoints/SM_keySite/SM/hierarchical_SM_20260528T070630/analysis,0.6,1005,6005
CD01,6,20,18497,0.063889,0.079912,0.6307,/root/autodl-tmp/over/STGNP/checkpoints/SM_keySite/SM/hierarchical_SM_20260528T070630/analysis,0.6,1005,6005
P10,19,33,18558,0.060699,0.073051,0.705084,/root/autodl-tmp/over/STGNP/checkpoints/SM_keySite/SM/hierarchical_SM_20260528T070630/analysis,0.6,1005,6005
MS3527,13,27,14599,0.05977,0.078586,-0.126232,/root/autodl-tmp/over/STGNP/checkpoints/SM_keySite/SM/hierarchical_SM_20260528T070630/analysis,0.6,1005,6005
MS3603,14,28,18624,0.058444,0.069662,0.276107,/root/autodl-tmp/over/STGNP/checkpoints/SM_keySite/SM/hierarchical_SM_20260528T070630/analysis,0.6,1005,6005
P11,20,34,18559,0.054997,0.061795,0.750096,/root/autodl-tmp/over/STGNP/checkpoints/SM_keySite/SM/hierarchical_SM_20260528T070630/analysis,0.6,1005,6005
CD07,7,21,18501,0.053002,0.057677,0.744817,/root/autodl-tmp/over/STGNP/checkpoints/SM_keySite/SM/hierarchical_SM_20260528T070630/analysis,0.6,1005,6005
BC04,1,15,18063,0.050668,0.058415,0.80978,/root/autodl-tmp/over/STGNP/checkpoints/SM_keySite/SM/hierarchical_SM_20260528T070630/analysis,0.6,1005,6005
BC05,2,16,18459,0.043044,0.057311,0.382566,/root/autodl-tmp/over/STGNP/checkpoints/SM_keySite/SM/hierarchical_SM_20260528T070630/analysis,0.6,1005,6005
BC03,0,14,18459,0.041264,0.049594,0.834285,/root/autodl-tmp/over/STGNP/checkpoints/SM_keySite/SM/hierarchical_SM_20260528T070630/analysis,0.6,1005,6005
MS3518,12,26,18601,0.039334,0.043595,0.871259,/root/autodl-tmp/over/STGNP/checkpoints/SM_keySite/SM/hierarchical_SM_20260528T070630/analysis,0.6,1005,6005
MSNQRW,17,31,18639,0.032446,0.040816,0.750718,/root/autodl-tmp/over/STGNP/checkpoints/SM_keySite/SM/hierarchical_SM_20260528T070630/analysis,0.6,1005,6005
C1,5,19,18551,0.031605,0.035629,0.822525,/root/autodl-tmp/over/STGNP/checkpoints/SM_keySite/SM/hierarchical_SM_20260528T070630/analysis,0.6,1005,6005
P1,18,32,18545,0.031108,0.035777,0.669139,/root/autodl-tmp/over/STGNP/checkpoints/SM_keySite/SM/hierarchical_SM_20260528T070630/analysis,0.6,1005,6005
MS3513,11,25,18366,0.021167,0.029211,0.911316,/root/autodl-tmp/over/STGNP/checkpoints/SM_keySite/SM/hierarchical_SM_20260528T070630/analysis,0.6,1005,6005
BC07,3,17,1891,0.018198,0.022497,-0.569361,/root/autodl-tmp/over/STGNP/checkpoints/SM_keySite/SM/hierarchical_SM_20260528T070630/analysis,0.6,1005,6005
CD03,7,21,325,0.113076,0.113943,-62.617222,/root/autodl-tmp/over/STGNP/checkpoints/SM_keySite/SM/hierarchical_SM_20260528T072240/analysis,0.6,1006,6006
BC08,4,18,18465,0.0974,0.10529,-1.905865,/root/autodl-tmp/over/STGNP/checkpoints/SM_keySite/SM/hierarchical_SM_20260528T072240/analysis,0.6,1006,6006
MS3527,13,27,14599,0.079086,0.095252,-0.654568,/root/autodl-tmp/over/STGNP/checkpoints/SM_keySite/SM/hierarchical_SM_20260528T072240/analysis,0.6,1006,6006
BC05,2,16,18459,0.078085,0.096451,-0.748732,/root/autodl-tmp/over/STGNP/checkpoints/SM_keySite/SM/hierarchical_SM_20260528T072240/analysis,0.6,1006,6006
BC03,0,14,18459,0.070499,0.084261,0.521641,/root/autodl-tmp/over/STGNP/checkpoints/SM_keySite/SM/hierarchical_SM_20260528T072240/analysis,0.6,1006,6006
BC04,1,15,18063,0.067304,0.088036,0.56796,/root/autodl-tmp/over/STGNP/checkpoints/SM_keySite/SM/hierarchical_SM_20260528T072240/analysis,0.6,1006,6006
MSBJ,18,32,18621,0.066148,0.075714,-0.099894,/root/autodl-tmp/over/STGNP/checkpoints/SM_keySite/SM/hierarchical_SM_20260528T072240/analysis,0.6,1006,6006
F3,9,23,18565,0.063903,0.083738,0.701977,/root/autodl-tmp/over/STGNP/checkpoints/SM_keySite/SM/hierarchical_SM_20260528T072240/analysis,0.6,1006,6006
P11,20,34,18559,0.055364,0.063436,0.736647,/root/autodl-tmp/over/STGNP/checkpoints/SM_keySite/SM/hierarchical_SM_20260528T072240/analysis,0.6,1006,6006
MS3501,12,26,1852,0.054097,0.057181,-15.323056,/root/autodl-tmp/over/STGNP/checkpoints/SM_keySite/SM/hierarchical_SM_20260528T072240/analysis,0.6,1006,6006
P10,19,33,18558,0.051635,0.057244,0.818904,/root/autodl-tmp/over/STGNP/checkpoints/SM_keySite/SM/hierarchical_SM_20260528T072240/analysis,0.6,1006,6006
BC06,3,17,14678,0.04647,0.054669,-0.065737,/root/autodl-tmp/over/STGNP/checkpoints/SM_keySite/SM/hierarchical_SM_20260528T072240/analysis,0.6,1006,6006
C2,6,20,12996,0.042574,0.0494,0.787307,/root/autodl-tmp/over/STGNP/checkpoints/SM_keySite/SM/hierarchical_SM_20260528T072240/analysis,0.6,1006,6006
F5,11,25,18552,0.040106,0.045231,0.828885,/root/autodl-tmp/over/STGNP/checkpoints/SM_keySite/SM/hierarchical_SM_20260528T072240/analysis,0.6,1006,6006
MS3614,16,30,18624,0.039544,0.051377,0.409016,/root/autodl-tmp/over/STGNP/checkpoints/SM_keySite/SM/hierarchical_SM_20260528T072240/analysis,0.6,1006,6006
MS3576,14,28,14807,0.037915,0.044473,0.288126,/root/autodl-tmp/over/STGNP/checkpoints/SM_keySite/SM/hierarchical_SM_20260528T072240/analysis,0.6,1006,6006
CD07,8,22,18501,0.035949,0.040484,0.874279,/root/autodl-tmp/over/STGNP/checkpoints/SM_keySite/SM/hierarchical_SM_20260528T072240/analysis,0.6,1006,6006
MS3603,15,29,18624,0.033947,0.042935,0.725014,/root/autodl-tmp/over/STGNP/checkpoints/SM_keySite/SM/hierarchical_SM_20260528T072240/analysis,0.6,1006,6006
MS3620,17,31,18623,0.030322,0.036244,0.748391,/root/autodl-tmp/over/STGNP/checkpoints/SM_keySite/SM/hierarchical_SM_20260528T072240/analysis,0.6,1006,6006
F4,10,24,18552,0.030278,0.041557,0.851415,/root/autodl-tmp/over/STGNP/checkpoints/SM_keySite/SM/hierarchical_SM_20260528T072240/analysis,0.6,1006,6006
C1,5,19,18551,0.015067,0.019513,0.946768,/root/autodl-tmp/over/STGNP/checkpoints/SM_keySite/SM/hierarchical_SM_20260528T072240/analysis,0.6,1006,6006
MS3482,9,23,11271,0.125646,0.144266,0.109481,/root/autodl-tmp/over/STGNP/checkpoints/SM_keySite/SM/hierarchical_SM_20260528T073854/analysis,0.6,1007,6007
MS3527,12,26,14599,0.10929,0.122536,-1.738187,/root/autodl-tmp/over/STGNP/checkpoints/SM_keySite/SM/hierarchical_SM_20260528T073854/analysis,0.6,1007,6007
MS3488,10,24,16699,0.109101,0.113386,-0.381511,/root/autodl-tmp/over/STGNP/checkpoints/SM_keySite/SM/hierarchical_SM_20260528T073854/analysis,0.6,1007,6007
P11,19,33,18559,0.076384,0.0849,0.528283,/root/autodl-tmp/over/STGNP/checkpoints/SM_keySite/SM/hierarchical_SM_20260528T073854/analysis,0.6,1007,6007
BC06,3,17,14678,0.073463,0.082051,-1.400721,/root/autodl-tmp/over/STGNP/checkpoints/SM_keySite/SM/hierarchical_SM_20260528T073854/analysis,0.6,1007,6007
BC07,4,18,1891,0.068172,0.073471,-15.738854,/root/autodl-tmp/over/STGNP/checkpoints/SM_keySite/SM/hierarchical_SM_20260528T073854/analysis,0.6,1007,6007
F5,8,22,18552,0.065976,0.072096,0.565261,/root/autodl-tmp/over/STGNP/checkpoints/SM_keySite/SM/hierarchical_SM_20260528T073854/analysis,0.6,1007,6007
BC05,2,16,18459,0.063484,0.081923,-0.261617,/root/autodl-tmp/over/STGNP/checkpoints/SM_keySite/SM/hierarchical_SM_20260528T073854/analysis,0.6,1007,6007
MS3518,11,25,18601,0.060364,0.070264,0.665569,/root/autodl-tmp/over/STGNP/checkpoints/SM_keySite/SM/hierarchical_SM_20260528T073854/analysis,0.6,1007,6007
CD07,7,21,18501,0.056508,0.070365,0.620193,/root/autodl-tmp/over/STGNP/checkpoints/SM_keySite/SM/hierarchical_SM_20260528T073854/analysis,0.6,1007,6007
BC04,1,15,18063,0.051819,0.072615,0.706062,/root/autodl-tmp/over/STGNP/checkpoints/SM_keySite/SM/hierarchical_SM_20260528T073854/analysis,0.6,1007,6007
CD01,6,20,18497,0.049479,0.061598,0.780574,/root/autodl-tmp/over/STGNP/checkpoints/SM_keySite/SM/hierarchical_SM_20260528T073854/analysis,0.6,1007,6007
BC03,0,14,18459,0.046163,0.063946,0.724495,/root/autodl-tmp/over/STGNP/checkpoints/SM_keySite/SM/hierarchical_SM_20260528T073854/analysis,0.6,1007,6007
MS3533,13,27,18606,0.045397,0.050204,0.849931,/root/autodl-tmp/over/STGNP/checkpoints/SM_keySite/SM/hierarchical_SM_20260528T073854/analysis,0.6,1007,6007
MS3620,16,30,18623,0.044117,0.053067,0.460618,/root/autodl-tmp/over/STGNP/checkpoints/SM_keySite/SM/hierarchical_SM_20260528T073854/analysis,0.6,1007,6007
P10,18,32,18558,0.043599,0.048721,0.868816,/root/autodl-tmp/over/STGNP/checkpoints/SM_keySite/SM/hierarchical_SM_20260528T073854/analysis,0.6,1007,6007
MS3614,15,29,18624,0.037012,0.047515,0.494529,/root/autodl-tmp/over/STGNP/checkpoints/SM_keySite/SM/hierarchical_SM_20260528T073854/analysis,0.6,1007,6007
MS3603,14,28,18624,0.037006,0.047391,0.664968,/root/autodl-tmp/over/STGNP/checkpoints/SM_keySite/SM/hierarchical_SM_20260528T073854/analysis,0.6,1007,6007
MSBJ,17,31,18621,0.032517,0.040757,0.68128,/root/autodl-tmp/over/STGNP/checkpoints/SM_keySite/SM/hierarchical_SM_20260528T073854/analysis,0.6,1007,6007
C1,5,19,18551,0.024354,0.02763,0.89327,/root/autodl-tmp/over/STGNP/checkpoints/SM_keySite/SM/hierarchical_SM_20260528T073854/analysis,0.6,1007,6007
P2,20,34,13389,0.01246,0.017046,0.961854,/root/autodl-tmp/over/STGNP/checkpoints/SM_keySite/SM/hierarchical_SM_20260528T073854/analysis,0.6,1007,6007
MS3482,8,22,11271,0.15838,0.170136,-0.238537,/root/autodl-tmp/over/STGNP/checkpoints/SM_keySite/SM/hierarchical_SM_20260528T075406/analysis,0.6,1008,6008
CD01,4,18,18497,0.109513,0.124505,0.103537,/root/autodl-tmp/over/STGNP/checkpoints/SM_keySite/SM/hierarchical_SM_20260528T075406/analysis,0.6,1008,6008
BC08,3,17,18465,0.076116,0.083153,-0.81244,/root/autodl-tmp/over/STGNP/checkpoints/SM_keySite/SM/hierarchical_SM_20260528T075406/analysis,0.6,1008,6008
MS3527,11,25,14599,0.074158,0.096023,-0.68146,/root/autodl-tmp/over/STGNP/checkpoints/SM_keySite/SM/hierarchical_SM_20260528T075406/analysis,0.6,1008,6008
BC04,1,15,18063,0.068019,0.07695,0.669919,/root/autodl-tmp/over/STGNP/checkpoints/SM_keySite/SM/hierarchical_SM_20260528T075406/analysis,0.6,1008,6008
BC03,0,14,18459,0.064962,0.088855,0.46806,/root/autodl-tmp/over/STGNP/checkpoints/SM_keySite/SM/hierarchical_SM_20260528T075406/analysis,0.6,1008,6008
MSBJ,17,31,18621,0.056226,0.067042,0.137625,/root/autodl-tmp/over/STGNP/checkpoints/SM_keySite/SM/hierarchical_SM_20260528T075406/analysis,0.6,1008,6008
F3,6,20,18565,0.055407,0.077268,0.746256,/root/autodl-tmp/over/STGNP/checkpoints/SM_keySite/SM/hierarchical_SM_20260528T075406/analysis,0.6,1008,6008
MS3627,16,30,18625,0.053047,0.064865,0.26081,/root/autodl-tmp/over/STGNP/checkpoints/SM_keySite/SM/hierarchical_SM_20260528T075406/analysis,0.6,1008,6008
MS3501,9,23,1852,0.05093,0.05529,-14.260876,/root/autodl-tmp/over/STGNP/checkpoints/SM_keySite/SM/hierarchical_SM_20260528T075406/analysis,0.6,1008,6008
P1,19,33,18545,0.047761,0.051637,0.310766,/root/autodl-tmp/over/STGNP/checkpoints/SM_keySite/SM/hierarchical_SM_20260528T075406/analysis,0.6,1008,6008
MS3620,15,29,18623,0.046306,0.054394,0.43331,/root/autodl-tmp/over/STGNP/checkpoints/SM_keySite/SM/hierarchical_SM_20260528T075406/analysis,0.6,1008,6008
P10,20,34,18558,0.044265,0.054938,0.833199,/root/autodl-tmp/over/STGNP/checkpoints/SM_keySite/SM/hierarchical_SM_20260528T075406/analysis,0.6,1008,6008
MSNQRW,18,32,18639,0.042402,0.0492,0.637789,/root/autodl-tmp/over/STGNP/checkpoints/SM_keySite/SM/hierarchical_SM_20260528T075406/analysis,0.6,1008,6008
CD07,5,19,18501,0.039053,0.043911,0.85209,/root/autodl-tmp/over/STGNP/checkpoints/SM_keySite/SM/hierarchical_SM_20260528T075406/analysis,0.6,1008,6008
MS3576,13,27,14807,0.038437,0.045683,0.248851,/root/autodl-tmp/over/STGNP/checkpoints/SM_keySite/SM/hierarchical_SM_20260528T075406/analysis,0.6,1008,6008
BC07,2,16,1891,0.038223,0.039135,-3.749244,/root/autodl-tmp/over/STGNP/checkpoints/SM_keySite/SM/hierarchical_SM_20260528T075406/analysis,0.6,1008,6008
MS3533,12,26,18606,0.033128,0.040814,0.900817,/root/autodl-tmp/over/STGNP/checkpoints/SM_keySite/SM/hierarchical_SM_20260528T075406/analysis,0.6,1008,6008
MS3518,10,24,18601,0.0327,0.038115,0.901592,/root/autodl-tmp/over/STGNP/checkpoints/SM_keySite/SM/hierarchical_SM_20260528T075406/analysis,0.6,1008,6008
F4,7,21,18552,0.031504,0.04107,0.854876,/root/autodl-tmp/over/STGNP/checkpoints/SM_keySite/SM/hierarchical_SM_20260528T075406/analysis,0.6,1008,6008
MS3603,14,28,18624,0.028225,0.042193,0.734437,/root/autodl-tmp/over/STGNP/checkpoints/SM_keySite/SM/hierarchical_SM_20260528T075406/analysis,0.6,1008,6008
CD01,5,19,18497,0.143584,0.158802,-0.458385,/root/autodl-tmp/over/STGNP/checkpoints/SM_keySite/SM/hierarchical_SM_20260528T080935/analysis,0.6,1009,6009
MS3482,8,22,11271,0.135186,0.151345,0.019934,/root/autodl-tmp/over/STGNP/checkpoints/SM_keySite/SM/hierarchical_SM_20260528T080935/analysis,0.6,1009,6009
MS3488,9,23,16699,0.09424,0.101789,-0.11336,/root/autodl-tmp/over/STGNP/checkpoints/SM_keySite/SM/hierarchical_SM_20260528T080935/analysis,0.6,1009,6009
MS3501,10,24,1852,0.071827,0.077816,-29.229582,/root/autodl-tmp/over/STGNP/checkpoints/SM_keySite/SM/hierarchical_SM_20260528T080935/analysis,0.6,1009,6009
C2,4,18,12996,0.06254,0.068131,0.595433,/root/autodl-tmp/over/STGNP/checkpoints/SM_keySite/SM/hierarchical_SM_20260528T080935/analysis,0.6,1009,6009
BC05,0,14,18459,0.057735,0.076201,-0.091513,/root/autodl-tmp/over/STGNP/checkpoints/SM_keySite/SM/hierarchical_SM_20260528T080935/analysis,0.6,1009,6009
MS3527,13,27,14599,0.054771,0.085259,-0.325606,/root/autodl-tmp/over/STGNP/checkpoints/SM_keySite/SM/hierarchical_SM_20260528T080935/analysis,0.6,1009,6009
P11,19,33,18559,0.052689,0.064524,0.727536,/root/autodl-tmp/over/STGNP/checkpoints/SM_keySite/SM/hierarchical_SM_20260528T080935/analysis,0.6,1009,6009
MS3614,15,29,18624,0.049291,0.05687,0.275897,/root/autodl-tmp/over/STGNP/checkpoints/SM_keySite/SM/hierarchical_SM_20260528T080935/analysis,0.6,1009,6009
CD07,6,20,18501,0.045484,0.053467,0.780711,/root/autodl-tmp/over/STGNP/checkpoints/SM_keySite/SM/hierarchical_SM_20260528T080935/analysis,0.6,1009,6009
BC06,1,15,14678,0.044904,0.051273,0.062529,/root/autodl-tmp/over/STGNP/checkpoints/SM_keySite/SM/hierarchical_SM_20260528T080935/analysis,0.6,1009,6009
P2,20,34,13389,0.044898,0.050981,0.658804,/root/autodl-tmp/over/STGNP/checkpoints/SM_keySite/SM/hierarchical_SM_20260528T080935/analysis,0.6,1009,6009
MS3620,16,30,18623,0.039471,0.044774,0.616033,/root/autodl-tmp/over/STGNP/checkpoints/SM_keySite/SM/hierarchical_SM_20260528T080935/analysis,0.6,1009,6009
C1,3,17,18551,0.039134,0.04547,0.710942,/root/autodl-tmp/over/STGNP/checkpoints/SM_keySite/SM/hierarchical_SM_20260528T080935/analysis,0.6,1009,6009
P10,18,32,18558,0.034717,0.048321,0.87096,/root/autodl-tmp/over/STGNP/checkpoints/SM_keySite/SM/hierarchical_SM_20260528T080935/analysis,0.6,1009,6009
F4,7,21,18552,0.034285,0.041831,0.84945,/root/autodl-tmp/over/STGNP/checkpoints/SM_keySite/SM/hierarchical_SM_20260528T080935/analysis,0.6,1009,6009
MSBJ,17,31,18621,0.033448,0.041099,0.675916,/root/autodl-tmp/over/STGNP/checkpoints/SM_keySite/SM/hierarchical_SM_20260528T080935/analysis,0.6,1009,6009
BC07,2,16,1891,0.032585,0.038037,-3.486365,/root/autodl-tmp/over/STGNP/checkpoints/SM_keySite/SM/hierarchical_SM_20260528T080935/analysis,0.6,1009,6009
MS3603,14,28,18624,0.026067,0.03374,0.830186,/root/autodl-tmp/over/STGNP/checkpoints/SM_keySite/SM/hierarchical_SM_20260528T080935/analysis,0.6,1009,6009
MS3523,12,26,18600,0.022215,0.029928,0.926966,/root/autodl-tmp/over/STGNP/checkpoints/SM_keySite/SM/hierarchical_SM_20260528T080935/analysis,0.6,1009,6009
MS3518,11,25,18601,0.020527,0.026143,0.953705,/root/autodl-tmp/over/STGNP/checkpoints/SM_keySite/SM/hierarchical_SM_20260528T080935/analysis,0.6,1009,6009
MS3482,9,23,11271,0.130039,0.14585,0.089811,/root/autodl-tmp/over/STGNP/checkpoints/SM_keySite/SM/hierarchical_SM_20260528T082544/analysis,0.6,1010,6010
MS3488,10,24,16699,0.098526,0.106948,-0.229082,/root/autodl-tmp/over/STGNP/checkpoints/SM_keySite/SM/hierarchical_SM_20260528T082544/analysis,0.6,1010,6010
MS3576,17,31,14807,0.084497,0.089204,-1.864048,/root/autodl-tmp/over/STGNP/checkpoints/SM_keySite/SM/hierarchical_SM_20260528T082544/analysis,0.6,1010,6010
MS3527,15,29,14599,0.080572,0.103372,-0.948694,/root/autodl-tmp/over/STGNP/checkpoints/SM_keySite/SM/hierarchical_SM_20260528T082544/analysis,0.6,1010,6010
BC05,2,16,18459,0.075126,0.086397,-0.403158,/root/autodl-tmp/over/STGNP/checkpoints/SM_keySite/SM/hierarchical_SM_20260528T082544/analysis,0.6,1010,6010
BC04,1,15,18063,0.065828,0.0799,0.644125,/root/autodl-tmp/over/STGNP/checkpoints/SM_keySite/SM/hierarchical_SM_20260528T082544/analysis,0.6,1010,6010
P11,20,34,18559,0.065494,0.076978,0.612206,/root/autodl-tmp/over/STGNP/checkpoints/SM_keySite/SM/hierarchical_SM_20260528T082544/analysis,0.6,1010,6010
BC06,3,17,14678,0.055782,0.066353,-0.569992,/root/autodl-tmp/over/STGNP/checkpoints/SM_keySite/SM/hierarchical_SM_20260528T082544/analysis,0.6,1010,6010
BC03,0,14,18459,0.055435,0.07198,0.650915,/root/autodl-tmp/over/STGNP/checkpoints/SM_keySite/SM/hierarchical_SM_20260528T082544/analysis,0.6,1010,6010
F5,8,22,18552,0.048496,0.0607,0.69183,/root/autodl-tmp/over/STGNP/checkpoints/SM_keySite/SM/hierarchical_SM_20260528T082544/analysis,0.6,1010,6010
MS3501,11,25,1852,0.045521,0.05046,-11.711041,/root/autodl-tmp/over/STGNP/checkpoints/SM_keySite/SM/hierarchical_SM_20260528T082544/analysis,0.6,1010,6010
MS3523,14,28,18600,0.044774,0.056074,0.743611,/root/autodl-tmp/over/STGNP/checkpoints/SM_keySite/SM/hierarchical_SM_20260528T082544/analysis,0.6,1010,6010
CD07,6,20,18501,0.043136,0.057094,0.749951,/root/autodl-tmp/over/STGNP/checkpoints/SM_keySite/SM/hierarchical_SM_20260528T082544/analysis,0.6,1010,6010
MS3518,13,27,18601,0.042924,0.05309,0.80907,/root/autodl-tmp/over/STGNP/checkpoints/SM_keySite/SM/hierarchical_SM_20260528T082544/analysis,0.6,1010,6010
MS3533,16,30,18606,0.040523,0.051715,0.840762,/root/autodl-tmp/over/STGNP/checkpoints/SM_keySite/SM/hierarchical_SM_20260528T082544/analysis,0.6,1010,6010
MS3513,12,26,18366,0.038617,0.049639,0.743909,/root/autodl-tmp/over/STGNP/checkpoints/SM_keySite/SM/hierarchical_SM_20260528T082544/analysis,0.6,1010,6010
MS3603,18,32,18624,0.038231,0.048587,0.64785,/root/autodl-tmp/over/STGNP/checkpoints/SM_keySite/SM/hierarchical_SM_20260528T082544/analysis,0.6,1010,6010
BC07,4,18,1891,0.037035,0.040971,-4.205379,/root/autodl-tmp/over/STGNP/checkpoints/SM_keySite/SM/hierarchical_SM_20260528T082544/analysis,0.6,1010,6010
C1,5,19,18551,0.030197,0.035138,0.827378,/root/autodl-tmp/over/STGNP/checkpoints/SM_keySite/SM/hierarchical_SM_20260528T082544/analysis,0.6,1010,6010
F4,7,21,18552,0.025451,0.031753,0.913252,/root/autodl-tmp/over/STGNP/checkpoints/SM_keySite/SM/hierarchical_SM_20260528T082544/analysis,0.6,1010,6010
MSBJ,19,33,18621,0.021538,0.030243,0.824517,/root/autodl-tmp/over/STGNP/checkpoints/SM_keySite/SM/hierarchical_SM_20260528T082544/analysis,0.6,1010,6010
CD03,2,33,325,0.133512,0.134967,-88.259138,/root/autodl-tmp/over/STGNP/checkpoints/SM_keySite/SM/hierarchical_SM_20260528T112916/analysis,0.1,1011,1011
BC04,0,31,18063,0.088264,0.095919,0.487121,/root/autodl-tmp/over/STGNP/checkpoints/SM_keySite/SM/hierarchical_SM_20260528T112916/analysis,0.1,1011,1011
C1,1,32,18551,0.039326,0.043896,0.730614,/root/autodl-tmp/over/STGNP/checkpoints/SM_keySite/SM/hierarchical_SM_20260528T112916/analysis,0.1,1011,1011
MS3614,3,34,18624,0.024219,0.036829,0.696319,/root/autodl-tmp/over/STGNP/checkpoints/SM_keySite/SM/hierarchical_SM_20260528T112916/analysis,0.1,1011,1011
MSBJ,3,34,18621,0.079465,0.085856,-0.414305,/root/autodl-tmp/over/STGNP/checkpoints/SM_keySite/SM/hierarchical_SM_20260528T114533/analysis,0.1,1012,1012
MS3501,1,32,1852,0.059083,0.064818,-19.974438,/root/autodl-tmp/over/STGNP/checkpoints/SM_keySite/SM/hierarchical_SM_20260528T114533/analysis,0.1,1012,1012
MS3513,2,33,18366,0.039673,0.046716,0.773179,/root/autodl-tmp/over/STGNP/checkpoints/SM_keySite/SM/hierarchical_SM_20260528T114533/analysis,0.1,1012,1012
BC06,0,31,14678,0.020357,0.025245,0.772731,/root/autodl-tmp/over/STGNP/checkpoints/SM_keySite/SM/hierarchical_SM_20260528T114533/analysis,0.1,1012,1012
BC02,0,28,10543,0.13263,0.144399,-0.545025,/root/autodl-tmp/over/STGNP/checkpoints/SM_keySite/SM/hierarchical_SM_20260528T120014/analysis,0.2,1011,2011
MS3501,5,33,1852,0.107216,0.111223,-60.755945,/root/autodl-tmp/over/STGNP/checkpoints/SM_keySite/SM/hierarchical_SM_20260528T120014/analysis,0.2,1011,2011
CD03,3,31,325,0.103442,0.105303,-53.334566,/root/autodl-tmp/over/STGNP/checkpoints/SM_keySite/SM/hierarchical_SM_20260528T120014/analysis,0.2,1011,2011
MS3494,4,32,18558,0.058898,0.072903,0.755083,/root/autodl-tmp/over/STGNP/checkpoints/SM_keySite/SM/hierarchical_SM_20260528T120014/analysis,0.2,1011,2011
BC06,2,30,14678,0.050157,0.055868,-0.113003,/root/autodl-tmp/over/STGNP/checkpoints/SM_keySite/SM/hierarchical_SM_20260528T120014/analysis,0.2,1011,2011
MS3603,6,34,18624,0.035499,0.040864,0.750903,/root/autodl-tmp/over/STGNP/checkpoints/SM_keySite/SM/hierarchical_SM_20260528T120014/analysis,0.2,1011,2011
BC05,1,29,18459,0.026984,0.034509,0.776145,/root/autodl-tmp/over/STGNP/checkpoints/SM_keySite/SM/hierarchical_SM_20260528T120014/analysis,0.2,1011,2011
C2,2,30,12996,0.081996,0.090512,0.285984,/root/autodl-tmp/over/STGNP/checkpoints/SM_keySite/SM/hierarchical_SM_20260528T121542/analysis,0.2,1012,2012
P11,6,34,18559,0.056551,0.062664,0.743015,/root/autodl-tmp/over/STGNP/checkpoints/SM_keySite/SM/hierarchical_SM_20260528T121542/analysis,0.2,1012,2012
MS3523,3,31,18600,0.032721,0.037363,0.886169,/root/autodl-tmp/over/STGNP/checkpoints/SM_keySite/SM/hierarchical_SM_20260528T121542/analysis,0.2,1012,2012
BC06,0,28,14678,0.031932,0.039065,0.455816,/root/autodl-tmp/over/STGNP/checkpoints/SM_keySite/SM/hierarchical_SM_20260528T121542/analysis,0.2,1012,2012
MS3614,4,32,18624,0.030535,0.040653,0.629985,/root/autodl-tmp/over/STGNP/checkpoints/SM_keySite/SM/hierarchical_SM_20260528T121542/analysis,0.2,1012,2012
MS3620,5,33,18623,0.022626,0.027925,0.850647,/root/autodl-tmp/over/STGNP/checkpoints/SM_keySite/SM/hierarchical_SM_20260528T121542/analysis,0.2,1012,2012
BC07,1,29,1891,0.021802,0.024835,-0.91258,/root/autodl-tmp/over/STGNP/checkpoints/SM_keySite/SM/hierarchical_SM_20260528T121542/analysis,0.2,1012,2012
MS3488,5,30,16699,0.100487,0.112972,-0.371446,/root/autodl-tmp/over/STGNP/checkpoints/SM_keySite/SM/hierarchical_SM_20260528T123140/analysis,0.3,1011,3011
BC02,0,25,10543,0.074161,0.082993,0.489629,/root/autodl-tmp/over/STGNP/checkpoints/SM_keySite/SM/hierarchical_SM_20260528T123140/analysis,0.3,1011,3011
BC03,1,26,18459,0.064487,0.074364,0.627408,/root/autodl-tmp/over/STGNP/checkpoints/SM_keySite/SM/hierarchical_SM_20260528T123140/analysis,0.3,1011,3011
F3,4,29,18565,0.052573,0.068328,0.801572,/root/autodl-tmp/over/STGNP/checkpoints/SM_keySite/SM/hierarchical_SM_20260528T123140/analysis,0.3,1011,3011
P10,9,34,18558,0.046149,0.055165,0.831822,/root/autodl-tmp/over/STGNP/checkpoints/SM_keySite/SM/hierarchical_SM_20260528T123140/analysis,0.3,1011,3011
BC07,2,27,1891,0.043699,0.047925,-6.122078,/root/autodl-tmp/over/STGNP/checkpoints/SM_keySite/SM/hierarchical_SM_20260528T123140/analysis,0.3,1011,3011
MS3518,7,32,18601,0.042212,0.047822,0.845084,/root/autodl-tmp/over/STGNP/checkpoints/SM_keySite/SM/hierarchical_SM_20260528T123140/analysis,0.3,1011,3011
MS3513,6,31,18366,0.033112,0.043485,0.803474,/root/autodl-tmp/over/STGNP/checkpoints/SM_keySite/SM/hierarchical_SM_20260528T123140/analysis,0.3,1011,3011
MS3603,8,33,18624,0.027284,0.037534,0.789841,/root/autodl-tmp/over/STGNP/checkpoints/SM_keySite/SM/hierarchical_SM_20260528T123140/analysis,0.3,1011,3011
C1,3,28,18551,0.026289,0.033829,0.840005,/root/autodl-tmp/over/STGNP/checkpoints/SM_keySite/SM/hierarchical_SM_20260528T123140/analysis,0.3,1011,3011
BC08,1,26,18465,0.094252,0.10269,-1.764141,/root/autodl-tmp/over/STGNP/checkpoints/SM_keySite/SM/hierarchical_SM_20260528T124731/analysis,0.3,1012,3012
CD01,2,27,18497,0.092591,0.112446,0.268777,/root/autodl-tmp/over/STGNP/checkpoints/SM_keySite/SM/hierarchical_SM_20260528T124731/analysis,0.3,1012,3012
MS3614,6,31,18624,0.057017,0.062957,0.112598,/root/autodl-tmp/over/STGNP/checkpoints/SM_keySite/SM/hierarchical_SM_20260528T124731/analysis,0.3,1012,3012
P10,8,33,18558,0.045437,0.052647,0.846824,/root/autodl-tmp/over/STGNP/checkpoints/SM_keySite/SM/hierarchical_SM_20260528T124731/analysis,0.3,1012,3012
MS3518,4,29,18601,0.037757,0.043879,0.869578,/root/autodl-tmp/over/STGNP/checkpoints/SM_keySite/SM/hierarchical_SM_20260528T124731/analysis,0.3,1012,3012
MSNQRW,7,32,18639,0.03613,0.04278,0.72614,/root/autodl-tmp/over/STGNP/checkpoints/SM_keySite/SM/hierarchical_SM_20260528T124731/analysis,0.3,1012,3012
P2,9,34,13389,0.03505,0.042823,0.759263,/root/autodl-tmp/over/STGNP/checkpoints/SM_keySite/SM/hierarchical_SM_20260528T124731/analysis,0.3,1012,3012
MS3603,5,30,18624,0.033779,0.039806,0.763635,/root/autodl-tmp/over/STGNP/checkpoints/SM_keySite/SM/hierarchical_SM_20260528T124731/analysis,0.3,1012,3012
MS3501,3,28,1852,0.031925,0.036443,-5.630244,/root/autodl-tmp/over/STGNP/checkpoints/SM_keySite/SM/hierarchical_SM_20260528T124731/analysis,0.3,1012,3012
BC07,0,25,1891,0.0178,0.024263,-0.825434,/root/autodl-tmp/over/STGNP/checkpoints/SM_keySite/SM/hierarchical_SM_20260528T124731/analysis,0.3,1012,3012
MS3482,7,28,11271,0.144308,0.15558,-0.035678,/root/autodl-tmp/over/STGNP/checkpoints/SM_keySite/SM/hierarchical_SM_20260528T130344/analysis,0.4,1011,4011
BC02,0,21,10543,0.10713,0.121157,-0.087685,/root/autodl-tmp/over/STGNP/checkpoints/SM_keySite/SM/hierarchical_SM_20260528T130344/analysis,0.4,1011,4011
MS3527,9,30,14599,0.067618,0.086366,-0.360241,/root/autodl-tmp/over/STGNP/checkpoints/SM_keySite/SM/hierarchical_SM_20260528T130344/analysis,0.4,1011,4011
F3,5,26,18565,0.061,0.079593,0.730756,/root/autodl-tmp/over/STGNP/checkpoints/SM_keySite/SM/hierarchical_SM_20260528T130344/analysis,0.4,1011,4011
BC04,1,22,18063,0.060366,0.067194,0.748312,/root/autodl-tmp/over/STGNP/checkpoints/SM_keySite/SM/hierarchical_SM_20260528T130344/analysis,0.4,1011,4011
BC06,3,24,14678,0.050188,0.055147,-0.084469,/root/autodl-tmp/over/STGNP/checkpoints/SM_keySite/SM/hierarchical_SM_20260528T130344/analysis,0.4,1011,4011
P11,12,33,18559,0.048966,0.061055,0.756041,/root/autodl-tmp/over/STGNP/checkpoints/SM_keySite/SM/hierarchical_SM_20260528T130344/analysis,0.4,1011,4011
BC05,2,23,18459,0.043244,0.052276,0.486301,/root/autodl-tmp/over/STGNP/checkpoints/SM_keySite/SM/hierarchical_SM_20260528T130344/analysis,0.4,1011,4011
P2,13,34,13389,0.042137,0.046564,0.715374,/root/autodl-tmp/over/STGNP/checkpoints/SM_keySite/SM/hierarchical_SM_20260528T130344/analysis,0.4,1011,4011
P10,11,32,18558,0.040019,0.053561,0.841456,/root/autodl-tmp/over/STGNP/checkpoints/SM_keySite/SM/hierarchical_SM_20260528T130344/analysis,0.4,1011,4011
F4,6,27,18552,0.0293,0.041023,0.855205,/root/autodl-tmp/over/STGNP/checkpoints/SM_keySite/SM/hierarchical_SM_20260528T130344/analysis,0.4,1011,4011
MS3620,10,31,18623,0.023927,0.038985,0.708902,/root/autodl-tmp/over/STGNP/checkpoints/SM_keySite/SM/hierarchical_SM_20260528T130344/analysis,0.4,1011,4011
BC07,4,25,1891,0.023813,0.028397,-1.500523,/root/autodl-tmp/over/STGNP/checkpoints/SM_keySite/SM/hierarchical_SM_20260528T130344/analysis,0.4,1011,4011
MS3513,8,29,18366,0.021526,0.030142,0.905573,/root/autodl-tmp/over/STGNP/checkpoints/SM_keySite/SM/hierarchical_SM_20260528T130344/analysis,0.4,1011,4011
BC04,0,21,18063,0.070483,0.080165,0.641767,/root/autodl-tmp/over/STGNP/checkpoints/SM_keySite/SM/hierarchical_SM_20260528T131942/analysis,0.4,1012,4012
F3,6,27,18565,0.061845,0.085896,0.686418,/root/autodl-tmp/over/STGNP/checkpoints/SM_keySite/SM/hierarchical_SM_20260528T131942/analysis,0.4,1012,4012
CD03,5,26,325,0.05978,0.06073,-17.071851,/root/autodl-tmp/over/STGNP/checkpoints/SM_keySite/SM/hierarchical_SM_20260528T131942/analysis,0.4,1012,4012
C2,4,25,12996,0.058464,0.061387,0.671561,/root/autodl-tmp/over/STGNP/checkpoints/SM_keySite/SM/hierarchical_SM_20260528T131942/analysis,0.4,1012,4012
F4,7,28,18552,0.040698,0.050065,0.784342,/root/autodl-tmp/over/STGNP/checkpoints/SM_keySite/SM/hierarchical_SM_20260528T131942/analysis,0.4,1012,4012
BC06,2,23,14678,0.034199,0.041412,0.388443,/root/autodl-tmp/over/STGNP/checkpoints/SM_keySite/SM/hierarchical_SM_20260528T131942/analysis,0.4,1012,4012
MS3620,11,32,18623,0.032498,0.039187,0.705885,/root/autodl-tmp/over/STGNP/checkpoints/SM_keySite/SM/hierarchical_SM_20260528T131942/analysis,0.4,1012,4012
BC05,1,22,18459,0.031263,0.038177,0.726026,/root/autodl-tmp/over/STGNP/checkpoints/SM_keySite/SM/hierarchical_SM_20260528T131942/analysis,0.4,1012,4012
MSBJ,12,33,18621,0.031124,0.04041,0.686684,/root/autodl-tmp/over/STGNP/checkpoints/SM_keySite/SM/hierarchical_SM_20260528T131942/analysis,0.4,1012,4012
MS3614,10,31,18624,0.028167,0.038715,0.664413,/root/autodl-tmp/over/STGNP/checkpoints/SM_keySite/SM/hierarchical_SM_20260528T131942/analysis,0.4,1012,4012
MS3513,8,29,18366,0.022769,0.033023,0.886663,/root/autodl-tmp/over/STGNP/checkpoints/SM_keySite/SM/hierarchical_SM_20260528T131942/analysis,0.4,1012,4012
MS3523,9,30,18600,0.022281,0.03007,0.926273,/root/autodl-tmp/over/STGNP/checkpoints/SM_keySite/SM/hierarchical_SM_20260528T131942/analysis,0.4,1012,4012
BC07,3,24,1891,0.021598,0.029312,-1.66426,/root/autodl-tmp/over/STGNP/checkpoints/SM_keySite/SM/hierarchical_SM_20260528T131942/analysis,0.4,1012,4012
MSNQRW,13,34,18639,0.018174,0.024509,0.910118,/root/autodl-tmp/over/STGNP/checkpoints/SM_keySite/SM/hierarchical_SM_20260528T131942/analysis,0.4,1012,4012
MS3482,9,26,11271,0.13346,0.151417,0.019004,/root/autodl-tmp/over/STGNP/checkpoints/SM_keySite/SM/hierarchical_SM_20260528T133610/analysis,0.5,1011,5011
BC02,0,17,10543,0.12751,0.150186,-0.671337,/root/autodl-tmp/over/STGNP/checkpoints/SM_keySite/SM/hierarchical_SM_20260528T133610/analysis,0.5,1011,5011
MS3488,10,27,16699,0.09784,0.106214,-0.212275,/root/autodl-tmp/over/STGNP/checkpoints/SM_keySite/SM/hierarchical_SM_20260528T133610/analysis,0.5,1011,5011
MS3527,14,31,14599,0.090014,0.107229,-1.096812,/root/autodl-tmp/over/STGNP/checkpoints/SM_keySite/SM/hierarchical_SM_20260528T133610/analysis,0.5,1011,5011
CD03,6,23,325,0.089075,0.090535,-39.163054,/root/autodl-tmp/over/STGNP/checkpoints/SM_keySite/SM/hierarchical_SM_20260528T133610/analysis,0.5,1011,5011
BC04,1,18,18063,0.085284,0.104045,0.396545,/root/autodl-tmp/over/STGNP/checkpoints/SM_keySite/SM/hierarchical_SM_20260528T133610/analysis,0.5,1011,5011
P11,16,33,18559,0.071492,0.08283,0.551008,/root/autodl-tmp/over/STGNP/checkpoints/SM_keySite/SM/hierarchical_SM_20260528T133610/analysis,0.5,1011,5011
F3,7,24,18565,0.061724,0.072857,0.774396,/root/autodl-tmp/over/STGNP/checkpoints/SM_keySite/SM/hierarchical_SM_20260528T133610/analysis,0.5,1011,5011
F5,8,25,18552,0.057137,0.062408,0.674242,/root/autodl-tmp/over/STGNP/checkpoints/SM_keySite/SM/hierarchical_SM_20260528T133610/analysis,0.5,1011,5011
MS3523,13,30,18600,0.053073,0.060069,0.705781,/root/autodl-tmp/over/STGNP/checkpoints/SM_keySite/SM/hierarchical_SM_20260528T133610/analysis,0.5,1011,5011
BC06,3,20,14678,0.051883,0.058313,-0.212567,/root/autodl-tmp/over/STGNP/checkpoints/SM_keySite/SM/hierarchical_SM_20260528T133610/analysis,0.5,1011,5011
MS3518,12,29,18601,0.048031,0.056986,0.780019,/root/autodl-tmp/over/STGNP/checkpoints/SM_keySite/SM/hierarchical_SM_20260528T133610/analysis,0.5,1011,5011
MS3513,11,28,18366,0.041295,0.048631,0.754202,/root/autodl-tmp/over/STGNP/checkpoints/SM_keySite/SM/hierarchical_SM_20260528T133610/analysis,0.5,1011,5011
BC07,4,21,1891,0.038846,0.042815,-4.684301,/root/autodl-tmp/over/STGNP/checkpoints/SM_keySite/SM/hierarchical_SM_20260528T133610/analysis,0.5,1011,5011
BC05,2,19,18459,0.03476,0.045863,0.604602,/root/autodl-tmp/over/STGNP/checkpoints/SM_keySite/SM/hierarchical_SM_20260528T133610/analysis,0.5,1011,5011
MS3603,15,32,18624,0.032038,0.048452,0.649802,/root/autodl-tmp/over/STGNP/checkpoints/SM_keySite/SM/hierarchical_SM_20260528T133610/analysis,0.5,1011,5011
C2,5,22,12996,0.022353,0.029038,0.926511,/root/autodl-tmp/over/STGNP/checkpoints/SM_keySite/SM/hierarchical_SM_20260528T133610/analysis,0.5,1011,5011
P2,17,34,13389,0.01476,0.021284,0.940534,/root/autodl-tmp/over/STGNP/checkpoints/SM_keySite/SM/hierarchical_SM_20260528T133610/analysis,0.5,1011,5011
BC08,4,21,18465,0.109538,0.12143,-2.865038,/root/autodl-tmp/over/STGNP/checkpoints/SM_keySite/SM/hierarchical_SM_20260528T135210/analysis,0.5,1012,5012
BC02,0,17,10543,0.098936,0.125807,-0.172782,/root/autodl-tmp/over/STGNP/checkpoints/SM_keySite/SM/hierarchical_SM_20260528T135210/analysis,0.5,1012,5012
MS3488,10,27,16699,0.094571,0.101751,-0.112522,/root/autodl-tmp/over/STGNP/checkpoints/SM_keySite/SM/hierarchical_SM_20260528T135210/analysis,0.5,1012,5012
BC04,1,18,18063,0.080723,0.089623,0.552241,/root/autodl-tmp/over/STGNP/checkpoints/SM_keySite/SM/hierarchical_SM_20260528T135210/analysis,0.5,1012,5012
BC05,2,19,18459,0.07158,0.087691,-0.44552,/root/autodl-tmp/over/STGNP/checkpoints/SM_keySite/SM/hierarchical_SM_20260528T135210/analysis,0.5,1012,5012
P1,16,33,18545,0.055885,0.069071,-0.233203,/root/autodl-tmp/over/STGNP/checkpoints/SM_keySite/SM/hierarchical_SM_20260528T135210/analysis,0.5,1012,5012
MSNQRW,15,32,18639,0.055153,0.06453,0.376891,/root/autodl-tmp/over/STGNP/checkpoints/SM_keySite/SM/hierarchical_SM_20260528T135210/analysis,0.5,1012,5012
MS3523,13,30,18600,0.051529,0.057283,0.732436,/root/autodl-tmp/over/STGNP/checkpoints/SM_keySite/SM/hierarchical_SM_20260528T135210/analysis,0.5,1012,5012
MS3603,14,31,18624,0.048324,0.069083,0.288078,/root/autodl-tmp/over/STGNP/checkpoints/SM_keySite/SM/hierarchical_SM_20260528T135210/analysis,0.5,1012,5012
CD01,6,23,18497,0.048156,0.063377,0.767715,/root/autodl-tmp/over/STGNP/checkpoints/SM_keySite/SM/hierarchical_SM_20260528T135210/analysis,0.5,1012,5012
F5,9,26,18552,0.047276,0.053653,0.759234,/root/autodl-tmp/over/STGNP/checkpoints/SM_keySite/SM/hierarchical_SM_20260528T135210/analysis,0.5,1012,5012
F3,7,24,18565,0.043427,0.062305,0.835013,/root/autodl-tmp/over/STGNP/checkpoints/SM_keySite/SM/hierarchical_SM_20260528T135210/analysis,0.5,1012,5012
MS3494,11,28,18558,0.041037,0.058744,0.840979,/root/autodl-tmp/over/STGNP/checkpoints/SM_keySite/SM/hierarchical_SM_20260528T135210/analysis,0.5,1012,5012
MS3513,12,29,18366,0.040061,0.052589,0.712574,/root/autodl-tmp/over/STGNP/checkpoints/SM_keySite/SM/hierarchical_SM_20260528T135210/analysis,0.5,1012,5012
P2,17,34,13389,0.036837,0.040358,0.786182,/root/autodl-tmp/over/STGNP/checkpoints/SM_keySite/SM/hierarchical_SM_20260528T135210/analysis,0.5,1012,5012
BC06,3,20,14678,0.032564,0.045964,0.246625,/root/autodl-tmp/over/STGNP/checkpoints/SM_keySite/SM/hierarchical_SM_20260528T135210/analysis,0.5,1012,5012
C2,5,22,12996,0.029894,0.036731,0.882413,/root/autodl-tmp/over/STGNP/checkpoints/SM_keySite/SM/hierarchical_SM_20260528T135210/analysis,0.5,1012,5012
F4,8,25,18552,0.029827,0.041753,0.850005,/root/autodl-tmp/over/STGNP/checkpoints/SM_keySite/SM/hierarchical_SM_20260528T135210/analysis,0.5,1012,5012
BC02,0,14,10543,0.172483,0.17976,-1.39438,/root/autodl-tmp/over/STGNP/checkpoints/SM_keySite/SM/hierarchical_SM_20260528T140725/analysis,0.6,1011,6011
MS3576,15,29,14807,0.112031,0.115593,-3.809171,/root/autodl-tmp/over/STGNP/checkpoints/SM_keySite/SM/hierarchical_SM_20260528T140725/analysis,0.6,1011,6011
BC06,4,18,14678,0.09201,0.095517,-2.253363,/root/autodl-tmp/over/STGNP/checkpoints/SM_keySite/SM/hierarchical_SM_20260528T140725/analysis,0.6,1011,6011
BC07,5,19,1891,0.090357,0.094416,-26.643094,/root/autodl-tmp/over/STGNP/checkpoints/SM_keySite/SM/hierarchical_SM_20260528T140725/analysis,0.6,1011,6011
BC04,2,16,18063,0.089646,0.112308,0.296891,/root/autodl-tmp/over/STGNP/checkpoints/SM_keySite/SM/hierarchical_SM_20260528T140725/analysis,0.6,1011,6011
C2,6,20,12996,0.089462,0.091647,0.267957,/root/autodl-tmp/over/STGNP/checkpoints/SM_keySite/SM/hierarchical_SM_20260528T140725/analysis,0.6,1011,6011
P2,20,34,13389,0.088526,0.089847,-0.059719,/root/autodl-tmp/over/STGNP/checkpoints/SM_keySite/SM/hierarchical_SM_20260528T140725/analysis,0.6,1011,6011
MS3494,10,24,18558,0.07646,0.086785,0.652935,/root/autodl-tmp/over/STGNP/checkpoints/SM_keySite/SM/hierarchical_SM_20260528T140725/analysis,0.6,1011,6011
MS3533,14,28,18606,0.070519,0.079437,0.624283,/root/autodl-tmp/over/STGNP/checkpoints/SM_keySite/SM/hierarchical_SM_20260528T140725/analysis,0.6,1011,6011
F4,8,22,18552,0.069882,0.07608,0.501996,/root/autodl-tmp/over/STGNP/checkpoints/SM_keySite/SM/hierarchical_SM_20260528T140725/analysis,0.6,1011,6011
BC03,1,15,18459,0.0681,0.075912,0.611743,/root/autodl-tmp/over/STGNP/checkpoints/SM_keySite/SM/hierarchical_SM_20260528T140725/analysis,0.6,1011,6011
BC05,3,17,18459,0.067468,0.075274,-0.065126,/root/autodl-tmp/over/STGNP/checkpoints/SM_keySite/SM/hierarchical_SM_20260528T140725/analysis,0.6,1011,6011
CD03,7,21,325,0.064176,0.065615,-20.095933,/root/autodl-tmp/over/STGNP/checkpoints/SM_keySite/SM/hierarchical_SM_20260528T140725/analysis,0.6,1011,6011
P1,19,33,18545,0.060946,0.068375,-0.208475,/root/autodl-tmp/over/STGNP/checkpoints/SM_keySite/SM/hierarchical_SM_20260528T140725/analysis,0.6,1011,6011
MSNQRW,18,32,18639,0.043884,0.048264,0.65143,/root/autodl-tmp/over/STGNP/checkpoints/SM_keySite/SM/hierarchical_SM_20260528T140725/analysis,0.6,1011,6011
MS3513,11,25,18366,0.041267,0.048681,0.7537,/root/autodl-tmp/over/STGNP/checkpoints/SM_keySite/SM/hierarchical_SM_20260528T140725/analysis,0.6,1011,6011
MS3527,13,27,14599,0.040151,0.071193,0.075712,/root/autodl-tmp/over/STGNP/checkpoints/SM_keySite/SM/hierarchical_SM_20260528T140725/analysis,0.6,1011,6011
MSBJ,17,31,18621,0.0348,0.038674,0.713029,/root/autodl-tmp/over/STGNP/checkpoints/SM_keySite/SM/hierarchical_SM_20260528T140725/analysis,0.6,1011,6011
MS3627,16,30,18625,0.03194,0.044233,0.656261,/root/autodl-tmp/over/STGNP/checkpoints/SM_keySite/SM/hierarchical_SM_20260528T140725/analysis,0.6,1011,6011
F5,9,23,18552,0.028415,0.032425,0.912063,/root/autodl-tmp/over/STGNP/checkpoints/SM_keySite/SM/hierarchical_SM_20260528T140725/analysis,0.6,1011,6011
MS3523,12,26,18600,0.028164,0.033473,0.908641,/root/autodl-tmp/over/STGNP/checkpoints/SM_keySite/SM/hierarchical_SM_20260528T140725/analysis,0.6,1011,6011
MS3482,7,21,11271,0.169867,0.191613,-0.570978,/root/autodl-tmp/over/STGNP/checkpoints/SM_keySite/SM/hierarchical_SM_20260528T142312/analysis,0.6,1012,6012
BC02,0,14,10543,0.161112,0.168327,-1.099508,/root/autodl-tmp/over/STGNP/checkpoints/SM_keySite/SM/hierarchical_SM_20260528T142312/analysis,0.6,1012,6012
CD03,4,18,325,0.108384,0.109701,-57.968541,/root/autodl-tmp/over/STGNP/checkpoints/SM_keySite/SM/hierarchical_SM_20260528T142312/analysis,0.6,1012,6012
MS3501,9,23,1852,0.095859,0.097218,-46.183424,/root/autodl-tmp/over/STGNP/checkpoints/SM_keySite/SM/hierarchical_SM_20260528T142312/analysis,0.6,1012,6012
MS3620,15,29,18623,0.075696,0.078348,-0.175695,/root/autodl-tmp/over/STGNP/checkpoints/SM_keySite/SM/hierarchical_SM_20260528T142312/analysis,0.6,1012,6012
MS3614,14,28,18624,0.072968,0.079048,-0.399006,/root/autodl-tmp/over/STGNP/checkpoints/SM_keySite/SM/hierarchical_SM_20260528T142312/analysis,0.6,1012,6012
MS3494,8,22,18558,0.067337,0.080218,0.703468,/root/autodl-tmp/over/STGNP/checkpoints/SM_keySite/SM/hierarchical_SM_20260528T142312/analysis,0.6,1012,6012
F3,6,20,18565,0.066363,0.089279,0.661236,/root/autodl-tmp/over/STGNP/checkpoints/SM_keySite/SM/hierarchical_SM_20260528T142312/analysis,0.6,1012,6012
MS3627,16,30,18625,0.062965,0.067131,0.208268,/root/autodl-tmp/over/STGNP/checkpoints/SM_keySite/SM/hierarchical_SM_20260528T142312/analysis,0.6,1012,6012
P10,18,32,18558,0.061233,0.070573,0.724751,/root/autodl-tmp/over/STGNP/checkpoints/SM_keySite/SM/hierarchical_SM_20260528T142312/analysis,0.6,1012,6012
P11,19,33,18559,0.060487,0.066726,0.708621,/root/autodl-tmp/over/STGNP/checkpoints/SM_keySite/SM/hierarchical_SM_20260528T142312/analysis,0.6,1012,6012
MSBJ,17,31,18621,0.054797,0.064573,0.199972,/root/autodl-tmp/over/STGNP/checkpoints/SM_keySite/SM/hierarchical_SM_20260528T142312/analysis,0.6,1012,6012
C2,3,17,12996,0.054726,0.062322,0.66148,/root/autodl-tmp/over/STGNP/checkpoints/SM_keySite/SM/hierarchical_SM_20260528T142312/analysis,0.6,1012,6012
MS3533,11,25,18606,0.044484,0.055556,0.816228,/root/autodl-tmp/over/STGNP/checkpoints/SM_keySite/SM/hierarchical_SM_20260528T142312/analysis,0.6,1012,6012
MS3518,10,24,18601,0.044247,0.046891,0.851058,/root/autodl-tmp/over/STGNP/checkpoints/SM_keySite/SM/hierarchical_SM_20260528T142312/analysis,0.6,1012,6012
MS3603,13,27,18624,0.042256,0.050383,0.621333,/root/autodl-tmp/over/STGNP/checkpoints/SM_keySite/SM/hierarchical_SM_20260528T142312/analysis,0.6,1012,6012
BC05,1,15,18459,0.04225,0.051624,0.499031,/root/autodl-tmp/over/STGNP/checkpoints/SM_keySite/SM/hierarchical_SM_20260528T142312/analysis,0.6,1012,6012
MS3576,12,26,14807,0.041939,0.049807,0.107125,/root/autodl-tmp/over/STGNP/checkpoints/SM_keySite/SM/hierarchical_SM_20260528T142312/analysis,0.6,1012,6012
CD07,5,19,18501,0.039051,0.042516,0.861342,/root/autodl-tmp/over/STGNP/checkpoints/SM_keySite/SM/hierarchical_SM_20260528T142312/analysis,0.6,1012,6012
BC07,2,16,1891,0.036966,0.041883,-4.439525,/root/autodl-tmp/over/STGNP/checkpoints/SM_keySite/SM/hierarchical_SM_20260528T142312/analysis,0.6,1012,6012
P2,20,34,13389,0.034555,0.038477,0.805651,/root/autodl-tmp/over/STGNP/checkpoints/SM_keySite/SM/hierarchical_SM_20260528T142312/analysis,0.6,1012,6012
CD03,1,32,325,0.096992,0.099465,-47.477536,/root/autodl-tmp/over/STGNP/checkpoints/SM_keySite/SM/hierarchical_SM_20260528T152432/analysis,0.1,1013,1013
MS3488,2,33,16699,0.095453,0.102951,-0.138923,/root/autodl-tmp/over/STGNP/checkpoints/SM_keySite/SM/hierarchical_SM_20260528T152432/analysis,0.1,1013,1013
C1,0,31,18551,0.033626,0.038374,0.794118,/root/autodl-tmp/over/STGNP/checkpoints/SM_keySite/SM/hierarchical_SM_20260528T152432/analysis,0.1,1013,1013
MS3518,3,34,18601,0.025986,0.030073,0.938737,/root/autodl-tmp/over/STGNP/checkpoints/SM_keySite/SM/hierarchical_SM_20260528T152432/analysis,0.1,1013,1013
P2,6,34,13389,0.068667,0.070843,0.341172,/root/autodl-tmp/over/STGNP/checkpoints/SM_keySite/SM/hierarchical_SM_20260528T154109/analysis,0.2,1013,2013
BC04,1,29,18063,0.047728,0.054251,0.835937,/root/autodl-tmp/over/STGNP/checkpoints/SM_keySite/SM/hierarchical_SM_20260528T154109/analysis,0.2,1013,2013
MS3527,4,32,14599,0.040317,0.06635,0.197193,/root/autodl-tmp/over/STGNP/checkpoints/SM_keySite/SM/hierarchical_SM_20260528T154109/analysis,0.2,1013,2013
BC03,0,28,18459,0.036379,0.049235,0.836675,/root/autodl-tmp/over/STGNP/checkpoints/SM_keySite/SM/hierarchical_SM_20260528T154109/analysis,0.2,1013,2013
MSBJ,5,33,18621,0.030417,0.046118,0.59192,/root/autodl-tmp/over/STGNP/checkpoints/SM_keySite/SM/hierarchical_SM_20260528T154109/analysis,0.2,1013,2013
MS3513,3,31,18366,0.029919,0.038253,0.84792,/root/autodl-tmp/over/STGNP/checkpoints/SM_keySite/SM/hierarchical_SM_20260528T154109/analysis,0.2,1013,2013
BC07,2,30,1891,0.021217,0.024941,-0.928898,/root/autodl-tmp/over/STGNP/checkpoints/SM_keySite/SM/hierarchical_SM_20260528T154109/analysis,0.2,1013,2013
